{"type":"FeatureCollection","attribution":"© OpenStreetMap contributors (ODbL)","generated":"2026-08-17","features":[{"type":"Feature","properties":{"kind":"ramp","name":null,"ele_ft":null,"operator":null,"osm":"node/147641965"},"geometry":{"type":"Point","coordinates":[-95.066438,35.618661]}},{"type":"Feature","properties":{"kind":"ramp","name":null,"ele_ft":null,"operator":null,"osm":"node/148351592"},"geometry":{"type":"Point","coordinates":[-95.2367326,35.8709971]}},{"type":"Feature","properties":{"kind":"peak","name":"Anderson Mountain","ele_ft":804,"operator":null,"osm":"node/357385307"},"geometry":{"type":"Point","coordinates":[-94.9013391,35.5192606]}},{"type":"Feature","properties":{"kind":"peak","name":"Andes Mountain","ele_ft":823,"operator":null,"osm":"node/357385319"},"geometry":{"type":"Point","coordinates":[-94.8321703,35.5620369]}},{"type":"Feature","properties":{"kind":"peak","name":"Badger Mountain","ele_ft":873,"operator":null,"osm":"node/357385599"},"geometry":{"type":"Point","coordinates":[-94.830781,35.4864823]}},{"type":"Feature","properties":{"kind":"peak","name":"Bald Hill","ele_ft":948,"operator":null,"osm":"node/357385623"},"geometry":{"type":"Point","coordinates":[-94.9980113,35.8370377]}},{"type":"Feature","properties":{"kind":"peak","name":"Bald Hill","ele_ft":879,"operator":null,"osm":"node/357385624"},"geometry":{"type":"Point","coordinates":[-95.1713484,35.9100971]}},{"type":"Feature","properties":{"kind":"peak","name":"Baldridge Mountain","ele_ft":636,"operator":null,"osm":"node/357385668"},"geometry":{"type":"Point","coordinates":[-94.7313335,35.4500929]}},{"type":"Feature","properties":{"kind":"peak","name":"Beaver Mountain","ele_ft":1588,"operator":null,"osm":"node/357385857"},"geometry":{"type":"Point","coordinates":[-94.8074483,35.6792574]}},{"type":"Feature","properties":{"kind":"peak","name":"Biscuit Hill","ele_ft":797,"operator":null,"osm":"node/357386415"},"geometry":{"type":"Point","coordinates":[-95.1419035,35.8773186]}},{"type":"Feature","properties":{"kind":"peak","name":"Blackberry Hill","ele_ft":906,"operator":null,"osm":"node/357386464"},"geometry":{"type":"Point","coordinates":[-95.1407924,35.8667631]}},{"type":"Feature","properties":{"kind":"peak","name":"Blackgum Mountain","ele_ft":1106,"operator":null,"osm":"node/357386494"},"geometry":{"type":"Point","coordinates":[-94.9451168,35.6153624]}},{"type":"Feature","properties":{"kind":"peak","name":"Blair Mountain","ele_ft":1165,"operator":null,"osm":"node/357386521"},"geometry":{"type":"Point","coordinates":[-94.8607836,35.7059247]}},{"type":"Feature","properties":{"kind":"peak","name":"Blaylock Mountain","ele_ft":1457,"operator":null,"osm":"node/357386532"},"geometry":{"type":"Point","coordinates":[-94.8385602,35.6625915]}},{"type":"Feature","properties":{"kind":"peak","name":"Bob Warren Mountain","ele_ft":1106,"operator":null,"osm":"node/357386664"},"geometry":{"type":"Point","coordinates":[-95.0357898,35.8256498]}},{"type":"Feature","properties":{"kind":"peak","name":"Braggs Mountain","ele_ft":922,"operator":null,"osm":"node/357386912"},"geometry":{"type":"Point","coordinates":[-95.1921824,35.7570418]}},{"type":"Feature","properties":{"kind":"peak","name":"Brown Mountain","ele_ft":958,"operator":null,"osm":"node/357387128"},"geometry":{"type":"Point","coordinates":[-95.1060696,35.9225955]}},{"type":"Feature","properties":{"kind":"peak","name":"Buckhorn Mountain","ele_ft":1240,"operator":null,"osm":"node/357387355"},"geometry":{"type":"Point","coordinates":[-94.9435635,35.6609266]}},{"type":"Feature","properties":{"kind":"peak","name":"Bullet Hill","ele_ft":1001,"operator":null,"osm":"node/357387466"},"geometry":{"type":"Point","coordinates":[-94.9791204,35.6998159]}},{"type":"Feature","properties":{"kind":"peak","name":"Bunch Mountain","ele_ft":1542,"operator":null,"osm":"node/357387480"},"geometry":{"type":"Point","coordinates":[-94.7966151,35.726201]}},{"type":"Feature","properties":{"kind":"peak","name":"Cactus Hill","ele_ft":866,"operator":null,"osm":"node/357387724"},"geometry":{"type":"Point","coordinates":[-95.1146809,35.9292624]}},{"type":"Feature","properties":{"kind":"peak","name":"Canoe Mountain","ele_ft":984,"operator":null,"osm":"node/357387939"},"geometry":{"type":"Point","coordinates":[-94.9652312,35.7295377]}},{"type":"Feature","properties":{"kind":"peak","name":"Chuculate Mountain","ele_ft":1040,"operator":null,"osm":"node/357389037"},"geometry":{"type":"Point","coordinates":[-94.937174,35.578705]}},{"type":"Feature","properties":{"kind":"peak","name":"Coon Mountain","ele_ft":1407,"operator":null,"osm":"node/357389563"},"geometry":{"type":"Point","coordinates":[-94.7213362,35.8203653]}},{"type":"Feature","properties":{"kind":"peak","name":"Cowhead Mountain","ele_ft":1211,"operator":null,"osm":"node/357389778"},"geometry":{"type":"Point","coordinates":[-94.8785609,35.5809263]}},{"type":"Feature","properties":{"kind":"peak","name":"Crossland Hill","ele_ft":1033,"operator":null,"osm":"node/357389899"},"geometry":{"type":"Point","coordinates":[-95.1121802,35.7789848]}},{"type":"Feature","properties":{"kind":"peak","name":"Devils Peak","ele_ft":768,"operator":null,"osm":"node/357390448"},"geometry":{"type":"Point","coordinates":[-95.2449619,35.7445427]}},{"type":"Feature","properties":{"kind":"peak","name":"Eldon Mountain","ele_ft":1007,"operator":null,"osm":"node/357391467"},"geometry":{"type":"Point","coordinates":[-94.8485637,35.9270338]}},{"type":"Feature","properties":{"kind":"peak","name":"Fire Tower Hill","ele_ft":791,"operator":null,"osm":"node/357392552"},"geometry":{"type":"Point","coordinates":[-95.1246807,35.6992629]}},{"type":"Feature","properties":{"kind":"peak","name":"Fourteen Mile Hills","ele_ft":748,"operator":null,"osm":"node/357392839"},"geometry":{"type":"Point","coordinates":[-95.219127,35.9023205]}},{"type":"Feature","properties":{"kind":"peak","name":"Gittin Down Mountain","ele_ft":1506,"operator":null,"osm":"node/357393253"},"geometry":{"type":"Point","coordinates":[-94.740225,35.7650883]}},{"type":"Feature","properties":{"kind":"peak","name":"Gordon Mountain","ele_ft":919,"operator":null,"osm":"node/357393417"},"geometry":{"type":"Point","coordinates":[-94.9743981,35.7214824]}},{"type":"Feature","properties":{"kind":"peak","name":"Grapevine Mountain","ele_ft":853,"operator":null,"osm":"node/357393576"},"geometry":{"type":"Point","coordinates":[-94.8307813,35.5439816]}},{"type":"Feature","properties":{"kind":"peak","name":"Grapevine Mountain","ele_ft":988,"operator":null,"osm":"node/357393580"},"geometry":{"type":"Point","coordinates":[-95.064401,35.7098174]}},{"type":"Feature","properties":{"kind":"peak","name":"Griffin Mountain","ele_ft":853,"operator":null,"osm":"node/357393751"},"geometry":{"type":"Point","coordinates":[-94.9396748,35.7303706]}},{"type":"Feature","properties":{"kind":"peak","name":"Gritts Hill","ele_ft":630,"operator":null,"osm":"node/357393766"},"geometry":{"type":"Point","coordinates":[-95.156628,35.4731521]}},{"type":"Feature","properties":{"kind":"peak","name":"Hastings Mountain","ele_ft":748,"operator":null,"osm":"node/357394270"},"geometry":{"type":"Point","coordinates":[-94.8430037,35.5228709]}},{"type":"Feature","properties":{"kind":"peak","name":"Hawkins Mountain","ele_ft":1043,"operator":null,"osm":"node/357394296"},"geometry":{"type":"Point","coordinates":[-95.0213458,35.8942602]}},{"type":"Feature","properties":{"kind":"peak","name":"Hicks Hill","ele_ft":823,"operator":null,"osm":"node/357394588"},"geometry":{"type":"Point","coordinates":[-95.1505148,35.8984299]}},{"type":"Feature","properties":{"kind":"peak","name":"Hungry Mountain","ele_ft":1430,"operator":null,"osm":"node/357395141"},"geometry":{"type":"Point","coordinates":[-94.7688373,35.7886999]}},{"type":"Feature","properties":{"kind":"peak","name":"Jackson Mountain","ele_ft":1394,"operator":null,"osm":"node/357395499"},"geometry":{"type":"Point","coordinates":[-94.780782,35.7775891]}},{"type":"Feature","properties":{"kind":"peak","name":"Jackson Mountain","ele_ft":1404,"operator":null,"osm":"node/357395505"},"geometry":{"type":"Point","coordinates":[-94.8602274,35.6409254]}},{"type":"Feature","properties":{"kind":"peak","name":"Johnny Iron Hill","ele_ft":863,"operator":null,"osm":"node/357395740"},"geometry":{"type":"Point","coordinates":[-95.1724596,35.8884304]}},{"type":"Feature","properties":{"kind":"peak","name":"King Mountain","ele_ft":932,"operator":null,"osm":"node/357396144"},"geometry":{"type":"Point","coordinates":[-94.9349538,35.8373141]}},{"type":"Feature","properties":{"kind":"peak","name":"Kolpin Mountain","ele_ft":1024,"operator":null,"osm":"node/357396274"},"geometry":{"type":"Point","coordinates":[-95.0502351,35.8864831]}},{"type":"Feature","properties":{"kind":"peak","name":"Leathers Mountain","ele_ft":902,"operator":null,"osm":"node/357396528"},"geometry":{"type":"Point","coordinates":[-94.8657827,35.5673151]}},{"type":"Feature","properties":{"kind":"peak","name":"Levi Mountain","ele_ft":1066,"operator":null,"osm":"node/357396625"},"geometry":{"type":"Point","coordinates":[-94.9821761,35.7314825]}},{"type":"Feature","properties":{"kind":"peak","name":"Limestone Hill","ele_ft":1066,"operator":null,"osm":"node/357396765"},"geometry":{"type":"Point","coordinates":[-94.909396,35.6775926]}},{"type":"Feature","properties":{"kind":"peak","name":"Limestone Hill","ele_ft":906,"operator":null,"osm":"node/357396768"},"geometry":{"type":"Point","coordinates":[-95.1469036,35.9145409]}},{"type":"Feature","properties":{"kind":"peak","name":"Linder Mountain","ele_ft":794,"operator":null,"osm":"node/357396887"},"geometry":{"type":"Point","coordinates":[-95.0599564,35.600651]}},{"type":"Feature","properties":{"kind":"peak","name":"Little Round Mountain","ele_ft":886,"operator":null,"osm":"node/357397048"},"geometry":{"type":"Point","coordinates":[-94.8682828,35.5759262]}},{"type":"Feature","properties":{"kind":"peak","name":"Little Round Mountain","ele_ft":1450,"operator":null,"osm":"node/357397050"},"geometry":{"type":"Point","coordinates":[-94.7907812,35.6775904]}},{"type":"Feature","properties":{"kind":"peak","name":"Lizzard Mountain","ele_ft":889,"operator":null,"osm":"node/357397076"},"geometry":{"type":"Point","coordinates":[-94.8946721,35.5084272]}},{"type":"Feature","properties":{"kind":"peak","name":"Lone Pine Mountain","ele_ft":735,"operator":null,"osm":"node/357397185"},"geometry":{"type":"Point","coordinates":[-94.7466113,35.485648]}},{"type":"Feature","properties":{"kind":"peak","name":"Lyons Mountain","ele_ft":1161,"operator":null,"osm":"node/357397538"},"geometry":{"type":"Point","coordinates":[-94.7352245,35.7336997]}},{"type":"Feature","properties":{"kind":"peak","name":"Mahaney Mountain","ele_ft":942,"operator":null,"osm":"node/357397611"},"geometry":{"type":"Point","coordinates":[-94.9099524,35.7831474]}},{"type":"Feature","properties":{"kind":"peak","name":"Maxwell Mountain","ele_ft":1201,"operator":null,"osm":"node/357397863"},"geometry":{"type":"Point","coordinates":[-94.7346682,35.6687006]}},{"type":"Feature","properties":{"kind":"peak","name":"Morrison Mountain","ele_ft":1043,"operator":null,"osm":"node/357398807"},"geometry":{"type":"Point","coordinates":[-95.0296791,35.8828715]}},{"type":"Feature","properties":{"kind":"peak","name":"Negro Hill","ele_ft":840,"operator":null,"osm":"node/357399410"},"geometry":{"type":"Point","coordinates":[-95.1266255,35.9089849]}},{"type":"Feature","properties":{"kind":"peak","name":"Negro Mountain","ele_ft":732,"operator":null,"osm":"node/357399422"},"geometry":{"type":"Point","coordinates":[-94.83217,35.5289818]}},{"type":"Feature","properties":{"kind":"peak","name":"Owl Mountain","ele_ft":1010,"operator":null,"osm":"node/357400670"},"geometry":{"type":"Point","coordinates":[-94.8243938,35.7350904]}},{"type":"Feature","properties":{"kind":"peak","name":"Pack Mountain","ele_ft":1381,"operator":null,"osm":"node/357400683"},"geometry":{"type":"Point","coordinates":[-94.9166182,35.6395374]}},{"type":"Feature","properties":{"kind":"peak","name":"Park Hill Mountain","ele_ft":1017,"operator":null,"osm":"node/357400807"},"geometry":{"type":"Point","coordinates":[-94.9663435,35.8292593]}},{"type":"Feature","properties":{"kind":"peak","name":"Peckerwood Hill","ele_ft":942,"operator":null,"osm":"node/357401639"},"geometry":{"type":"Point","coordinates":[-95.1880154,35.9123198]}},{"type":"Feature","properties":{"kind":"peak","name":"Pettit Mountain","ele_ft":928,"operator":null,"osm":"node/357401727"},"geometry":{"type":"Point","coordinates":[-94.9452309,35.7648148]}},{"type":"Feature","properties":{"kind":"peak","name":"Potato Knob","ele_ft":758,"operator":null,"osm":"node/357402511"},"geometry":{"type":"Point","coordinates":[-94.9891203,35.4695397]}},{"type":"Feature","properties":{"kind":"peak","name":"Quarry Mountain","ele_ft":1388,"operator":null,"osm":"node/357402754"},"geometry":{"type":"Point","coordinates":[-94.8407821,35.6070365]}},{"type":"Feature","properties":{"kind":"peak","name":"Rabbit Hill","ele_ft":696,"operator":null,"osm":"node/357402792"},"geometry":{"type":"Point","coordinates":[-95.2207975,35.4912081]}},{"type":"Feature","properties":{"kind":"peak","name":"Red Berry Mountain","ele_ft":1030,"operator":null,"osm":"node/357402892"},"geometry":{"type":"Point","coordinates":[-95.1069024,35.7942624]}},{"type":"Feature","properties":{"kind":"peak","name":"Red Springs Mountain","ele_ft":1463,"operator":null,"osm":"node/357402971"},"geometry":{"type":"Point","coordinates":[-94.8549496,35.6606474]}},{"type":"Feature","properties":{"kind":"peak","name":"Ryder Mountain","ele_ft":1007,"operator":null,"osm":"node/357403150"},"geometry":{"type":"Point","coordinates":[-95.0596789,35.7978726]}},{"type":"Feature","properties":{"kind":"peak","name":"Round Mountain","ele_ft":732,"operator":null,"osm":"node/357403736"},"geometry":{"type":"Point","coordinates":[-95.0435669,35.4948178]}},{"type":"Feature","properties":{"kind":"peak","name":"Round Mountain","ele_ft":1037,"operator":null,"osm":"node/357403745"},"geometry":{"type":"Point","coordinates":[-94.7846687,35.5689806]}},{"type":"Feature","properties":{"kind":"peak","name":"Round Mountain","ele_ft":636,"operator":null,"osm":"node/357403754"},"geometry":{"type":"Point","coordinates":[-95.1074586,35.531485]}},{"type":"Feature","properties":{"kind":"peak","name":"Round Mountain","ele_ft":1155,"operator":null,"osm":"node/357403757"},"geometry":{"type":"Point","coordinates":[-94.8791166,35.5898151]}},{"type":"Feature","properties":{"kind":"peak","name":"Round Mountain","ele_ft":951,"operator":null,"osm":"node/357403760"},"geometry":{"type":"Point","coordinates":[-95.0185659,35.5956505]}},{"type":"Feature","properties":{"kind":"peak","name":"Round Top Mountain","ele_ft":837,"operator":null,"osm":"node/357403778"},"geometry":{"type":"Point","coordinates":[-95.0891239,35.7250955]}},{"type":"Feature","properties":{"kind":"peak","name":"Runnels Mountain","ele_ft":945,"operator":null,"osm":"node/357403807"},"geometry":{"type":"Point","coordinates":[-95.1327366,35.8717629]}},{"type":"Feature","properties":{"kind":"peak","name":"Salt Spring Mountain","ele_ft":676,"operator":null,"osm":"node/357404206"},"geometry":{"type":"Point","coordinates":[-95.2121856,35.5212081]}},{"type":"Feature","properties":{"kind":"peak","name":"Sanders Mountain","ele_ft":1470,"operator":null,"osm":"node/357404268"},"geometry":{"type":"Point","coordinates":[-94.7755037,35.7517559]}},{"type":"Feature","properties":{"kind":"peak","name":"Sausbee Mountain","ele_ft":768,"operator":null,"osm":"node/357404329"},"geometry":{"type":"Point","coordinates":[-95.1244038,35.5506518]}},{"type":"Feature","properties":{"kind":"peak","name":"Schoolhouse Mountain","ele_ft":791,"operator":null,"osm":"node/357404361"},"geometry":{"type":"Point","coordinates":[-94.8613378,35.5364821]}},{"type":"Feature","properties":{"kind":"peak","name":"Sellers Mountain","ele_ft":1109,"operator":null,"osm":"node/357404488"},"geometry":{"type":"Point","coordinates":[-95.0132882,35.7239831]}},{"type":"Feature","properties":{"kind":"peak","name":"Short Mountain","ele_ft":1066,"operator":null,"osm":"node/357404780"},"geometry":{"type":"Point","coordinates":[-94.9460645,35.7806481]}},{"type":"Feature","properties":{"kind":"peak","name":"Short Mountain","ele_ft":925,"operator":null,"osm":"node/357404783"},"geometry":{"type":"Point","coordinates":[-95.1341256,35.8814851]}},{"type":"Feature","properties":{"kind":"peak","name":"Spade Mountain","ele_ft":1289,"operator":null,"osm":"node/357405135"},"geometry":{"type":"Point","coordinates":[-94.7232814,35.8756427]}},{"type":"Feature","properties":{"kind":"peak","name":"Spurlop Mountain","ele_ft":899,"operator":null,"osm":"node/357405417"},"geometry":{"type":"Point","coordinates":[-95.1666262,35.8373192]}},{"type":"Feature","properties":{"kind":"peak","name":"Stick Ross Mountain","ele_ft":961,"operator":null,"osm":"node/357405549"},"geometry":{"type":"Point","coordinates":[-95.0096788,35.8828711]}},{"type":"Feature","properties":{"kind":"peak","name":"Sugar Mountain","ele_ft":1224,"operator":null,"osm":"node/357405698"},"geometry":{"type":"Point","coordinates":[-94.8657853,35.8414793]}},{"type":"Feature","properties":{"kind":"peak","name":"Sugar Mountain","ele_ft":1043,"operator":null,"osm":"node/357405702"},"geometry":{"type":"Point","coordinates":[-95.0966249,35.8809286]}},{"type":"Feature","properties":{"kind":"peak","name":"Thompson Mountain","ele_ft":981,"operator":null,"osm":"node/357406426"},"geometry":{"type":"Point","coordinates":[-95.036624,35.9045382]}},{"type":"Feature","properties":{"kind":"peak","name":"Ussery Mountain","ele_ft":1296,"operator":null,"osm":"node/357407163"},"geometry":{"type":"Point","coordinates":[-94.8666163,35.6062036]}},{"type":"Feature","properties":{"kind":"peak","name":"Waford Mountain","ele_ft":886,"operator":null,"osm":"node/357407387"},"geometry":{"type":"Point","coordinates":[-95.1280145,35.922596]}},{"type":"Feature","properties":{"kind":"peak","name":"Warner Mountain","ele_ft":787,"operator":null,"osm":"node/357407605"},"geometry":{"type":"Point","coordinates":[-95.2752439,35.5414865]}},{"type":"Feature","properties":{"kind":"peak","name":"Wildhorse Mountain","ele_ft":1020,"operator":null,"osm":"node/357408509"},"geometry":{"type":"Point","coordinates":[-94.9910652,35.7089828]}},{"type":"Feature","properties":{"kind":"peak","name":"Wolf Mountain","ele_ft":853,"operator":null,"osm":"node/357408939"},"geometry":{"type":"Point","coordinates":[-94.9124505,35.497872]}},{"type":"Feature","properties":{"kind":"ramp","name":null,"ele_ft":null,"operator":null,"osm":"node/1535624821"},"geometry":{"type":"Point","coordinates":[-95.228836,35.8640194]}},{"type":"Feature","properties":{"kind":"ramp","name":null,"ele_ft":null,"operator":null,"osm":"node/1573145467"},"geometry":{"type":"Point","coordinates":[-95.2211317,35.9181954]}},{"type":"Feature","properties":{"kind":"ramp","name":null,"ele_ft":null,"operator":null,"osm":"node/1573145882"},"geometry":{"type":"Point","coordinates":[-95.2099012,35.9197098]}},{"type":"Feature","properties":{"kind":"ramp","name":null,"ele_ft":null,"operator":null,"osm":"node/1578456853"},"geometry":{"type":"Point","coordinates":[-95.2397683,35.8892374]}},{"type":"Feature","properties":{"kind":"ramp","name":null,"ele_ft":null,"operator":null,"osm":"node/1578456854"},"geometry":{"type":"Point","coordinates":[-95.238575,35.903997]}},{"type":"Feature","properties":{"kind":"ramp","name":null,"ele_ft":null,"operator":null,"osm":"node/1578456858"},"geometry":{"type":"Point","coordinates":[-95.2368662,35.9133541]}},{"type":"Feature","properties":{"kind":"ramp","name":null,"ele_ft":null,"operator":null,"osm":"node/1578456863"},"geometry":{"type":"Point","coordinates":[-95.236933,35.9135201]}},{"type":"Feature","properties":{"kind":"ramp","name":null,"ele_ft":null,"operator":null,"osm":"node/1578456869"},"geometry":{"type":"Point","coordinates":[-95.23707,35.913826]}},{"type":"Feature","properties":{"kind":"ramp","name":null,"ele_ft":null,"operator":null,"osm":"node/2839772380"},"geometry":{"type":"Point","coordinates":[-95.2623845,35.5952373]}},{"type":"Feature","properties":{"kind":"ramp","name":null,"ele_ft":null,"operator":null,"osm":"node/2839775621"},"geometry":{"type":"Point","coordinates":[-95.2702943,35.6001488]}},{"type":"Feature","properties":{"kind":"ramp","name":null,"ele_ft":null,"operator":null,"osm":"node/4543548527"},"geometry":{"type":"Point","coordinates":[-95.2781473,35.8794966]}},{"type":"Feature","properties":{"kind":"ramp","name":null,"ele_ft":null,"operator":null,"osm":"node/6475701103"},"geometry":{"type":"Point","coordinates":[-95.1799469,35.5738926]}},{"type":"Feature","properties":{"kind":"ramp","name":null,"ele_ft":null,"operator":null,"osm":"node/7149330154"},"geometry":{"type":"Point","coordinates":[-95.270244,35.8856311]}},{"type":"Feature","properties":{"kind":"ramp","name":null,"ele_ft":null,"operator":null,"osm":"node/7149330156"},"geometry":{"type":"Point","coordinates":[-95.2714162,35.8892474]}},{"type":"Feature","properties":{"kind":"ramp","name":null,"ele_ft":null,"operator":null,"osm":"node/7149330157"},"geometry":{"type":"Point","coordinates":[-95.2729345,35.8888162]}},{"type":"Feature","properties":{"kind":"ramp","name":null,"ele_ft":null,"operator":null,"osm":"node/10927147383"},"geometry":{"type":"Point","coordinates":[-95.2177471,35.8750048]}},{"type":"Feature","properties":{"kind":"ramp","name":"Stoney Point Boat Ramp","ele_ft":null,"operator":null,"osm":"node/11133073699"},"geometry":{"type":"Point","coordinates":[-95.0259635,35.4568607]}},{"type":"Feature","properties":{"kind":"ramp","name":"Sizemore Landing Boat Launch","ele_ft":null,"operator":null,"osm":"node/11139793415"},"geometry":{"type":"Point","coordinates":[-94.968333,35.7239653]}},{"type":"Feature","properties":{"kind":"ramp","name":null,"ele_ft":null,"operator":null,"osm":"node/11352319087"},"geometry":{"type":"Point","coordinates":[-95.1771139,35.6150546]}},{"type":"Feature","properties":{"kind":"campground","name":"Lake Cullum","ele_ft":null,"operator":null,"osm":"node/11762033209"},"geometry":{"type":"Point","coordinates":[-94.8786822,35.656496]}},{"type":"Feature","properties":{"kind":"campground","name":null,"ele_ft":null,"operator":null,"osm":"node/11762033210"},"geometry":{"type":"Point","coordinates":[-94.8754224,35.6701244]}},{"type":"Feature","properties":{"kind":"campground","name":null,"ele_ft":null,"operator":null,"osm":"node/11762033211"},"geometry":{"type":"Point","coordinates":[-94.8455324,35.6588978]}},{"type":"Feature","properties":{"kind":"campground","name":null,"ele_ft":null,"operator":null,"osm":"node/11762033212"},"geometry":{"type":"Point","coordinates":[-94.9175986,35.6671895]}},{"type":"Feature","properties":{"kind":"ramp","name":null,"ele_ft":null,"operator":null,"osm":"node/12398369534"},"geometry":{"type":"Point","coordinates":[-95.2647915,35.8020184]}},{"type":"Feature","properties":{"kind":"ramp","name":null,"ele_ft":null,"operator":null,"osm":"node/13131207876"},"geometry":{"type":"Point","coordinates":[-95.2725851,35.8794457]}},{"type":"Feature","properties":{"kind":"ramp","name":null,"ele_ft":null,"operator":null,"osm":"way/14895705"},"geometry":{"type":"LineString","coordinates":[[-95.1801003,35.5742018],[-95.180077,35.574139],[-95.1799469,35.5738926]]}},{"type":"Feature","properties":{"kind":"reserve","name":"Sequoyah National Wildlife Refuge Headquarters","ele_ft":null,"operator":"United States Fish and Wildlife Service","osm":"way/188162952"},"geometry":{"type":"Polygon","coordinates":[[[-94.9726714,35.4473795],[-94.9723413,35.447219],[-94.9723922,35.4471495],[-94.9726256,35.4472629],[-94.9726817,35.4471863],[-94.972763,35.4472258],[-94.9727069,35.4473024],[-94.9727224,35.44731],[-94.9726714,35.4473795]]]}},{"type":"Feature","properties":{"kind":"park","name":"Gruber Off-road Vehicle County Park","ele_ft":null,"operator":null,"osm":"way/209254194"},"geometry":{"type":"Polygon","coordinates":[[[-95.2160029,35.705892],[-95.2160164,35.7111293],[-95.2208551,35.7110727],[-95.2199968,35.7139126],[-95.219396,35.715951],[-95.2189132,35.717397],[-95.2182935,35.7188928],[-95.2082916,35.7187463],[-95.2082916,35.7128925],[-95.2038606,35.712896],[-95.2042039,35.7118855],[-95.2043413,35.7111851],[-95.2044271,35.7104185],[-95.2041696,35.7092337],[-95.2037073,35.7085512],[-95.2082809,35.7083312],[-95.2083667,35.7060661],[-95.2160029,35.705892]]]}},{"type":"Feature","properties":{"kind":"park","name":"Fort Gibson State Historic Site","ele_ft":null,"operator":null,"osm":"way/210573312"},"geometry":{"type":"Polygon","coordinates":[[[-95.2574133,35.80329],[-95.2561132,35.8045232],[-95.2572366,35.8053539],[-95.2573881,35.8053974],[-95.2576751,35.8054799],[-95.2577662,35.8052584],[-95.2580696,35.8047496],[-95.2581164,35.8045795],[-95.2581057,35.803953],[-95.2581098,35.8038774],[-95.2580502,35.803775],[-95.2579516,35.8037266],[-95.2578526,35.8035755],[-95.2574133,35.80329]]]}},{"type":"Feature","properties":{"kind":"park","name":null,"ele_ft":null,"operator":null,"osm":"way/421559779"},"geometry":{"type":"Polygon","coordinates":[[[-95.2619814,35.8058185],[-95.2621032,35.8055227],[-95.2624822,35.8046212],[-95.2637298,35.8027856],[-95.2647915,35.8020184],[-95.2651199,35.801781],[-95.2668397,35.8011812],[-95.2672614,35.8018314],[-95.2642819,35.8033161],[-95.263372,35.8043367],[-95.2635095,35.8049918],[-95.2627105,35.8063535],[-95.2619814,35.8058185]]]}},{"type":"Feature","properties":{"kind":"park","name":null,"ele_ft":null,"operator":null,"osm":"way/421559785"},"geometry":{"type":"Polygon","coordinates":[[[-95.2476279,35.7936283],[-95.2474177,35.7933039],[-95.2473329,35.7932487],[-95.2472497,35.793215],[-95.2472618,35.7940863],[-95.2473014,35.7941064],[-95.2473429,35.7940955],[-95.2473724,35.7940765],[-95.2473785,35.7940629],[-95.2473701,35.7940282],[-95.2475626,35.7939579],[-95.2477001,35.7939078],[-95.2477198,35.7939258],[-95.2477453,35.793922],[-95.247762,35.793909],[-95.2477788,35.7938856],[-95.2477781,35.7938589],[-95.2476279,35.7936283]]]}},{"type":"Feature","properties":{"kind":"park","name":null,"ele_ft":null,"operator":null,"osm":"way/421567155"},"geometry":{"type":"Polygon","coordinates":[[[-95.2503054,35.7974054],[-95.2501586,35.7971804],[-95.25056,35.797008],[-95.2505866,35.7969966],[-95.2507335,35.7972216],[-95.2503054,35.7974054]]]}},{"type":"Feature","properties":{"kind":"park","name":"Norris Park","ele_ft":null,"operator":null,"osm":"way/469811184"},"geometry":{"type":"Polygon","coordinates":[[[-94.9691974,35.9167815],[-94.9686382,35.916613],[-94.9680846,35.9164408],[-94.9679136,35.9167932],[-94.96784,35.9169313],[-94.9683251,35.9170985],[-94.9683644,35.9172099],[-94.9688812,35.9174283],[-94.9689431,35.9173005],[-94.9691974,35.9167815]]]}},{"type":"Feature","properties":{"kind":"park","name":"Lions Club Walking Trail","ele_ft":null,"operator":null,"osm":"way/475950885"},"geometry":{"type":"Polygon","coordinates":[[[-94.7670499,35.4593941],[-94.7678867,35.4591691],[-94.7680959,35.4591144],[-94.7682005,35.4589484],[-94.7682044,35.4589009],[-94.7682059,35.4588829],[-94.7681361,35.4588326],[-94.7675809,35.4586862],[-94.76731,35.4586447],[-94.767133,35.4585814],[-94.7667146,35.4581815],[-94.7666582,35.4581641],[-94.7665858,35.4581815],[-94.7664222,35.4582427],[-94.7661755,35.4582296],[-94.7660655,35.458175],[-94.7659233,35.458081],[-94.7657624,35.4579325],[-94.7656846,35.4578036],[-94.7655156,35.4577555],[-94.7655934,35.4585704],[-94.766508,35.4587015],[-94.7667736,35.4587583],[-94.7668755,35.4588457],[-94.7670499,35.4593941]]]}},{"type":"Feature","properties":{"kind":"park","name":"Fort Gibson Splash Pad and Skate Park","ele_ft":null,"operator":null,"osm":"way/507581695"},"geometry":{"type":"Polygon","coordinates":[[[-95.2515314,35.7959729],[-95.2509397,35.7962189],[-95.2507533,35.7959241],[-95.2502867,35.7952508],[-95.250624,35.7950898],[-95.2507581,35.7949995],[-95.2508426,35.7949223],[-95.2509116,35.7950026],[-95.251345,35.795678],[-95.2515314,35.7959729]]]}},{"type":"Feature","properties":{"kind":"reserve","name":"Cherokee Nation Courthouse","ele_ft":null,"operator":null,"osm":"way/543997512"},"geometry":{"type":"Polygon","coordinates":[[[-94.9706228,35.9126987],[-94.9706881,35.9125564],[-94.9704528,35.9124856],[-94.9703876,35.9126279],[-94.9706228,35.9126987]]]}},{"type":"Feature","properties":{"kind":"park","name":"Felts Park","ele_ft":null,"operator":null,"osm":"way/543997514"},"geometry":{"type":"Polygon","coordinates":[[[-94.9720902,35.901558],[-94.9714341,35.9016052],[-94.9717073,35.9018909],[-94.9718194,35.9020611],[-94.9718684,35.9022616],[-94.9718731,35.9023524],[-94.9722093,35.9023656],[-94.9720902,35.901558]]]}},{"type":"Feature","properties":{"kind":"park","name":"Ross Park","ele_ft":null,"operator":null,"osm":"way/543997516"},"geometry":{"type":"Polygon","coordinates":[[[-94.9714683,35.9088804],[-94.9718089,35.908157],[-94.9715809,35.9080484],[-94.9713207,35.9083286],[-94.9709828,35.9085872],[-94.9708809,35.9086893],[-94.9714683,35.9088804]]]}},{"type":"Feature","properties":{"kind":"park","name":"Jay Reynolds Park","ele_ft":null,"operator":null,"osm":"way/544187529"},"geometry":{"type":"Polygon","coordinates":[[[-94.787837,35.4503575],[-94.7900847,35.4513932],[-94.7922641,35.4527308],[-94.7922885,35.4513954],[-94.7927356,35.4514009],[-94.7927459,35.450836],[-94.7922988,35.4508306],[-94.79193,35.4507749],[-94.7910503,35.4504821],[-94.7909886,35.4504187],[-94.790943,35.4503444],[-94.7909322,35.4501849],[-94.7905862,35.4501674],[-94.7905755,35.4499052],[-94.7887865,35.4498965],[-94.7887784,35.4496168],[-94.7877994,35.4496212],[-94.7877726,35.4496583],[-94.7877719,35.4498293],[-94.787792,35.449926],[-94.7878222,35.4500249],[-94.7878557,35.4501243],[-94.7878718,35.4502068],[-94.7878678,35.4502898],[-94.787837,35.4503575]]]}},{"type":"Feature","properties":{"kind":"park","name":"Murrell Home Park","ele_ft":712,"operator":null,"osm":"way/545320506"},"geometry":{"type":"Polygon","coordinates":[[[-94.9586266,35.8562418],[-94.9564219,35.8562527],[-94.9564326,35.8544418],[-94.9567544,35.8545744],[-94.9570656,35.8546723],[-94.9572828,35.8547766],[-94.9573928,35.854857],[-94.9573714,35.8549375],[-94.9576664,35.855007],[-94.9580365,35.8550397],[-94.9583209,35.8550549],[-94.9586213,35.855031],[-94.9586266,35.8562418]]]}},{"type":"Feature","properties":{"kind":"park","name":"Sequoyah Park","ele_ft":null,"operator":null,"osm":"way/557484281"},"geometry":{"type":"Polygon","coordinates":[[[-94.9681465,35.9150891],[-94.9672861,35.9151957],[-94.9672513,35.9151636],[-94.9672401,35.9135308],[-94.9673712,35.9135128],[-94.9678534,35.9138076],[-94.9681745,35.9138695],[-94.9683274,35.9138916],[-94.9684472,35.9139099],[-94.9684556,35.9139422],[-94.9683081,35.9143555],[-94.9683718,35.9143697],[-94.9682269,35.9149138],[-94.9681934,35.9150403],[-94.9681465,35.9150891]]]}},{"type":"Feature","properties":{"kind":"park","name":"Sequoyah State Park","ele_ft":627,"operator":null,"osm":"way/558846740"},"geometry":{"type":"Polygon","coordinates":[[[-95.2664402,35.9290967],[-95.2663725,35.9293594],[-95.2660768,35.9292621],[-95.2651054,35.9289596],[-95.2636577,35.9285285],[-95.2628451,35.9283318],[-95.2620419,35.9281957],[-95.2606222,35.9281125],[-95.2595294,35.9281579],[-95.2584927,35.9283091],[-95.257101,35.9286495],[-95.2562604,35.9288839],[-95.2551583,35.9291335],[-95.2542243,35.9293604],[-95.2534678,35.9294965],[-95.2525805,35.929557],[-95.2518706,35.9295646],[-95.2506191,35.9295646],[-95.2466029,35.9295873],[-95.2437261,35.9295873],[-95.2421477,35.9295948],[-95.2396819,35.9295873],[-95.237459,35.9295948],[-95.2371667,35.9296163],[-95.2292849,35.9296863],[-95.226187,35.929648],[-95.2262054,35.9296198],[-95.2261594,35.9295854],[-95.2261018,35.9296124],[-95.2260689,35.929639],[-95.2260001,35.9296169],[-95.225993,35.9295653],[-95.2260422,35.9295159],[-95.2262655,35.9294994],[-95.2264071,35.9294478],[-95.2265027,35.929336],[-95.2265558,35.9292071],[-95.2265628,35.9291641],[-95.2266195,35.9290781],[-95.226715,35.9290007],[-95.2267681,35.928932],[-95.2268212,35.9288632],[-95.2269176,35.9288251],[-95.2271095,35.9288046],[-95.2274052,35.9288145],[-95.2275573,35.9287801],[-95.227798,35.9287027],[-95.2279254,35.9286081],[-95.2280971,35.9284806],[-95.2283059,35.92827],[-95.2284404,35.9280507],[-95.2284967,35.9279123],[-95.2285503,35.9278211],[-95.2285825,35.9276799],[-95.2286201,35.9276061],[-95.2286469,35.9275105],[-95.2287354,35.9274019],[-95.2288641,35.9272759],[-95.2290036,35.9271261],[-95.229127,35.9269936],[-95.2292423,35.9268502],[-95.229304,35.9267221],[-95.2293362,35.9265917],[-95.2293979,35.9264571],[-95.229465,35.9263593],[-95.2295132,35.9262008],[-95.2295749,35.9260097],[-95.2296044,35.9258815],[-95.2296661,35.925673],[-95.2297278,35.9255926],[-95.2297922,35.9255296],[-95.2298995,35.9254536],[-95.2300202,35.9253602],[-95.2301543,35.9253038],[-95.2303313,35.9252538],[-95.2304949,35.9252277],[-95.2307122,35.9252299],[-95.2309589,35.9252299],[-95.2311789,35.9252842],[-95.2313742,35.9253318],[-95.2315036,35.925379],[-95.2315946,35.9254862],[-95.2316617,35.9255861],[-95.2317219,35.9256181],[-95.2318065,35.9256274],[-95.2318253,35.9256817],[-95.2317985,35.9257599],[-95.231758,35.9258727],[-95.2317536,35.9260024],[-95.2318059,35.9261788],[-95.2318785,35.9264634],[-95.2319772,35.9265222],[-95.2321794,35.92662],[-95.2322705,35.9266569],[-95.2324503,35.9266808],[-95.2326281,35.9267032],[-95.2327587,35.9266504],[-95.2328338,35.9265244],[-95.2329223,35.9264006],[-95.2329813,35.9263311],[-95.2330269,35.9262964],[-95.2330591,35.9262019],[-95.2331423,35.9261324],[-95.2331691,35.9260238],[-95.2332764,35.9259195],[-95.2333756,35.9258044],[-95.2334369,35.9257097],[-95.2335046,35.925565],[-95.2335663,35.9254727],[-95.2336279,35.9253754],[-95.2339113,35.9249837],[-95.2340253,35.9248615],[-95.2342102,35.9245845],[-95.2343488,35.9244198],[-95.2345892,35.9241504],[-95.2347001,35.9240281],[-95.2348973,35.9238909],[-95.2352824,35.9236065],[-95.2356213,35.9233869],[-95.2357322,35.9232646],[-95.2358462,35.9231748],[-95.2359602,35.9229877],[-95.2360342,35.9227656],[-95.2360496,35.9225935],[-95.2359726,35.9223789],[-95.2359448,35.922344],[-95.2359048,35.9222042],[-95.2358647,35.9220745],[-95.2359171,35.9219323],[-95.2359633,35.9218599],[-95.2359417,35.9217626],[-95.2358616,35.9215605],[-95.2358339,35.9213908],[-95.2358247,35.921306],[-95.2358308,35.9212287],[-95.2358216,35.9211413],[-95.2358123,35.9210765],[-95.2358154,35.9209941],[-95.235874,35.9209442],[-95.2360527,35.9209492],[-95.2362344,35.9209916],[-95.2363162,35.921007],[-95.2363888,35.9210799],[-95.236484,35.9211613],[-95.2366565,35.9211862],[-95.2367582,35.9211713],[-95.2368179,35.9212298],[-95.2368476,35.921286],[-95.2369801,35.9213434],[-95.2371403,35.921296],[-95.2372173,35.9211937],[-95.2373066,35.9211014],[-95.2373436,35.9210715],[-95.2373868,35.9210066],[-95.2375131,35.9209742],[-95.2375778,35.9209542],[-95.2376671,35.9210041],[-95.2377318,35.921049],[-95.2378674,35.9211413],[-95.2379413,35.9212337],[-95.2379783,35.921296],[-95.2380523,35.9214981],[-95.2380831,35.9216528],[-95.2380586,35.9219016],[-95.2380954,35.9219522],[-95.2380862,35.9220046],[-95.2380358,35.9220826],[-95.2380045,35.9222554],[-95.2379922,35.9223235],[-95.2379937,35.9224238],[-95.2379444,35.922596],[-95.2378582,35.9227731],[-95.2378489,35.9229852],[-95.2378212,35.9231449],[-95.2378304,35.9232821],[-95.2378551,35.9232646],[-95.2379992,35.9231429],[-95.2380496,35.9230518],[-95.2380931,35.9229732],[-95.2382013,35.9229488],[-95.2383287,35.9230004],[-95.2384227,35.9230475],[-95.2384853,35.9230462],[-95.2386672,35.9229982],[-95.2387872,35.92309],[-95.2389329,35.9231959],[-95.2391122,35.9230741],[-95.2390385,35.9229323],[-95.2391138,35.9228191],[-95.2392247,35.922647],[-95.2394096,35.9225022],[-95.2394158,35.9224149],[-95.2395483,35.9222727],[-95.2396869,35.922128],[-95.2396068,35.9220182],[-95.2394928,35.9219009],[-95.2395051,35.9218361],[-95.2396715,35.9217762],[-95.2398933,35.9216913],[-95.2399519,35.9215915],[-95.2400197,35.9215441],[-95.2400628,35.9215167],[-95.2400597,35.9214368],[-95.2401614,35.921362],[-95.2401904,35.9212776],[-95.2401863,35.9211525],[-95.2402676,35.9210867],[-95.2404099,35.9209813],[-95.2406132,35.9209319],[-95.2407717,35.92082],[-95.2410278,35.920843],[-95.241284,35.9208858],[-95.2413734,35.9208793],[-95.2413856,35.9207969],[-95.2411986,35.9207509],[-95.2410441,35.920764],[-95.2409547,35.9207212],[-95.2409066,35.9206344],[-95.2407758,35.920629],[-95.2406579,35.9205829],[-95.2406091,35.9204743],[-95.2406416,35.9203854],[-95.2407392,35.9203426],[-95.2407839,35.9202899],[-95.2407961,35.9201385],[-95.2406741,35.9201088],[-95.240479,35.919987],[-95.2403204,35.9200167],[-95.2401365,35.9200432],[-95.2399586,35.9200825],[-95.2397106,35.9202504],[-95.2394966,35.9203311],[-95.2394088,35.9203548],[-95.2391448,35.9204261],[-95.2386447,35.9205236],[-95.2384593,35.9205523],[-95.238037,35.9205523],[-95.2377514,35.9205328],[-95.2377389,35.9204776],[-95.2376738,35.9204249],[-95.2376306,35.920314],[-95.237625,35.9202998],[-95.2375397,35.9200891],[-95.237434,35.9198883],[-95.2373567,35.9197467],[-95.2373527,35.9195887],[-95.2373811,35.91948],[-95.2375046,35.9193753],[-95.2376186,35.9192955],[-95.2377295,35.9191558],[-95.2378466,35.9189786],[-95.2379113,35.9188339],[-95.2379729,35.9186817],[-95.2380037,35.9185444],[-95.2380037,35.918497],[-95.2380284,35.9184322],[-95.2381085,35.9183847],[-95.2381454,35.9182874],[-95.2382253,35.9181214],[-95.2382536,35.9180039],[-95.2382395,35.9179294],[-95.2383209,35.9178893],[-95.2383952,35.9178807],[-95.2383988,35.9178262],[-95.2382359,35.9177918],[-95.2380271,35.9178233],[-95.2378856,35.917895],[-95.2376945,35.9179838],[-95.2376449,35.9180182],[-95.237514,35.9180469],[-95.2374042,35.9181415],[-95.2373051,35.9182504],[-95.2371813,35.9182905],[-95.2371317,35.9183278],[-95.2370255,35.9183479],[-95.2368769,35.9184052],[-95.236792,35.9184224],[-95.236615,35.9184109],[-95.2364876,35.9184023],[-95.2363283,35.9184052],[-95.2362363,35.9183794],[-95.2360169,35.9183393],[-95.2359213,35.9183593],[-95.2357762,35.9183565],[-95.2357078,35.9183166],[-95.235624,35.9183335],[-95.2355124,35.9183433],[-95.2354931,35.918345],[-95.2353727,35.9183393],[-95.2352878,35.9183192],[-95.2351639,35.9183221],[-95.2350471,35.9183135],[-95.2349342,35.9182914],[-95.2348065,35.9183278],[-95.234718,35.918345],[-95.2346472,35.9183737],[-95.2344915,35.9184252],[-95.2343959,35.9184482],[-95.2342544,35.918388],[-95.2341588,35.9183421],[-95.2340597,35.9182791],[-95.2340243,35.918196],[-95.2339641,35.9181272],[-95.2339677,35.9180498],[-95.2339146,35.9179724],[-95.2338261,35.9179237],[-95.2337235,35.9178119],[-95.2336952,35.9177717],[-95.2336315,35.9177288],[-95.2335571,35.9176284],[-95.2334793,35.9174909],[-95.2333943,35.9174135],[-95.2333412,35.9172902],[-95.2332988,35.9171612],[-95.233204,35.9170638],[-95.2331179,35.9170246],[-95.233097,35.9168861],[-95.2330156,35.9167743],[-95.2329625,35.9166682],[-95.2328324,35.9161417],[-95.2328163,35.9160874],[-95.2328673,35.9159831],[-95.2328673,35.9159115],[-95.2328566,35.9158267],[-95.2328244,35.9157572],[-95.2328727,35.9156703],[-95.2330014,35.9156247],[-95.2330953,35.9155509],[-95.2332294,35.9154488],[-95.2333072,35.9154205],[-95.233444,35.9153706],[-95.2336183,35.9153249],[-95.2337846,35.9153119],[-95.2339724,35.9153445],[-95.234203,35.9153727],[-95.2344096,35.9153988],[-95.2345115,35.9153793],[-95.234769,35.9153141],[-95.2350292,35.9152945],[-95.2353135,35.9153054],[-95.2356654,35.9153317],[-95.2360292,35.9154183],[-95.2361879,35.9154966],[-95.2363139,35.9156269],[-95.2364105,35.9158094],[-95.2364024,35.9159288],[-95.2363247,35.916007],[-95.2363247,35.9161656],[-95.236381,35.9162525],[-95.2364561,35.9162764],[-95.2366036,35.916259],[-95.2367914,35.9162221],[-95.236955,35.9161972],[-95.237081,35.9162156],[-95.2371803,35.9162264],[-95.237301,35.9161721],[-95.2374029,35.9160874],[-95.2374458,35.9159853],[-95.2374485,35.9158615],[-95.2374861,35.9157616],[-95.2374914,35.9156356],[-95.2375209,35.9155009],[-95.2375317,35.9154053],[-95.2375853,35.9153315],[-95.2376309,35.9152619],[-95.2376979,35.9152011],[-95.2377999,35.9151555],[-95.2378991,35.9151121],[-95.238001,35.915086],[-95.2380976,35.9150643],[-95.2382639,35.9149796],[-95.2383309,35.9148861],[-95.2384061,35.9148166],[-95.2385294,35.9147363],[-95.2387011,35.9146559],[-95.2388399,35.9145924],[-95.2390787,35.9145359],[-95.2391973,35.914519],[-95.2392644,35.9144669],[-95.2393844,35.9142036],[-95.2394897,35.9141389],[-95.2395809,35.9140259],[-95.2396184,35.9139173],[-95.2394494,35.9138999],[-95.239326,35.9139607],[-95.2392214,35.9139912],[-95.2391377,35.9140014],[-95.2388937,35.9140212],[-95.2386501,35.9140259],[-95.2384597,35.9140455],[-95.2383772,35.9140927],[-95.238214,35.9141124],[-95.238052,35.9141128],[-95.2378777,35.9140433],[-95.2377999,35.9140042],[-95.2375826,35.9139542],[-95.2375143,35.9140042],[-95.2374273,35.9140372],[-95.2373144,35.9140368],[-95.2372742,35.9140237],[-95.2372232,35.9139738],[-95.2371722,35.9138825],[-95.2371374,35.9138326],[-95.23707,35.913826],[-95.2370676,35.9137218],[-95.2369952,35.9135502],[-95.236904,35.9134003],[-95.2368691,35.9133221],[-95.2368235,35.9130853],[-95.2368048,35.9130027],[-95.2368101,35.9129093],[-95.2367887,35.9127942],[-95.2368477,35.9126725],[-95.2368879,35.9125857],[-95.2369067,35.9124575],[-95.2369416,35.9123228],[-95.2369255,35.9122055],[-95.2368826,35.9120751],[-95.2368611,35.9120013],[-95.2368504,35.9119622],[-95.2368826,35.9118362],[-95.2368665,35.911771],[-95.2368611,35.9117015],[-95.2368718,35.9116428],[-95.2369174,35.9115951],[-95.2369496,35.9115581],[-95.2369818,35.9114625],[-95.2370167,35.9114104],[-95.2370649,35.9113756],[-95.2371159,35.9113648],[-95.2371508,35.9112714],[-95.2371937,35.9111736],[-95.2372339,35.9110476],[-95.2372447,35.9109412],[-95.2372929,35.9108847],[-95.2373493,35.9107913],[-95.2374083,35.9106435],[-95.2375021,35.9104871],[-95.2375853,35.9103894],[-95.2376738,35.9103003],[-95.2377194,35.910233],[-95.2377409,35.9101395],[-95.2377999,35.9100939],[-95.2378857,35.9100266],[-95.237942,35.9099592],[-95.2380064,35.9098702],[-95.2380359,35.9097572],[-95.2380064,35.9097224],[-95.2379849,35.9096008],[-95.2379018,35.9095182],[-95.2378401,35.9094878],[-95.2376684,35.9094943],[-95.2375665,35.9095443],[-95.2375102,35.9094509],[-95.2373627,35.9092662],[-95.2371964,35.9091402],[-95.2370918,35.9090946],[-95.2369684,35.9090685],[-95.2369738,35.9090186],[-95.2369094,35.9089643],[-95.2368262,35.9089078],[-95.2367028,35.9088991],[-95.2365741,35.9089382],[-95.2364603,35.9090826],[-95.2364322,35.9092455],[-95.2363139,35.9093227],[-95.2361825,35.9093357],[-95.2360698,35.9093444],[-95.2359465,35.9093292],[-95.2358284,35.9093575],[-95.2356756,35.9093509],[-95.2354851,35.9093683],[-95.2353483,35.9093705],[-95.2352598,35.9093205],[-95.2351767,35.909251],[-95.2351177,35.9091446],[-95.235064,35.9090837],[-95.2350238,35.9089968],[-95.234946,35.9088839],[-95.234887,35.9087774],[-95.2348575,35.9086601],[-95.2348414,35.9085384],[-95.2348629,35.9083951],[-95.2349165,35.9082408],[-95.2349836,35.9081431],[-95.2351069,35.9080084],[-95.2351713,35.9079236],[-95.235291,35.9077725],[-95.2354787,35.9075478],[-95.235638,35.9074044],[-95.2357399,35.9073392],[-95.2359384,35.9072415],[-95.2360645,35.9071567],[-95.2362109,35.907066],[-95.2363783,35.9070503],[-95.236507,35.9070155],[-95.2366009,35.9069612],[-95.2367404,35.9069091],[-95.2367806,35.9068026],[-95.2368531,35.9067288],[-95.2369603,35.9066658],[-95.2371025,35.9065832],[-95.2372527,35.906455],[-95.2372924,35.906353],[-95.2373969,35.9062633],[-95.2375236,35.9061987],[-95.2376819,35.906153],[-95.2378508,35.90609],[-95.2380064,35.906027],[-95.238162,35.9059879],[-95.2383229,35.9059553],[-95.2385172,35.9059445],[-95.2386122,35.9059584],[-95.2386639,35.9060312],[-95.2386886,35.9060659],[-95.238811,35.9060961],[-95.2391758,35.9061596],[-95.2393207,35.9062008],[-95.2395095,35.9062686],[-95.2398228,35.906346],[-95.2402559,35.9064749],[-95.2403748,35.9065416],[-95.2405974,35.9067635],[-95.2406189,35.9068439],[-95.2406028,35.9069352],[-95.2405116,35.9071567],[-95.2404687,35.907324],[-95.2404365,35.9074044],[-95.2406028,35.9073414],[-95.2407557,35.9072784],[-95.2409135,35.9072265],[-95.240989,35.9071937],[-95.2410963,35.9072219],[-95.2412165,35.9072703],[-95.2413136,35.9072828],[-95.2414825,35.9073436],[-95.2415898,35.9073284],[-95.2416864,35.907248],[-95.2417347,35.9071872],[-95.2417803,35.9071003],[-95.24196,35.9069547],[-95.2420539,35.9068417],[-95.2422336,35.9066745],[-95.2423462,35.9065637],[-95.2424133,35.906455],[-95.2425152,35.9063877],[-95.2426439,35.9062573],[-95.2427298,35.9061574],[-95.2427787,35.9060652],[-95.2428934,35.9060422],[-95.2429819,35.9059858],[-95.2430624,35.9059336],[-95.2431562,35.9059097],[-95.2432099,35.9058511],[-95.2432799,35.9058912],[-95.2433547,35.9058771],[-95.2433681,35.9058315],[-95.2434199,35.9058243],[-95.2435076,35.9058434],[-95.2435685,35.9058334],[-95.2439387,35.9058855],[-95.2441962,35.9059507],[-95.2445234,35.9060506],[-95.24462,35.9060919],[-95.2446602,35.9061745],[-95.2447755,35.9062071],[-95.2448399,35.9062179],[-95.245025,35.9063135],[-95.2452154,35.9064156],[-95.2452798,35.9064721],[-95.2453817,35.9064656],[-95.2454836,35.9064265],[-95.245607,35.9064308],[-95.2457331,35.9064134],[-95.2458296,35.9063765],[-95.2458269,35.9063331],[-95.245717,35.9062462],[-95.2456794,35.9061788],[-95.2457197,35.9060202],[-95.2457304,35.9059072],[-95.2457492,35.9057009],[-95.2457653,35.9056552],[-95.2457438,35.9055662],[-95.2456848,35.9054923],[-95.2456311,35.9053837],[-95.2455748,35.905212],[-95.245556,35.905086],[-95.2455265,35.9050491],[-95.2454648,35.9050274],[-95.2453897,35.9049861],[-95.2453495,35.9048644],[-95.24532,35.904721],[-95.2452476,35.9046254],[-95.2451966,35.9045624],[-95.2452395,35.9044842],[-95.2452208,35.9044125],[-95.2451135,35.9043712],[-95.2451027,35.9043321],[-95.2450893,35.9043039],[-95.245025,35.9042409],[-95.2449177,35.9041866],[-95.2448694,35.9040714],[-95.2447621,35.903928],[-95.2447219,35.9037868],[-95.2447138,35.903713],[-95.2446682,35.9036304],[-95.2445985,35.9035913],[-95.2445851,35.9034674],[-95.2445314,35.9033827],[-95.2443893,35.9034349],[-95.244341,35.9035457],[-95.2441023,35.9036174],[-95.2439253,35.9036608],[-95.2437831,35.9036673],[-95.2436758,35.903802],[-95.243531,35.9038694],[-95.2435146,35.9038847],[-95.2434049,35.903915],[-95.2431903,35.9039237],[-95.2429838,35.9040302],[-95.2428846,35.9041366],[-95.2426512,35.9042322],[-95.2423597,35.9043971],[-95.24219,35.9044729],[-95.2420114,35.9045419],[-95.2418887,35.9045892],[-95.2417554,35.9046015],[-95.2417258,35.9044951],[-95.2417022,35.9043608],[-95.2416588,35.9042778],[-95.2415971,35.9041714],[-95.2415005,35.9041844],[-95.2414442,35.9041757],[-95.2413994,35.9042656],[-95.2413567,35.9043531],[-95.2412538,35.9044408],[-95.2411358,35.9045233],[-95.2410043,35.9045972],[-95.2408622,35.9046645],[-95.2406852,35.9047254],[-95.2404223,35.9047797],[-95.2400817,35.9048405],[-95.2399131,35.9048955],[-95.2398188,35.9048601],[-95.2397061,35.9047688],[-95.2395828,35.904658],[-95.239446,35.9045103],[-95.2393816,35.904456],[-95.2392258,35.9044939],[-95.2391906,35.9044581],[-95.2392492,35.9044015],[-95.2391554,35.9042794],[-95.2389876,35.9042011],[-95.2388653,35.9042195],[-95.2387305,35.9041242],[-95.2386008,35.9040325],[-95.2384051,35.9038853],[-95.238306,35.9038107],[-95.2381853,35.9037369],[-95.2381827,35.9036282],[-95.2380539,35.9035478],[-95.2378152,35.9033784],[-95.2376033,35.9032263],[-95.237454,35.903092],[-95.2372811,35.9029363],[-95.2370195,35.9025562],[-95.2368772,35.9023627],[-95.2368005,35.9021669],[-95.2365388,35.9019411],[-95.2364933,35.9018328],[-95.2364961,35.9016531],[-95.2364961,35.9015817],[-95.236297,35.9013536],[-95.2362885,35.9012292],[-95.2364051,35.9009873],[-95.2364762,35.9007984],[-95.2364876,35.9007316],[-95.2364307,35.9006279],[-95.2365776,35.9003298],[-95.2367096,35.9000617],[-95.2367424,35.8999953],[-95.2368858,35.8997041],[-95.2370394,35.8995198],[-95.2371929,35.899218],[-95.2374343,35.8989635],[-95.2375201,35.8988397],[-95.2375711,35.8987506],[-95.2376543,35.8986267],[-95.2376565,35.8985855],[-95.2376607,35.898505],[-95.2376614,35.8984907],[-95.2377305,35.8984047],[-95.2377675,35.8983149],[-95.2377874,35.8981881],[-95.2377646,35.8980568],[-95.2377646,35.8980107],[-95.2378897,35.8979071],[-95.2379466,35.8976974],[-95.2380946,35.897556],[-95.2381639,35.8975099],[-95.2382443,35.8974078],[-95.2383007,35.8972905],[-95.2383865,35.8971384],[-95.2384643,35.8970623],[-95.2385394,35.8969037],[-95.2386279,35.8967864],[-95.2387298,35.8966539],[-95.238821,35.8966017],[-95.2388747,35.8965278],[-95.2389364,35.8964583],[-95.23901,35.8963857],[-95.239026,35.8963699],[-95.2391123,35.8963209],[-95.2392336,35.8959802],[-95.2392529,35.895926],[-95.2393145,35.8957587],[-95.2393119,35.8956326],[-95.2393255,35.895275],[-95.2392692,35.8947243],[-95.2392451,35.8940172],[-95.239225,35.8935969],[-95.2393014,35.8929648],[-95.2393376,35.8926911],[-95.2397088,35.8922212],[-95.2397163,35.892141],[-95.2397183,35.892119],[-95.2397221,35.8920787],[-95.2398081,35.8919216],[-95.239918,35.8918366],[-95.2399455,35.8916359],[-95.2400066,35.8915411],[-95.2399636,35.8913217],[-95.2399395,35.8912413],[-95.2399302,35.8910878],[-95.2399731,35.8910032],[-95.2400307,35.8909436],[-95.2400226,35.8907958],[-95.2399315,35.8906871],[-95.2398751,35.8906067],[-95.2398512,35.8905262],[-95.2398805,35.8904851],[-95.2399127,35.8904438],[-95.2399261,35.8903308],[-95.2399127,35.8901917],[-95.2398081,35.8900896],[-95.2397639,35.890067],[-95.2397322,35.8900508],[-95.2396872,35.8899621],[-95.2396075,35.8898423],[-95.2395563,35.8898239],[-95.239508,35.8897063],[-95.2395494,35.8896025],[-95.2395935,35.889492],[-95.2396417,35.8894068],[-95.2396589,35.8893606],[-95.2396981,35.8892552],[-95.2397583,35.889198],[-95.239781,35.8891764],[-95.2398464,35.8891441],[-95.2398874,35.8890585],[-95.239918,35.8889944],[-95.2399502,35.8889357],[-95.2400656,35.8888814],[-95.2401004,35.8887901],[-95.2401755,35.888738],[-95.2401943,35.8886511],[-95.2402694,35.888499],[-95.2403123,35.8884142],[-95.2403311,35.8882664],[-95.2403333,35.8882171],[-95.2403365,35.8881469],[-95.2403231,35.8880687],[-95.2403498,35.8879667],[-95.2404082,35.8877758],[-95.2404223,35.8877297],[-95.2404759,35.8876319],[-95.2404813,35.8874579],[-95.2404679,35.8873277],[-95.240425,35.8871908],[-95.240374,35.8870082],[-95.2403351,35.8868274],[-95.2403338,35.8868214],[-95.2402828,35.8866519],[-95.2402238,35.8865041],[-95.2401782,35.8863324],[-95.2401433,35.886239],[-95.2401219,35.8861303],[-95.2400977,35.8859956],[-95.2400897,35.8858587],[-95.2400656,35.885787],[-95.2400495,35.885687],[-95.2400441,35.885561],[-95.2400495,35.8854914],[-95.2400226,35.8854306],[-95.2400334,35.8853697],[-95.2400951,35.8853697],[-95.240197,35.8854632],[-95.2402539,35.8855523],[-95.2402775,35.8855892],[-95.2404062,35.8857457],[-95.2405081,35.885913],[-95.240594,35.8860065],[-95.240653,35.8861064],[-95.2407442,35.8862716],[-95.2407924,35.8864237],[-95.2408488,35.8865193],[-95.240948,35.8866823],[-95.241007,35.8867888],[-95.2410848,35.8868844],[-95.2411894,35.8869822],[-95.241286,35.88708],[-95.2413503,35.8871604],[-95.2414254,35.8872495],[-95.2415408,35.8873972],[-95.2416535,35.8875428],[-95.2417714,35.8876884],[-95.2419082,35.8878231],[-95.2420504,35.8879427],[-95.2421845,35.8880448],[-95.2423013,35.8881139],[-95.2424328,35.8882325],[-95.2426272,35.8884078],[-95.2428457,35.888605],[-95.2430545,35.8887674],[-95.2431864,35.8888701],[-95.2432301,35.8889735],[-95.243244,35.8890813],[-95.2432718,35.8891421],[-95.2433164,35.8892399],[-95.2433244,35.8893747],[-95.2433069,35.8894771],[-95.2433352,35.8897071],[-95.2433539,35.8898332],[-95.2433861,35.8900092],[-95.2434371,35.8901244],[-95.2435283,35.8902656],[-95.2435811,35.8903216],[-95.2436048,35.8903804],[-95.2435739,35.8904677],[-95.2435363,35.890535],[-95.2435551,35.8906741],[-95.2436114,35.8908219],[-95.2436624,35.8908653],[-95.2436731,35.8909066],[-95.2435176,35.8909892],[-95.2435578,35.8910913],[-95.2436624,35.8911478],[-95.2438233,35.8911761],[-95.2439065,35.8912087],[-95.2439628,35.8912782],[-95.243987,35.891389],[-95.2440755,35.8914955],[-95.2441774,35.8915455],[-95.2442605,35.891615],[-95.2443598,35.8916563],[-95.2444885,35.8917171],[-95.2446054,35.8918043],[-95.2446692,35.8919615],[-95.2447007,35.8920389],[-95.2447101,35.8920994],[-95.2447246,35.892193],[-95.2446924,35.8923842],[-95.2446525,35.8925298],[-95.2446185,35.8926535],[-95.2445931,35.8927753],[-95.2444555,35.8929083],[-95.2443651,35.8929579],[-95.2443893,35.89301],[-95.2444866,35.8930813],[-95.2445838,35.8930965],[-95.2447004,35.89306],[-95.2448345,35.8929818],[-95.2450169,35.8928601],[-95.2451671,35.8927775],[-95.2452986,35.8926384],[-95.2453792,35.8925755],[-95.2455265,35.8925689],[-95.2456606,35.8926058],[-95.2457733,35.8927123],[-95.2459235,35.8928514],[-95.2460388,35.8929926],[-95.2462481,35.8931491],[-95.2464581,35.8932527],[-95.2465306,35.8932884],[-95.246835,35.8934869],[-95.2470341,35.8936238],[-95.2474412,35.8939036],[-95.2477313,35.894103],[-95.2477823,35.894179],[-95.2479298,35.8943007],[-95.2480321,35.8944387],[-95.2481176,35.8945853],[-95.2480317,35.8947874],[-95.2479673,35.8948808],[-95.2479057,35.8950786],[-95.2478279,35.8953697],[-95.2477528,35.8956544],[-95.2477903,35.8959281],[-95.2478762,35.8961563],[-95.2479191,35.8962649],[-95.2478815,35.8964235],[-95.2478547,35.8965409],[-95.2478757,35.8966995],[-95.2478776,35.8969077],[-95.2479312,35.8972575],[-95.247911,35.8974122],[-95.2479432,35.8975143],[-95.248131,35.897636],[-95.2482704,35.897712],[-95.2483777,35.8976403],[-95.248485,35.8975056],[-95.2485521,35.8973883],[-95.2486325,35.8973035],[-95.248721,35.897171],[-95.2487264,35.8970037],[-95.248764,35.8969168],[-95.2487532,35.8968538],[-95.2486969,35.8967734],[-95.2487264,35.8965778],[-95.2488578,35.8963736],[-95.2489437,35.8962084],[-95.2490483,35.8960607],[-95.2491448,35.8960064],[-95.2492199,35.8959564],[-95.2492575,35.8958999],[-95.2493594,35.8958521],[-95.2494721,35.8959064],[-95.2496579,35.8959972],[-95.2497653,35.8961122],[-95.249869,35.8962845],[-95.2499549,35.8963323],[-95.2500273,35.8964083],[-95.2501775,35.8964431],[-95.2503103,35.8965253],[-95.2503277,35.8966495],[-95.2503009,35.8967973],[-95.2502486,35.896839],[-95.2502047,35.8968739],[-95.25003,35.8969863],[-95.2499838,35.897119],[-95.2499704,35.8971574],[-95.2498973,35.8974248],[-95.2498261,35.8975599],[-95.2497978,35.8975905],[-95.2497684,35.8976222],[-95.2497202,35.8977703],[-95.2497269,35.8979054],[-95.2497766,35.898018],[-95.2499697,35.8981766],[-95.250274,35.8983573],[-95.250561,35.8984833],[-95.2507147,35.8985052],[-95.2508239,35.8985768],[-95.2510546,35.8986376],[-95.2512879,35.8986789],[-95.2514515,35.8986919],[-95.2517171,35.8986724],[-95.2518807,35.8986072],[-95.2520845,35.8985159],[-95.2521838,35.8984377],[-95.2523447,35.8983595],[-95.2524735,35.8982074],[-95.252621,35.8980379],[-95.2527149,35.8979097],[-95.2527806,35.8977898],[-95.2529241,35.8977468],[-95.2529409,35.8976898],[-95.2529791,35.897666],[-95.253034,35.897712],[-95.2531655,35.8977728],[-95.2532862,35.8978467],[-95.2534578,35.8979315],[-95.2537773,35.898018],[-95.2538857,35.8980658],[-95.2542807,35.8982736],[-95.2543456,35.8983077],[-95.2545495,35.8984464],[-95.2546957,35.8985785],[-95.2549371,35.8989436],[-95.2550203,35.8993238],[-95.2549733,35.8995806],[-95.2550081,35.89975],[-95.2550186,35.899932],[-95.2549813,35.9001628],[-95.2549143,35.9003758],[-95.2548311,35.9006408],[-95.2547843,35.9008338],[-95.2546394,35.9010337],[-95.2545938,35.9011358],[-95.2545575,35.9013665],[-95.2546058,35.9014708],[-95.254733,35.9015977],[-95.2548057,35.9016703],[-95.2550793,35.9017833],[-95.2552536,35.9017637],[-95.2553985,35.9016399],[-95.2556331,35.9016359],[-95.2557538,35.9015859],[-95.2559121,35.9015925],[-95.2561079,35.9015425],[-95.2562333,35.9015025],[-95.2564324,35.9014838],[-95.2565263,35.9014273],[-95.256537,35.9012905],[-95.2566711,35.9012427],[-95.2567865,35.9011471],[-95.2569259,35.9011188],[-95.2570761,35.9010797],[-95.257162,35.9010189],[-95.2571834,35.9009146],[-95.2572612,35.9008603],[-95.2572263,35.9007973],[-95.2573256,35.9006691],[-95.257575,35.9005626],[-95.2578005,35.9005205],[-95.2579861,35.9005747],[-95.2580861,35.900604],[-95.2581742,35.9007255],[-95.258196,35.9007556],[-95.2582456,35.9008733],[-95.2583502,35.9009754],[-95.2585567,35.9010124],[-95.2587793,35.9010167],[-95.2588759,35.9010189],[-95.2590717,35.9010254],[-95.2591736,35.9010493],[-95.2593077,35.9010884],[-95.2595008,35.9010732],[-95.2595733,35.9010232],[-95.2596386,35.9010067],[-95.2597034,35.9010924],[-95.259926,35.9012097],[-95.2602855,35.9014204],[-95.2606127,35.9018006],[-95.2608675,35.9024915],[-95.2609748,35.9027045],[-95.2609399,35.9028196],[-95.260779,35.9029565],[-95.2606288,35.902976],[-95.2604625,35.9029152],[-95.2603833,35.902833],[-95.2602411,35.9028005],[-95.2600614,35.902807],[-95.2599085,35.9028722],[-95.2597986,35.9029764],[-95.2597208,35.9030308],[-95.2596645,35.9031003],[-95.2595357,35.9032806],[-95.2595008,35.9033958],[-95.2594392,35.9035674],[-95.2593533,35.9036847],[-95.259289,35.9037825],[-95.2592219,35.9039128],[-95.2590999,35.9040884],[-95.2589301,35.9042595],[-95.2588571,35.9042822],[-95.2586881,35.9044125],[-95.2585594,35.9045603],[-95.2584403,35.9047187],[-95.258403,35.9047684],[-95.2582336,35.9049205],[-95.2581141,35.9050686],[-95.2580069,35.9052511],[-95.2579639,35.9052577],[-95.2579908,35.9051382],[-95.2579666,35.9050534],[-95.2578379,35.9051056],[-95.2576904,35.9051686],[-95.2576018,35.9051968],[-95.2576635,35.9052804],[-95.2577078,35.905413],[-95.257752,35.9055097],[-95.2580176,35.9055553],[-95.2581356,35.9055662],[-95.2583046,35.9056031],[-95.2584682,35.905677],[-95.2585862,35.905766],[-95.2586989,35.9057313],[-95.2587579,35.9057095],[-95.2588678,35.9057465],[-95.2589993,35.9057356],[-95.2590744,35.9056922],[-95.2590851,35.9056444],[-95.2591736,35.9056379],[-95.2592675,35.9055987],[-95.2593426,35.9055575],[-95.2593909,35.9055097],[-95.2594552,35.9054532],[-95.2595786,35.9054141],[-95.2597127,35.9054054],[-95.2598495,35.9053967],[-95.2599066,35.9053581],[-95.259941,35.9053348],[-95.2601473,35.9053793],[-95.2602572,35.9053793],[-95.2605291,35.9053325],[-95.2606154,35.9053224],[-95.26091,35.9053613],[-95.2610027,35.9053886],[-95.261098,35.9054167],[-95.2613094,35.9055065],[-95.2613771,35.9055353],[-95.2614445,35.9056824],[-95.2614833,35.9057759],[-95.261522,35.9060676],[-95.2614495,35.9064522],[-95.2613854,35.9066966],[-95.2613396,35.9068715],[-95.2615849,35.9070152],[-95.2617324,35.9070739],[-95.2619148,35.9070522],[-95.2620785,35.9069892],[-95.262167,35.9069262],[-95.262234,35.9068632],[-95.262293,35.9067741],[-95.2624153,35.9066946],[-95.2625022,35.9066242],[-95.2625452,35.9065199],[-95.2625666,35.9064547],[-95.2625398,35.9063418],[-95.2625881,35.9062049],[-95.2626444,35.9061202],[-95.2626927,35.9060202],[-95.2628053,35.9058595],[-95.2629153,35.9057639],[-95.2630521,35.9056726],[-95.2632452,35.9056379],[-95.2635431,35.9056263],[-95.2636968,35.9056762],[-95.2638716,35.905733],[-95.2642903,35.9059509],[-95.2652201,35.9064068],[-95.265615,35.9066477],[-95.2660281,35.9070235],[-95.266408,35.9076085],[-95.2664247,35.9076342],[-95.2665307,35.9079741],[-95.266653,35.9083661],[-95.2665443,35.9086011],[-95.2664692,35.9087728],[-95.266378,35.9090009],[-95.2663539,35.9092073],[-95.2662681,35.9093311],[-95.2661715,35.909468],[-95.266032,35.909733],[-95.2658711,35.9099546],[-95.2657957,35.9100647],[-95.2657291,35.910162],[-95.2654822,35.9103695],[-95.2653776,35.9104999],[-95.265281,35.9106498],[-95.2652086,35.9108214],[-95.2651844,35.9109756],[-95.2651657,35.911119],[-95.2652193,35.9112928],[-95.2653105,35.9114449],[-95.2653802,35.9115187],[-95.2654393,35.9116317],[-95.2654634,35.9116925],[-95.2655546,35.9117533],[-95.2656726,35.9117294],[-95.2657316,35.9116512],[-95.2657931,35.9115448],[-95.2658769,35.9114797],[-95.2660844,35.9113185],[-95.2662251,35.9112537],[-95.2663941,35.9112776],[-95.266488,35.9113471],[-95.2665846,35.9113428],[-95.2666892,35.9113102],[-95.2668796,35.9113601],[-95.2669964,35.9113749],[-95.2674496,35.911451],[-95.2676696,35.9115705],[-95.2678439,35.9119202],[-95.2680022,35.912333],[-95.268434,35.9126784],[-95.2683509,35.9127739],[-95.2681873,35.9128109],[-95.2680008,35.9127961],[-95.2678801,35.9128786],[-95.2677111,35.9130068],[-95.2676118,35.9130741],[-95.2674992,35.9131241],[-95.2673436,35.9132414],[-95.2672578,35.9133478],[-95.2671478,35.9134869],[-95.267062,35.9136498],[-95.2669788,35.9138192],[-95.2669654,35.9139887],[-95.2669815,35.9141407],[-95.2670432,35.9143775],[-95.267129,35.9145079],[-95.2672524,35.9145643],[-95.2673678,35.9145622],[-95.2675341,35.9146425],[-95.2676145,35.9147707],[-95.2676896,35.9148945],[-95.2678076,35.9150075],[-95.2679357,35.9150903],[-95.2680106,35.9151387],[-95.2682489,35.9153263],[-95.2682904,35.9155245],[-95.2682234,35.9156244],[-95.2679874,35.91572],[-95.2676473,35.9158397],[-95.2674744,35.9158566],[-95.2673463,35.9158264],[-95.26718,35.9158677],[-95.2670593,35.9158894],[-95.2669332,35.9158655],[-95.2667106,35.9158851],[-95.2665819,35.9158851],[-95.2665215,35.9158548],[-95.2664838,35.9158358],[-95.266437,35.9157135],[-95.2663432,35.9156983],[-95.2662761,35.9157526],[-95.2662767,35.9158773],[-95.2662144,35.9159307],[-95.2662091,35.9160133],[-95.2662343,35.9160829],[-95.2661903,35.9161392],[-95.2660481,35.9162305],[-95.2659194,35.9163391],[-95.2658122,35.9165092],[-95.2657424,35.9167569],[-95.2656861,35.9168546],[-95.2656646,35.9167171],[-95.265671,35.9166124],[-95.2656807,35.9165281],[-95.2656056,35.9165107],[-95.2655197,35.9165411],[-95.2654557,35.9165924],[-95.2653186,35.9165802],[-95.2651442,35.916615],[-95.2650718,35.9166953],[-95.2649216,35.9168756],[-95.2648411,35.9168539],[-95.2648009,35.9167866],[-95.2647365,35.9168452],[-95.2647446,35.9169343],[-95.2647177,35.9170798],[-95.2646802,35.9172123],[-95.2646614,35.9173535],[-95.2647045,35.9174777],[-95.2647472,35.9175686],[-95.2647955,35.9176077],[-95.2648457,35.9175243],[-95.2648975,35.9174382],[-95.2649886,35.9173123],[-95.2650887,35.9172165],[-95.2652006,35.9171956],[-95.2652783,35.9173079],[-95.2653018,35.9174621],[-95.2653214,35.9175232],[-95.2653963,35.9178249],[-95.2653588,35.9179878],[-95.2654071,35.9180747],[-95.2655305,35.9180921],[-95.2655499,35.9180127],[-95.2656324,35.9179668],[-95.265737,35.9179335],[-95.2657824,35.9178534],[-95.2659328,35.9178162],[-95.2660454,35.9177858],[-95.2661044,35.9177358],[-95.2661286,35.9176707],[-95.2661688,35.9176033],[-95.266193,35.9174925],[-95.2661983,35.9173991],[-95.2661963,35.917316],[-95.2661956,35.9172884],[-95.2662064,35.9172036],[-95.2662439,35.9171428],[-95.2662654,35.9170668],[-95.2662305,35.9170168],[-95.2661972,35.9169748],[-95.2661809,35.9169542],[-95.2661981,35.916932],[-95.2662799,35.91692],[-95.2664086,35.9169162],[-95.2665953,35.9169039],[-95.2667855,35.916856],[-95.2669524,35.9169124],[-95.2670647,35.9170038],[-95.2670919,35.9171134],[-95.2669028,35.9175641],[-95.2667884,35.9178683],[-95.2667214,35.9182224],[-95.2666302,35.9184005],[-95.2664692,35.9187394],[-95.2664606,35.918952],[-95.2664056,35.9193254],[-95.2663494,35.9196938],[-95.2663029,35.9198103],[-95.2662849,35.9199949],[-95.2662578,35.9201221],[-95.2661967,35.9204074],[-95.266134,35.9205531],[-95.2660874,35.9207768],[-95.266134,35.921553],[-95.2661018,35.9216805],[-95.2660398,35.9220177],[-95.2659608,35.9222872],[-95.265804,35.922432],[-95.2657638,35.9225558],[-95.265745,35.9227491],[-95.2657155,35.9228425],[-95.2656243,35.922949],[-95.2656136,35.923075],[-95.2656646,35.9233009],[-95.2657531,35.9234572],[-95.2658125,35.9237401],[-95.2658795,35.9239469],[-95.265893,35.9241033],[-95.2658393,35.924238],[-95.2657008,35.9243733],[-95.2653963,35.9244433],[-95.2653124,35.9244597],[-95.2652732,35.9244673],[-95.2650637,35.9244499],[-95.2647419,35.9244716],[-95.2645892,35.9244595],[-95.264435,35.9244782],[-95.2642725,35.9244412],[-95.2642189,35.9243956],[-95.2640418,35.924426],[-95.2638675,35.9244738],[-95.263728,35.9244947],[-95.2635912,35.9244781],[-95.263445,35.9244505],[-95.2632345,35.9243304],[-95.2628134,35.924148],[-95.2626278,35.9240607],[-95.2624996,35.9240003],[-95.2622742,35.9239024],[-95.2620033,35.9237157],[-95.261888,35.9236201],[-95.2616466,35.9235333],[-95.2614723,35.9234659],[-95.2614106,35.9233834],[-95.2613355,35.9233465],[-95.2612094,35.9232856],[-95.2611289,35.9231988],[-95.2610163,35.9231553],[-95.2608795,35.9231271],[-95.2607213,35.9230684],[-95.2605845,35.9229924],[-95.2605174,35.9229598],[-95.2604101,35.9229729],[-95.260276,35.9229989],[-95.2601178,35.9230228],[-95.2598817,35.9229837],[-95.2596618,35.9229273],[-95.2595141,35.9229233],[-95.2593962,35.9228425],[-95.2592836,35.9227991],[-95.2591414,35.9228469],[-95.2589948,35.9229506],[-95.258826,35.9230152],[-95.2583686,35.9230706],[-95.2581533,35.9231028],[-95.2580518,35.9231183],[-95.2579318,35.923075],[-95.2577923,35.9230554],[-95.2577064,35.923088],[-95.2576287,35.9230576],[-95.2575643,35.9229924],[-95.2575509,35.9229359],[-95.2574651,35.9229338],[-95.2573899,35.9229142],[-95.2573363,35.922873],[-95.2572612,35.9227817],[-95.2571968,35.9227405],[-95.2570734,35.9227274],[-95.2569769,35.9227383],[-95.2569447,35.9227079],[-95.2569152,35.9226297],[-95.2567999,35.9225124],[-95.2566899,35.9224385],[-95.2565496,35.922434],[-95.2564002,35.9223973],[-95.256301,35.9223886],[-95.2562071,35.9224472],[-95.2561213,35.9224168],[-95.2560864,35.9224755],[-95.2561079,35.922558],[-95.2561159,35.9226014],[-95.2560381,35.9226905],[-95.2559925,35.9227969],[-95.255904,35.9228599],[-95.2558691,35.9229316],[-95.2557833,35.9229381],[-95.2556707,35.9229598],[-95.2556429,35.9230302],[-95.2557168,35.9230501],[-95.2558565,35.9230468],[-95.2559448,35.9230967],[-95.2560837,35.9231249],[-95.2561584,35.9231017],[-95.2562179,35.9230618],[-95.2562741,35.9230945],[-95.2564136,35.9231227],[-95.2565343,35.9231749],[-95.25661,35.9232548],[-95.2567457,35.9234665],[-95.2567826,35.9235241],[-95.2569695,35.9236755],[-95.2570886,35.923747],[-95.2574398,35.9238717],[-95.2575815,35.9239482],[-95.2576349,35.9240064],[-95.2576194,35.9240717],[-95.2576095,35.9241133],[-95.257532,35.9242049],[-95.2573819,35.9242631],[-95.2572585,35.9243174],[-95.2572129,35.9244021],[-95.2572827,35.9244303],[-95.2572853,35.9245498],[-95.2573363,35.9245585],[-95.2573634,35.9246243],[-95.2572201,35.9246699],[-95.2572262,35.9247281],[-95.2573022,35.9247697],[-95.2574357,35.9247697],[-95.2575322,35.9247148],[-95.2576287,35.9246671],[-95.2578567,35.9246931],[-95.2579666,35.9247083],[-95.2581866,35.9247214],[-95.2583636,35.9246692],[-95.258554,35.9246041],[-95.2586238,35.9245259],[-95.258782,35.9244629],[-95.2589081,35.9243717],[-95.2589805,35.9243043],[-95.2589912,35.9242001],[-95.259179,35.9241653],[-95.2593579,35.9241827],[-95.2595879,35.9243005],[-95.2597584,35.9243673],[-95.259919,35.9244652],[-95.2601527,35.9245885],[-95.2602821,35.9245885],[-95.260395,35.9246018],[-95.2605255,35.9246439],[-95.2605973,35.9246694],[-95.2607408,35.9247204],[-95.2609949,35.9248198],[-95.2611283,35.9249637],[-95.2611753,35.9251125],[-95.2611914,35.925321],[-95.2612625,35.9254079],[-95.2613697,35.9254426],[-95.2616259,35.9253992],[-95.2617976,35.9253373],[-95.2619202,35.9253447],[-95.2620148,35.925435],[-95.2620349,35.9255643],[-95.2619759,35.9256913],[-95.2617104,35.9258325],[-95.2614642,35.9259464],[-95.2613634,35.9260491],[-95.2612201,35.9260984],[-95.2611424,35.9262221],[-95.2610586,35.926369],[-95.2608902,35.9264416],[-95.2607642,35.9264633],[-95.2606944,35.9265372],[-95.260622,35.926598],[-95.2604664,35.9266718],[-95.260335,35.9267522],[-95.260276,35.9268065],[-95.2601258,35.9268499],[-95.25993,35.9268977],[-95.2599117,35.9269525],[-95.2597781,35.9269974],[-95.2594251,35.9271161],[-95.2592508,35.9272378],[-95.2592133,35.9273246],[-95.2592997,35.927419],[-95.2594174,35.9274675],[-95.2595834,35.9274115],[-95.2601386,35.9273051],[-95.2604578,35.9273138],[-95.2605202,35.9273903],[-95.2605886,35.9274338],[-95.2606999,35.927437],[-95.2608259,35.9273654],[-95.2609238,35.927298],[-95.2610338,35.9273165],[-95.2610915,35.927386],[-95.261196,35.9274363],[-95.2613328,35.9274168],[-95.2614025,35.9274016],[-95.2613489,35.9273234],[-95.2613651,35.9272807],[-95.2615413,35.9272625],[-95.2617063,35.9272455],[-95.2619873,35.9272496],[-95.2621911,35.9272126],[-95.2622394,35.9272257],[-95.2623467,35.9273299],[-95.2624459,35.9274016],[-95.262572,35.9273973],[-95.2626042,35.9273495],[-95.2626068,35.9272821],[-95.2626122,35.9272322],[-95.2626554,35.9271775],[-95.2628241,35.9271627],[-95.2629555,35.9271475],[-95.2630459,35.9270855],[-95.2631876,35.9271623],[-95.2634277,35.9272416],[-95.2636395,35.9272887],[-95.2638126,35.9272807],[-95.2639694,35.9273234],[-95.2640561,35.9272965],[-95.2640982,35.9272582],[-95.2640767,35.9271909],[-95.2639694,35.9271366],[-95.2639345,35.9271019],[-95.2640391,35.927091],[-95.2641733,35.9271279],[-95.2643315,35.9271864],[-95.2644442,35.9272177],[-95.2646587,35.9271996],[-95.2648193,35.9271241],[-95.2649329,35.9271028],[-95.2650155,35.9270874],[-95.2651523,35.9271192],[-95.265218,35.9271862],[-95.2654596,35.9272165],[-95.2654853,35.927215],[-95.2655836,35.9272094],[-95.2656861,35.9272036],[-95.2657889,35.9271556],[-95.2659045,35.9271815],[-95.2660955,35.9274562],[-95.2661822,35.9275254],[-95.2662359,35.9275297],[-95.2662842,35.9275667],[-95.2662756,35.927629],[-95.2662428,35.9279117],[-95.2661768,35.9280628],[-95.2663702,35.9284117],[-95.2662897,35.9287839],[-95.2664402,35.9290967]]]}},{"type":"Feature","properties":{"kind":"park","name":"Old Sallisaw High School Park","ele_ft":null,"operator":null,"osm":"way/626051701"},"geometry":{"type":"Polygon","coordinates":[[[-94.7925575,35.4570312],[-94.7916667,35.4564657],[-94.7916011,35.4564633],[-94.7909861,35.4571468],[-94.7910197,35.4572873],[-94.7911319,35.4573692],[-94.7921356,35.457321],[-94.7922524,35.4572952],[-94.7923997,35.4571973],[-94.7925575,35.4570312]]]}},{"type":"Feature","properties":{"kind":"park","name":"Alex Denton Park","ele_ft":null,"operator":null,"osm":"way/626051702"},"geometry":{"type":"Polygon","coordinates":[[[-94.7884299,35.4531953],[-94.7890605,35.4525089],[-94.7882563,35.4519876],[-94.7881857,35.4518389],[-94.7882608,35.4517537],[-94.7887945,35.4511507],[-94.7877163,35.4507312],[-94.7876465,35.4507333],[-94.7875258,35.4507683],[-94.7874105,35.4508666],[-94.7867695,35.4516335],[-94.7878711,35.4523855],[-94.7875958,35.4526697],[-94.7884299,35.4531953]]]}},{"type":"Feature","properties":{"kind":"reserve","name":"Hunter's Home","ele_ft":null,"operator":null,"osm":"way/722088572"},"geometry":{"type":"Polygon","coordinates":[[[-94.9591222,35.8556963],[-94.9589253,35.8556936],[-94.9589293,35.8555021],[-94.9590576,35.8555039],[-94.9590569,35.8555403],[-94.9591254,35.8555413],[-94.9591222,35.8556963]]]}},{"type":"Feature","properties":{"kind":"ramp","name":null,"ele_ft":null,"operator":null,"osm":"way/765471468"},"geometry":{"type":"LineString","coordinates":[[-95.2703613,35.8856305],[-95.270244,35.8856311]]}},{"type":"Feature","properties":{"kind":"ramp","name":null,"ele_ft":null,"operator":null,"osm":"way/765471469"},"geometry":{"type":"LineString","coordinates":[[-95.271488,35.8889971],[-95.2714162,35.8892474]]}},{"type":"Feature","properties":{"kind":"ramp","name":null,"ele_ft":null,"operator":null,"osm":"way/765471470"},"geometry":{"type":"LineString","coordinates":[[-95.2727539,35.8885033],[-95.2729345,35.8888162]]}},{"type":"Feature","properties":{"kind":"reserve","name":"Lower Illinois Public Fishing and Hunting Area","ele_ft":null,"operator":"Oklahoma Department of Wildlife Conservation","osm":"way/1046973740"},"geometry":{"type":"Polygon","coordinates":[[[-95.0695879,35.5770584],[-95.0696015,35.5806898],[-95.0685166,35.5807003],[-95.0661345,35.5806982],[-95.0624105,35.5807074],[-95.0623982,35.5773619],[-95.0650932,35.5773554],[-95.0650797,35.5735671],[-95.067403,35.5735616],[-95.067396,35.5715856],[-95.0695598,35.5715806],[-95.0695535,35.5697576],[-95.0755281,35.5697437],[-95.0755258,35.5691213],[-95.0804913,35.569109],[-95.0805213,35.5770311],[-95.0695879,35.5770584]]]}},{"type":"Feature","properties":{"kind":"park","name":null,"ele_ft":null,"operator":null,"osm":"way/1190062895"},"geometry":{"type":"Polygon","coordinates":[[[-94.9694011,35.9105349],[-94.9691637,35.9104936],[-94.969098,35.9104947],[-94.9690309,35.9105099],[-94.9689639,35.9105403],[-94.9689102,35.9105914],[-94.9688686,35.9106739],[-94.9685843,35.9112083],[-94.9684381,35.9114777],[-94.9679446,35.9123249],[-94.9684435,35.9125128],[-94.9685235,35.912543],[-94.9684542,35.9127692],[-94.9682209,35.9131743],[-94.9680734,35.9137055],[-94.9682128,35.9137533],[-94.9682732,35.9135577],[-94.9683778,35.9132612],[-94.9684231,35.9131047],[-94.9687909,35.912162],[-94.9688378,35.9120827],[-94.968992,35.9118742],[-94.9690792,35.9117102],[-94.969153,35.9115233],[-94.9694011,35.9105349]]]}},{"type":"Feature","properties":{"kind":"park","name":null,"ele_ft":null,"operator":null,"osm":"way/1190062906"},"geometry":{"type":"Polygon","coordinates":[[[-94.968005,35.9153217],[-94.9674967,35.9157876],[-94.9680962,35.9159712],[-94.9683905,35.9153249],[-94.9683493,35.9152502],[-94.9680888,35.9152657],[-94.968005,35.9153217]]]}},{"type":"Feature","properties":{"kind":"park","name":"Sizemore Landing Public Use Area","ele_ft":636,"operator":null,"osm":"way/1201533739"},"geometry":{"type":"Polygon","coordinates":[[[-94.9677507,35.724289],[-94.9679111,35.7241429],[-94.9679111,35.7240095],[-94.9681224,35.7237173],[-94.9683063,35.723784],[-94.9684706,35.7238888],[-94.9686819,35.7239587],[-94.9688149,35.7242509],[-94.9690145,35.7246988],[-94.9691631,35.7251181],[-94.9687601,35.7251562],[-94.9684354,35.7251975],[-94.968005,35.7249211],[-94.9677507,35.724289]]]}},{"type":"Feature","properties":{"kind":"campground","name":"Deer Run","ele_ft":null,"operator":null,"osm":"way/1223918710"},"geometry":{"type":"Polygon","coordinates":[[[-95.1654962,35.6249624],[-95.1656395,35.6248876],[-95.1656962,35.6248085],[-95.1657068,35.6246676],[-95.1656289,35.6244691],[-95.1655422,35.6244576],[-95.1651405,35.6244043],[-95.1644663,35.6244489],[-95.164353,35.6246201],[-95.164346,35.6247309],[-95.1643601,35.6248186],[-95.1644433,35.6249092],[-95.1645371,35.624961],[-95.1649193,35.6249912],[-95.1651299,35.6249855],[-95.1654962,35.6249624]]]}},{"type":"Feature","properties":{"kind":"campground","name":"Gobbler Ridge","ele_ft":null,"operator":null,"osm":"way/1223918741"},"geometry":{"type":"Polygon","coordinates":[[[-95.1706272,35.621883],[-95.1713675,35.621303],[-95.1717484,35.6210414],[-95.1721883,35.6207318],[-95.1725531,35.6204789],[-95.1726979,35.6203045],[-95.1726925,35.6200995],[-95.1725745,35.619912],[-95.1721293,35.6197245],[-95.1714694,35.6196373],[-95.1704127,35.6197812],[-95.1699781,35.6197201],[-95.1692164,35.6195326],[-95.1688462,35.6196634],[-95.1685137,35.6199076],[-95.168342,35.6201867],[-95.1683259,35.620492],[-95.1691145,35.6218263],[-95.1693398,35.6221665],[-95.1695383,35.6225109],[-95.1706433,35.6224761],[-95.1706272,35.621883]]]}},{"type":"Feature","properties":{"kind":"ramp","name":null,"ele_ft":null,"operator":null,"osm":"way/1223919300"},"geometry":{"type":"LineString","coordinates":[[-95.1772655,35.6153076],[-95.1771139,35.6150546]]}},{"type":"Feature","properties":{"kind":"park","name":"Vian Anna Farmer Gazebo Park","ele_ft":null,"operator":null,"osm":"way/1246246333"},"geometry":{"type":"Polygon","coordinates":[[[-94.971376,35.4977717],[-94.9714716,35.4974951],[-94.9700541,35.4971781],[-94.969978,35.4974144],[-94.9700099,35.4974706],[-94.971376,35.4977717]]]}},{"type":"Feature","properties":{"kind":"park","name":null,"ele_ft":null,"operator":null,"osm":"way/1281827316"},"geometry":{"type":"Polygon","coordinates":[[[-94.9686978,35.5108951],[-94.9646604,35.5108197],[-94.9646558,35.5180375],[-94.9645677,35.5184261],[-94.9644472,35.5185997],[-94.9698196,35.5227988],[-94.9707466,35.5222706],[-94.971428,35.5217235],[-94.9737504,35.5216745],[-94.9733517,35.5195504],[-94.9729716,35.5184676],[-94.9720955,35.5169773],[-94.9713863,35.5161209],[-94.9705427,35.5151663],[-94.9698706,35.5141665],[-94.9693143,35.5131666],[-94.9690223,35.5123629],[-94.9686978,35.5108951]]]}},{"type":"Feature","properties":{"kind":"park","name":null,"ele_ft":null,"operator":null,"osm":"way/1281841047"},"geometry":{"type":"Polygon","coordinates":[[[-95.2791328,35.9392734],[-95.2782487,35.9392384],[-95.2779918,35.9394967],[-95.2763806,35.9391671],[-95.2764131,35.9391349],[-95.2765127,35.9390362],[-95.2766816,35.9385606],[-95.2767058,35.9381545],[-95.2767501,35.938061],[-95.2768318,35.9379786],[-95.2773093,35.9378005],[-95.2778538,35.9375203],[-95.2781917,35.9372554],[-95.2785216,35.9368406],[-95.2786182,35.9365453],[-95.2786531,35.9363107],[-95.278417,35.9360241],[-95.2787037,35.9362398],[-95.2797465,35.9370428],[-95.2796519,35.9373756],[-95.279322,35.9377193],[-95.2792247,35.9379075],[-95.2791652,35.9381768],[-95.2791463,35.9386233],[-95.2791328,35.9392734]]]}},{"type":"Feature","properties":{"kind":"marina","name":"Greenleaf Marina & Grill","ele_ft":null,"operator":null,"osm":"way/1310505978"},"geometry":{"type":"Polygon","coordinates":[[[-95.1642844,35.6232199],[-95.1641368,35.6232153],[-95.1641169,35.6229378],[-95.1641125,35.6228767],[-95.1642657,35.6228691],[-95.1642674,35.6229314],[-95.1642844,35.6232199]]]}},{"type":"Feature","properties":{"kind":"park","name":"Pettit Bay Public Use Area","ele_ft":676,"operator":null,"osm":"way/1325960952"},"geometry":{"type":"Polygon","coordinates":[[[-94.9458688,35.7549275],[-94.9458197,35.7483497],[-94.9486213,35.7481424],[-94.9496091,35.7504714],[-94.9500774,35.7533325],[-94.9522319,35.7561865],[-94.9521893,35.7567808],[-94.9500604,35.7557926],[-94.9484765,35.7570019],[-94.9469948,35.7561105],[-94.9458688,35.7549275]]]}},{"type":"Feature","properties":{"kind":"ramp","name":null,"ele_ft":null,"operator":null,"osm":"way/1340343927"},"geometry":{"type":"LineString","coordinates":[[-95.2649131,35.8024712],[-95.2648672,35.8023339],[-95.2648054,35.8020698],[-95.2647915,35.8020184]]}},{"type":"Feature","properties":{"kind":"campground","name":"Burnt Cabin Christian Camp","ele_ft":null,"operator":null,"osm":"way/1383271122"},"geometry":{"type":"Polygon","coordinates":[[[-95.009731,35.671009],[-95.0063158,35.670964],[-95.0063455,35.6694182],[-95.0048403,35.6694065],[-95.0049354,35.6690075],[-95.0053209,35.6683553],[-95.0059177,35.6677803],[-95.0066202,35.6675272],[-95.0069371,35.6675357],[-95.0069371,35.6685484],[-95.0097094,35.6685439],[-95.009713,35.669],[-95.0097378,35.6694011],[-95.0097446,35.6699071],[-95.00971,35.670294],[-95.009669,35.670746],[-95.009698,35.670868],[-95.009731,35.671009]]]}},{"type":"Feature","properties":{"kind":"campground","name":"Spaniard Creek Recreation Area","ele_ft":null,"operator":"United States Army Corps of Engineers","osm":"way/1420942753"},"geometry":{"type":"Polygon","coordinates":[[[-95.2673189,35.5984662],[-95.2671658,35.5983299],[-95.2670852,35.5980975],[-95.2672668,35.5975069],[-95.2673213,35.5968621],[-95.2672729,35.5965767],[-95.2669823,35.5961386],[-95.2665162,35.5957498],[-95.266032,35.5955677],[-95.2657233,35.5955874],[-95.2641495,35.5960549],[-95.2637924,35.5960402],[-95.2636411,35.5958581],[-95.2635095,35.5955612],[-95.2633505,35.5954003],[-95.2630809,35.5953568],[-95.2627392,35.5953806],[-95.2626363,35.5952625],[-95.2624583,35.5951899],[-95.262311,35.595228],[-95.2622374,35.5953885],[-95.2621096,35.5957412],[-95.262191,35.5959868],[-95.2623652,35.5961065],[-95.2626595,35.5964623],[-95.2629306,35.5967678],[-95.2632753,35.5969315],[-95.2634805,35.5970984],[-95.263678,35.5971519],[-95.2638406,35.5971173],[-95.2639181,35.5970417],[-95.2640142,35.5969721],[-95.264073,35.596963],[-95.2642356,35.5969756],[-95.2643092,35.5970197],[-95.2644022,35.5970386],[-95.2645725,35.5970386],[-95.2646655,35.5970102],[-95.2647778,35.5969472],[-95.2647894,35.5968906],[-95.2648475,35.5968024],[-95.2649172,35.5967394],[-95.2649521,35.5966575],[-95.2649443,35.5965662],[-95.2649753,35.5965442],[-95.2650837,35.5965505],[-95.2651379,35.5965977],[-95.2652154,35.5966261],[-95.2653354,35.596645],[-95.2653858,35.5966198],[-95.2654981,35.5965568],[-95.265591,35.5965536],[-95.2657265,35.5965662],[-95.265835,35.5966009],[-95.2659434,35.5966827],[-95.2658427,35.5967079],[-95.2656878,35.5967079],[-95.2655833,35.5968087],[-95.2655368,35.5968906],[-95.2655639,35.5969724],[-95.2655484,35.5970512],[-95.2654826,35.5970952],[-95.2653199,35.5970732],[-95.2651999,35.5970449],[-95.2651224,35.5971047],[-95.2650295,35.597196],[-95.264894,35.597281],[-95.2646577,35.5972999],[-95.2643828,35.5972401],[-95.2642627,35.5973283],[-95.2642589,35.5973881],[-95.2645532,35.5975644],[-95.2649482,35.5977785],[-95.2654748,35.5980304],[-95.2657212,35.5979378],[-95.2660224,35.5979223],[-95.2663885,35.5980711],[-95.2666249,35.5981579],[-95.2667927,35.5982385],[-95.2669624,35.5985114],[-95.2671358,35.5986757],[-95.2673189,35.5984662]]]}},{"type":"Feature","properties":{"kind":"ramp","name":null,"ele_ft":null,"operator":null,"osm":"way/1420942754"},"geometry":{"type":"LineString","coordinates":[[-95.262646,35.595472],[-95.2625481,35.5953681],[-95.2624492,35.5952977],[-95.2623845,35.5952373]]}},{"type":"Feature","properties":{"kind":"campground","name":"Brewers Bend Recreation Area","ele_ft":null,"operator":"U.S. Army Corps of Engineers","osm":"way/1420946328"},"geometry":{"type":"Polygon","coordinates":[[[-95.189571,35.5805049],[-95.1881378,35.5792321],[-95.1875118,35.5787966],[-95.1871741,35.5786091],[-95.187067,35.5783746],[-95.1868117,35.5775238],[-95.1866964,35.5773094],[-95.1872812,35.5765122],[-95.1874295,35.5758958],[-95.1873224,35.5752259],[-95.1871576,35.5747033],[-95.1869451,35.5740359],[-95.1866799,35.5740948],[-95.1864629,35.574183],[-95.1862821,35.5743203],[-95.186041,35.5743889],[-95.1857999,35.5744183],[-95.185607,35.5745556],[-95.1854744,35.5751635],[-95.1854021,35.5753694],[-95.1853056,35.5755557],[-95.185173,35.5757322],[-95.1848234,35.5760264],[-95.1846305,35.5761538],[-95.1844738,35.5760068],[-95.18451,35.5756146],[-95.1844859,35.5754185],[-95.1844135,35.5752322],[-95.1843171,35.5750655],[-95.18363,35.5742419],[-95.1835335,35.5740556],[-95.1834973,35.5738693],[-95.1834009,35.5736633],[-95.1829343,35.5741614],[-95.1829102,35.5742692],[-95.1829283,35.5743722],[-95.1829162,35.5747987],[-95.1829524,35.5748968],[-95.1829403,35.5749948],[-95.1828559,35.5750635],[-95.1827414,35.5750585],[-95.1823798,35.5749556],[-95.1823496,35.5747546],[-95.1820784,35.5744261],[-95.1819819,35.5742398],[-95.1819337,35.573931],[-95.1819759,35.5737299],[-95.1819156,35.5736417],[-95.1818011,35.5736123],[-95.1815359,35.5736074],[-95.1813973,35.5736172],[-95.1807885,35.5737643],[-95.1799326,35.5737986],[-95.179583,35.5738623],[-95.1792936,35.5740388],[-95.1791671,35.57423],[-95.1790425,35.5745715],[-95.179984,35.5748447],[-95.1804458,35.5749924],[-95.181167,35.5759884],[-95.1805495,35.5762965],[-95.1807727,35.5764695],[-95.1815614,35.5761108],[-95.1820958,35.5760053],[-95.1827548,35.5761657],[-95.1832893,35.5764231],[-95.1838185,35.5768451],[-95.1841091,35.5773938],[-95.1843426,35.5778707],[-95.1847992,35.578318],[-95.1853545,35.5785839],[-95.1864441,35.5789342],[-95.1868437,35.5789721],[-95.1874196,35.5792591],[-95.1877673,35.5796811],[-95.1880215,35.5798668],[-95.1883536,35.5799512],[-95.1891994,35.580656],[-95.189571,35.5805049]]]}},{"type":"Feature","properties":{"kind":"park","name":"Sequoyah Bay State Park","ele_ft":597,"operator":"State of Oklahoma","osm":"way/1428311928"},"geometry":{"type":"Polygon","coordinates":[[[-95.2782293,35.8857197],[-95.2782095,35.8875074],[-95.2772064,35.8875101],[-95.2772439,35.8893589],[-95.2761366,35.8893537],[-95.2761057,35.8907885],[-95.2749989,35.890786],[-95.2743455,35.8907829],[-95.2739036,35.8907808],[-95.2739217,35.891767],[-95.273351,35.8917752],[-95.2731163,35.8917786],[-95.2724516,35.8909478],[-95.2723028,35.8905382],[-95.2723886,35.8903448],[-95.2726997,35.8899363],[-95.2730887,35.8896386],[-95.2734427,35.889669],[-95.273499,35.8896168],[-95.2734508,35.8894539],[-95.273668,35.8892844],[-95.2737914,35.8892605],[-95.2738719,35.8893104],[-95.2740677,35.889569],[-95.2741749,35.8897298],[-95.2743144,35.8897928],[-95.2744941,35.8897689],[-95.2746121,35.8896581],[-95.2744861,35.8895125],[-95.2744217,35.8893191],[-95.2745719,35.8890888],[-95.2747731,35.8888997],[-95.2749796,35.888802],[-95.2752291,35.8884521],[-95.2753927,35.888313],[-95.2741267,35.8887802],[-95.2736761,35.8888237],[-95.2734105,35.8887889],[-95.2731611,35.8886824],[-95.2729626,35.8888063],[-95.272512,35.8889649],[-95.2720694,35.8891866],[-95.2717771,35.8892539],[-95.2714096,35.8892605],[-95.2711575,35.8891257],[-95.2708544,35.8888476],[-95.2704547,35.8882956],[-95.2702804,35.8878893],[-95.2701812,35.8874448],[-95.2701597,35.8873482],[-95.2700899,35.8864051],[-95.270157,35.8852229],[-95.2705808,35.8847101],[-95.2705057,35.8845384],[-95.2704923,35.8844428],[-95.2707095,35.8843406],[-95.2707933,35.8842258],[-95.2711011,35.8838039],[-95.2714096,35.8834431],[-95.2717395,35.883228],[-95.2717556,35.883065],[-95.2716751,35.8829694],[-95.2717922,35.8829423],[-95.2719165,35.8829107],[-95.2722035,35.882713],[-95.2728312,35.8823022],[-95.2733783,35.8821827],[-95.2740677,35.8819067],[-95.2742286,35.8818046],[-95.2743412,35.8818893],[-95.2743815,35.8820719],[-95.274521,35.8820762],[-95.2750869,35.882011],[-95.2754734,35.8836866],[-95.2782866,35.8836762],[-95.2782293,35.8857197]]]}},{"type":"Feature","properties":{"kind":"park","name":"Wahoo Bay Public Use Area","ele_ft":551,"operator":"United States Army Corps of Engineers","osm":"way/1428311930"},"geometry":{"type":"Polygon","coordinates":[[[-95.2826381,35.8786353],[-95.2826732,35.8789902],[-95.2824366,35.8792173],[-95.2821738,35.8793877],[-95.2821036,35.8795705],[-95.2817656,35.8794466],[-95.2813847,35.8794683],[-95.2810521,35.8794118],[-95.2806874,35.8791793],[-95.2803145,35.8790098],[-95.2800248,35.8792293],[-95.2795474,35.8792923],[-95.2790324,35.8793249],[-95.2787642,35.8792619],[-95.2785925,35.8793466],[-95.2781473,35.8794966],[-95.2778496,35.8795053],[-95.2772729,35.8794749],[-95.2766721,35.8793379],[-95.2762912,35.8791358],[-95.27609,35.8789076],[-95.2761088,35.8785795],[-95.2759774,35.8786208],[-95.2757387,35.8789055],[-95.2755655,35.8790615],[-95.2751712,35.8792267],[-95.2747018,35.879318],[-95.2742941,35.8794353],[-95.2737818,35.8796113],[-95.2735109,35.8796113],[-95.2732963,35.8794962],[-95.2731461,35.879431],[-95.2728258,35.8794792],[-95.2726761,35.8794663],[-95.2725737,35.8794836],[-95.2724422,35.8792554],[-95.2721955,35.8789468],[-95.2723323,35.8788403],[-95.2724583,35.87836],[-95.2726664,35.8784001],[-95.273816,35.8789559],[-95.2742418,35.8790479],[-95.2744357,35.8789828],[-95.2747338,35.8787681],[-95.2752305,35.8784806],[-95.2756232,35.8782813],[-95.2759827,35.8781586],[-95.282639,35.8782889],[-95.2826381,35.8786353]]]}},{"type":"Feature","properties":{"kind":"marina","name":"Cypress Cove Marina","ele_ft":null,"operator":null,"osm":"way/1428313578"},"geometry":{"type":"Polygon","coordinates":[[[-95.2729098,35.889211],[-95.2728615,35.8890772],[-95.2727474,35.8891068],[-95.2726479,35.8891326],[-95.2726847,35.8892281],[-95.2726963,35.8892583],[-95.2727247,35.8892705],[-95.2729098,35.889211]]]}},{"type":"Feature","properties":{"kind":"park","name":"Dam Site Public Use Area","ele_ft":499,"operator":null,"osm":"way/1428317466"},"geometry":{"type":"Polygon","coordinates":[[[-95.2335075,35.8674062],[-95.2333859,35.8676734],[-95.2333084,35.8678137],[-95.2330438,35.86806],[-95.2327801,35.8679112],[-95.2324492,35.8676619],[-95.2320665,35.8673854],[-95.2319916,35.8672827],[-95.2319373,35.8671822],[-95.2318623,35.8671298],[-95.2317201,35.8670816],[-95.2315805,35.8669664],[-95.2314668,35.8668805],[-95.231291,35.8668113],[-95.2311203,35.8666919],[-95.2309368,35.8665474],[-95.2307532,35.8664636],[-95.2306059,35.8663399],[-95.2304352,35.8662184],[-95.2302672,35.8660529],[-95.2301301,35.865884],[-95.2300041,35.8657696],[-95.2298815,35.8657626],[-95.2297955,35.8657018],[-95.2297827,35.8656618],[-95.2298303,35.8656218],[-95.2296749,35.865404],[-95.2294308,35.8651002],[-95.2293429,35.8649389],[-95.2292214,35.8648216],[-95.2290921,35.864566],[-95.228981,35.8642852],[-95.2288953,35.8642265],[-95.2288207,35.8641407],[-95.228588,35.8642245],[-95.2285725,35.8642056],[-95.2287767,35.8640883],[-95.2288207,35.864038],[-95.2288026,35.8639961],[-95.2288439,35.8639165],[-95.2287173,35.8635939],[-95.2288002,35.8635719],[-95.2289075,35.8637175],[-95.2293742,35.8639392],[-95.2293929,35.8642066],[-95.2295861,35.8641675],[-95.2300259,35.8642175],[-95.2302244,35.8643848],[-95.2304873,35.8648218],[-95.230836,35.8652456],[-95.2312115,35.8657912],[-95.2315789,35.866402],[-95.2317104,35.8664933],[-95.2320135,35.8662585],[-95.2321744,35.8667389],[-95.2323487,35.8668106],[-95.2328262,35.8667302],[-95.2329817,35.8667759],[-95.2331185,35.8668541],[-95.2331159,35.866615],[-95.2333438,35.8668889],[-95.2335852,35.8671323],[-95.2335075,35.8674062]]]}},{"type":"Feature","properties":{"kind":"park","name":"Highway 10 Landing","ele_ft":492,"operator":null,"osm":"way/1428330899"},"geometry":{"type":"Polygon","coordinates":[[[-95.176891,35.6170217],[-95.1770775,35.6168635],[-95.1772803,35.6166492],[-95.1774141,35.6164217],[-95.1774669,35.6162206],[-95.1775115,35.6160524],[-95.1774871,35.6159535],[-95.177767,35.6158085],[-95.1775439,35.6151953],[-95.1775149,35.6151182],[-95.1774206,35.615122],[-95.1767151,35.6149306],[-95.1765885,35.6149159],[-95.1763233,35.6149257],[-95.1759737,35.6149796],[-95.1756181,35.6149894],[-95.1755819,35.6151756],[-95.1756301,35.6154892],[-95.1756703,35.6157129],[-95.1758974,35.6160393],[-95.1760596,35.6163294],[-95.176891,35.6170217]]]}},{"type":"Feature","properties":{"kind":"campground","name":"Attakullakulla Campground","ele_ft":null,"operator":null,"osm":"way/1429767416"},"geometry":{"type":"Polygon","coordinates":[[[-95.2741813,35.8902929],[-95.2740944,35.8900113],[-95.2737307,35.8900921],[-95.2732865,35.8902695],[-95.2729002,35.8905433],[-95.272852,35.8908875],[-95.2729163,35.8911483],[-95.273351,35.8917752],[-95.2739217,35.891767],[-95.2739036,35.8907808],[-95.2743455,35.8907829],[-95.2741813,35.8902929]]]}},{"type":"Feature","properties":{"kind":"campground","name":"Hulbutta Micco Campground","ele_ft":null,"operator":null,"osm":"way/1429767419"},"geometry":{"type":"Polygon","coordinates":[[[-95.2725885,35.8877461],[-95.2722053,35.8871942],[-95.2719475,35.8871827],[-95.2717251,35.8872421],[-95.2716589,35.8873322],[-95.27164,35.8874874],[-95.2719025,35.8880278],[-95.2721012,35.8880489],[-95.2722408,35.8880317],[-95.2724324,35.887932],[-95.2725317,35.8878496],[-95.2725885,35.8877461]]]}},{"type":"Feature","properties":{"kind":"campground","name":"Pushmataha Campground","ele_ft":null,"operator":null,"osm":"way/1429767421"},"geometry":{"type":"Polygon","coordinates":[[[-95.2715429,35.8888655],[-95.2710537,35.8881067],[-95.2710247,35.8878694],[-95.2711631,35.8871653],[-95.2710344,35.8868184],[-95.2707962,35.8865681],[-95.2700899,35.8864051],[-95.2701597,35.8873482],[-95.2701812,35.8874448],[-95.2702804,35.8878893],[-95.2704547,35.8882956],[-95.2708544,35.8888476],[-95.2711575,35.8891257],[-95.2715429,35.8888655]]]}},{"type":"Feature","properties":{"kind":"campground","name":"Payamataha Campground","ele_ft":null,"operator":null,"osm":"way/1429767422"},"geometry":{"type":"Polygon","coordinates":[[[-95.2753927,35.888313],[-95.2752817,35.8871462],[-95.2765126,35.8862874],[-95.2766265,35.8858225],[-95.2758424,35.8861951],[-95.2736436,35.8874442],[-95.2736217,35.888303],[-95.2736761,35.8888237],[-95.2741267,35.8887802],[-95.2753927,35.888313]]]}},{"type":"Feature","properties":{"kind":"campground","name":"Opothle-Yahold Campground","ele_ft":null,"operator":null,"osm":"way/1429767425"},"geometry":{"type":"Polygon","coordinates":[[[-95.2740334,35.8856202],[-95.2741341,35.8852582],[-95.274419,35.8849486],[-95.2747231,35.8847511],[-95.2750189,35.8846833],[-95.2754351,35.8845804],[-95.2756365,35.884513],[-95.2755139,35.8840694],[-95.2749182,35.8832922],[-95.274686,35.8830438],[-95.2732012,35.8833383],[-95.2724649,35.8840638],[-95.2723295,35.8841971],[-95.2722594,35.8847862],[-95.2725442,35.8853612],[-95.2736217,35.8856167],[-95.2740334,35.8856202]]]}},{"type":"Feature","properties":{"kind":"park","name":"Wildwood Public Use Area","ele_ft":568,"operator":"United States Army Corps of Engineers","osm":"way/1432620910"},"geometry":{"type":"Polygon","coordinates":[[[-95.2135856,35.9178925],[-95.2137599,35.9187239],[-95.213663,35.918771],[-95.2131763,35.91896],[-95.2126374,35.9191131],[-95.2120662,35.9192987],[-95.2115675,35.9193769],[-95.2112184,35.9193832],[-95.2107748,35.9194476],[-95.2105046,35.9195283],[-95.2102827,35.9196549],[-95.2099215,35.9197471],[-95.2098504,35.9197263],[-95.209657,35.9196503],[-95.2093499,35.9196365],[-95.2092532,35.9196158],[-95.2091878,35.9195006],[-95.2090399,35.9192772],[-95.2088863,35.9189916],[-95.2087655,35.9187889],[-95.2086787,35.9186254],[-95.2087156,35.9184411],[-95.2088266,35.9183559],[-95.2088863,35.9182453],[-95.2089659,35.9180611],[-95.2089574,35.9179689],[-95.2090313,35.9178676],[-95.2090882,35.9178031],[-95.2090996,35.9176787],[-95.2090711,35.9175728],[-95.2090086,35.9174875],[-95.2092826,35.9172194],[-95.2094141,35.9173105],[-95.2095407,35.9173915],[-95.209748,35.917498],[-95.21016,35.917641],[-95.2105207,35.9177491],[-95.2107585,35.9178301],[-95.211146,35.917955],[-95.211693,35.918138],[-95.212,35.918197],[-95.212238,35.918226],[-95.212586,35.918208],[-95.2129581,35.9181759],[-95.2131892,35.9181269],[-95.2133528,35.9180561],[-95.2135,35.917971],[-95.2135856,35.9178925]]]}},{"type":"Feature","properties":{"kind":"reserve","name":"Fort Gibson Wildlife Management Area - Hulbert","ele_ft":null,"operator":"Oklahoma Department of Wildlife Conservation","osm":"way/1534981717"},"geometry":{"type":"Polygon","coordinates":[[[-95.2253991,35.9364011],[-95.2254389,35.9353086],[-95.227629,35.935266],[-95.227664,35.9333083],[-95.2292234,35.9333083],[-95.2292849,35.9296863],[-95.2254301,35.9296765],[-95.2254389,35.9224692],[-95.2098982,35.9225401],[-95.2098106,35.9152611],[-95.2120532,35.9152611],[-95.2119656,35.9096844],[-95.2077431,35.909727],[-95.2077256,35.9139415],[-95.2054654,35.9139699],[-95.2054654,35.9152327],[-95.2031878,35.9152327],[-95.2031527,35.9133455],[-95.1988777,35.9133171],[-95.1988251,35.9143246],[-95.1974585,35.9143104],[-95.197476,35.9151476],[-95.1942873,35.9151334],[-95.1943223,35.9169497],[-95.1921673,35.9170206],[-95.1921323,35.9187375],[-95.1899247,35.9187943],[-95.1899184,35.9185088],[-95.1895249,35.9185171],[-95.1895198,35.9186702],[-95.1891673,35.918666],[-95.1891673,35.9185129],[-95.1887585,35.9185212],[-95.1887381,35.9181529],[-95.1876906,35.9181529],[-95.1876753,35.9187364],[-95.1873431,35.918724],[-95.1873329,35.9188646],[-95.1869497,35.9188688],[-95.1869395,35.9191915],[-95.1861884,35.9191791],[-95.1861935,35.9189391],[-95.1854628,35.9189267],[-95.1854168,35.9203295],[-95.1858767,35.9203584],[-95.1858869,35.9207722],[-95.186592,35.9207805],[-95.1865818,35.9212564],[-95.1850694,35.9212812],[-95.1850643,35.9223984],[-95.1826168,35.922415],[-95.182627,35.9214467],[-95.1811759,35.921455],[-95.1811606,35.9207226],[-95.1787182,35.9206936],[-95.178708,35.9187943],[-95.1719633,35.9187115],[-95.1719889,35.9296061],[-95.1814211,35.929544],[-95.1814211,35.9299081],[-95.1813496,35.9302598],[-95.1812219,35.9305784],[-95.1810584,35.9309052],[-95.1809562,35.9310004],[-95.1794948,35.9315093],[-95.1776196,35.9315424],[-95.1776196,35.9323947],[-95.1764138,35.9323988],[-95.1764138,35.9314886],[-95.1720911,35.9315052],[-95.1721064,35.932676],[-95.174232,35.9326636],[-95.1742218,35.9334621],[-95.1764393,35.9334538],[-95.1764597,35.9368214],[-95.189806,35.936809],[-95.189903,35.9351087],[-95.1909863,35.935117],[-95.1910016,35.9333628],[-95.1943637,35.9333669],[-95.194379,35.9368297],[-95.2210305,35.9368628],[-95.2222415,35.9368504],[-95.2236722,35.9367304],[-95.2253991,35.9364011]]]}},{"type":"Feature","properties":{"kind":"park","name":"Mission Park","ele_ft":null,"operator":null,"osm":"way/1544094914"},"geometry":{"type":"Polygon","coordinates":[[[-94.9801614,35.9062733],[-94.9801382,35.9044745],[-94.98278,35.904452],[-94.9828034,35.906251],[-94.9801614,35.9062733]]]}},{"type":"Feature","properties":{"kind":"park","name":"Kaufman Park","ele_ft":null,"operator":null,"osm":"way/1544094915"},"geometry":{"type":"Polygon","coordinates":[[[-94.9702887,35.9038961],[-94.970286,35.9032031],[-94.970632,35.9031857],[-94.9707554,35.9039114],[-94.9702887,35.9038961]]]}},{"type":"Feature","properties":{"kind":"park","name":"Tahlequah Tails Dog Park","ele_ft":null,"operator":null,"osm":"way/1544858967"},"geometry":{"type":"Polygon","coordinates":[[[-94.9719299,35.9006053],[-94.9719299,35.90011],[-94.9714686,35.9001186],[-94.9714632,35.8996624],[-94.9719192,35.8996406],[-94.9719299,35.8992018],[-94.9710984,35.89918],[-94.9711038,35.9006097],[-94.9719299,35.9006053]]]}},{"type":"Feature","properties":{"kind":"reserve","name":"Gruber State Game Management Area","ele_ft":643,"operator":"Oklahoma Department of Wildlife Conservation","osm":"relation/2811036"},"geometry":{"type":"MultiPolygon","coordinates":[[[[-95.1270534,35.7111598],[-95.0915512,35.7110579],[-95.091541,35.703868],[-95.086595,35.7039028],[-95.0861658,35.7039812],[-95.0840946,35.7048899],[-95.0836553,35.7050528],[-95.0830116,35.7050616],[-95.082679,35.705079],[-95.082164,35.7051225],[-95.0817456,35.705201],[-95.0814237,35.7053142],[-95.0805868,35.7051835],[-95.0802215,35.7051077],[-95.0798465,35.7049135],[-95.0792886,35.7045388],[-95.0789346,35.7042513],[-95.0785913,35.7040248],[-95.0779046,35.7038418],[-95.0774111,35.7037809],[-95.0766064,35.7037547],[-95.0736667,35.7038244],[-95.0726046,35.7037809],[-95.0672938,35.7038767],[-95.0667139,35.7040623],[-95.0659312,35.704382],[-95.0655445,35.7045153],[-95.0651802,35.7047305],[-95.064397,35.70514],[-95.0622942,35.7051487],[-95.056447,35.7052184],[-95.053996,35.7052685],[-95.0535931,35.7052968],[-95.0525846,35.7053229],[-95.0509323,35.7054362],[-95.0504388,35.7054536],[-95.0499346,35.7055233],[-95.0494512,35.7056566],[-95.0489899,35.7057786],[-95.0485076,35.7060286],[-95.0481428,35.7060634],[-95.0477137,35.7060634],[-95.0471772,35.7061506],[-95.0468017,35.7061506],[-95.0381972,35.7069608],[-95.1270534,35.7111598]]],[[[-95.1714091,35.6131559],[-95.1713812,35.6113762],[-95.1736783,35.6114032],[-95.1736826,35.6095937],[-95.1713533,35.6095929],[-95.1713823,35.5996197],[-95.1708464,35.5984581],[-95.1703486,35.5973842],[-95.1699865,35.596589],[-95.1696957,35.5957947],[-95.1695471,35.5951483],[-95.1686755,35.595143],[-95.1678602,35.5951379],[-95.1624264,35.5951046],[-95.1625498,35.602331],[-95.1447678,35.6023227],[-95.1448418,35.613104],[-95.1403309,35.6130648],[-95.1404449,35.6203482],[-95.1359201,35.620399],[-95.1358961,35.6240283],[-95.1337294,35.6240837],[-95.1336812,35.6279618],[-95.1270695,35.627957],[-95.1270668,35.6386752],[-95.1714091,35.6131559]]],[[[-95.1714091,35.6131559],[-95.1644965,35.6131187],[-95.1642712,35.6131189],[-95.1641103,35.6129444],[-95.1639601,35.6127412],[-95.163767,35.6127351],[-95.1635524,35.6127412],[-95.1629516,35.6125668],[-95.162737,35.6124298],[-95.1626083,35.612203],[-95.162501,35.6119326],[-95.1624366,35.6117032],[-95.1624902,35.611104],[-95.1625868,35.6106853],[-95.1627048,35.6103801],[-95.1627048,35.6100024],[-95.1626726,35.6096273],[-95.1626635,35.6095104],[-95.1571902,35.609534],[-95.1571687,35.6094441],[-95.1572331,35.6093656],[-95.1572867,35.6092871],[-95.1571795,35.6091476],[-95.1571258,35.6090804],[-95.1571473,35.6089557],[-95.1571365,35.6088859],[-95.15704,35.6089234],[-95.156922,35.6090603],[-95.1567825,35.6092112],[-95.1566537,35.6092086],[-95.1563533,35.6091502],[-95.1559135,35.608967],[-95.1557525,35.6089208],[-95.1556452,35.6088972],[-95.1554628,35.6088536],[-95.155259,35.6089408],[-95.1550444,35.6091563],[-95.1549264,35.6092287],[-95.1547869,35.6091851],[-95.1547333,35.609124],[-95.1549479,35.6088597],[-95.1550659,35.6087376],[-95.1550659,35.6086268],[-95.1549157,35.608557],[-95.1547869,35.6085832],[-95.1545187,35.6084934],[-95.154347,35.6084175],[-95.1543041,35.6083276],[-95.1541647,35.6082404],[-95.153993,35.6082491],[-95.1537999,35.608243],[-95.1536068,35.6081881],[-95.1533493,35.6079901],[-95.1529952,35.6077432],[-95.1526948,35.607499],[-95.1522125,35.6072111],[-95.1520082,35.6071091],[-95.1518365,35.6070567],[-95.151697,35.6070916],[-95.1515468,35.6072399],[-95.151483,35.6072722],[-95.1513966,35.6073707],[-95.1514615,35.6074292],[-95.1515795,35.6074554],[-95.1517297,35.6073856],[-95.1519765,35.6073071],[-95.1521804,35.6073681],[-95.1523306,35.6075077],[-95.152513,35.6076647],[-95.152727,35.6078304],[-95.1529845,35.6080398],[-95.1532849,35.6082605],[-95.1535853,35.6083712],[-95.1536282,35.6085806],[-95.153875,35.6088798],[-95.1541754,35.6090952],[-95.1544436,35.6091912],[-95.1545831,35.6092958],[-95.1551517,35.6096709],[-95.1554092,35.6099614],[-95.1556131,35.6102117],[-95.1557203,35.6103077],[-95.155892,35.6104996],[-95.1563855,35.6106827],[-95.1567181,35.6108485],[-95.1569434,35.610988],[-95.1573189,35.6112061],[-95.1576837,35.611418],[-95.1579734,35.6114939],[-95.1582738,35.6116858],[-95.1584991,35.61193],[-95.1585528,35.6121306],[-95.1587137,35.6122702],[-95.1589175,35.612497],[-95.1590785,35.612674],[-95.1591536,35.6128633],[-95.1590999,35.6130203],[-95.158939,35.6132846],[-95.1588317,35.6135],[-95.1587566,35.6136832],[-95.1585849,35.613869],[-95.1585957,35.6139885],[-95.15866,35.6140844],[-95.1587351,35.6141193],[-95.1590141,35.6140582],[-95.1592823,35.613971],[-95.1596042,35.613773],[-95.1598188,35.613657],[-95.159969,35.6137006],[-95.1602908,35.6137268],[-95.1605698,35.61391],[-95.1608058,35.614128],[-95.1608702,35.6144534],[-95.1609131,35.6146513],[-95.1611062,35.6147298],[-95.1614066,35.614811],[-95.1615997,35.6150552],[-95.1616105,35.6153578],[-95.1616641,35.615445],[-95.161825,35.6154189],[-95.1619001,35.6152706],[-95.161986,35.6151485],[-95.1622327,35.6151049],[-95.1624473,35.6151049],[-95.1625761,35.6151747],[-95.1625761,35.6154363],[-95.1625653,35.6156282],[-95.1626619,35.6156771],[-95.1627692,35.6157817],[-95.1627799,35.6159649],[-95.1627799,35.6161393],[-95.1627048,35.6162876],[-95.1625761,35.6164097],[-95.16234,35.6164882],[-95.1621362,35.6165492],[-95.1621147,35.6166103],[-95.162222,35.6166827],[-95.1622435,35.6167498],[-95.1624366,35.6169504],[-95.1625439,35.61709],[-95.1625868,35.6172295],[-95.1626619,35.6172819],[-95.1627585,35.6172583],[-95.162855,35.6171275],[-95.1628979,35.6169792],[-95.162973,35.6169417],[-95.1631447,35.6169068],[-95.1632842,35.6169941],[-95.1633485,35.6171074],[-95.1633593,35.6172208],[-95.1633485,35.6173778],[-95.1632842,35.6174301],[-95.1630589,35.6174938],[-95.1626726,35.6176133],[-95.162501,35.6176421],[-95.1621684,35.6176831],[-95.1620504,35.6177092],[-95.1619431,35.6176743],[-95.1618036,35.617677],[-95.1616105,35.6177528],[-95.1612671,35.6178427],[-95.1610848,35.6178776],[-95.1608916,35.6178688],[-95.1605376,35.6176743],[-95.1604196,35.6175985],[-95.1603767,35.6176569],[-95.1604088,35.6179186],[-95.1604625,35.6180607],[-95.1604518,35.6182761],[-95.1603659,35.6184157],[-95.1602372,35.6184942],[-95.1600762,35.6185579],[-95.1598295,35.6188195],[-95.1595291,35.6190986],[-95.1591858,35.6193053],[-95.1589604,35.6194099],[-95.15866,35.6196454],[-95.158424,35.6198574],[-95.1582953,35.6198922],[-95.1579627,35.6200292],[-95.1575335,35.6201687],[-95.1571687,35.6202821],[-95.1569756,35.6203022],[-95.1567825,35.6203022],[-95.1566108,35.6202498],[-95.1565143,35.6202237],[-95.1564928,35.6203431],[-95.1564392,35.620474],[-95.1563319,35.6206135],[-95.1559671,35.6207879],[-95.1556667,35.6209798],[-95.1551517,35.6213226],[-95.1547977,35.6216252],[-95.154626,35.6217412],[-95.154508,35.6218022],[-95.1543041,35.6217996],[-95.1541432,35.6218894],[-95.1538643,35.6221336],[-95.1537355,35.6222993],[-95.1537999,35.6223691],[-95.1539823,35.6222357],[-95.1542076,35.6221485],[-95.1545831,35.6219653],[-95.1546904,35.6218432],[-95.1549693,35.621756],[-95.1553019,35.6216077],[-95.1556238,35.6214944],[-95.1561173,35.6214246],[-95.1564284,35.621381],[-95.156804,35.6212763],[-95.15704,35.6212327],[-95.1572438,35.6212502],[-95.1573726,35.6213199],[-95.1575335,35.6215292],[-95.1575442,35.6217211],[-95.1574691,35.6220612],[-95.1574155,35.622288],[-95.1572438,35.622663],[-95.1571902,35.6229421],[-95.1573297,35.6232499],[-95.1573726,35.6235962],[-95.1573511,35.6240845],[-95.1574477,35.6242677],[-95.1575657,35.6243462],[-95.1575657,35.6244595],[-95.1575442,35.6247124],[-95.1575764,35.6249392],[-95.1575657,35.6251049],[-95.1576408,35.6252819],[-95.1576408,35.625602],[-95.1576944,35.6259159],[-95.1577588,35.626256],[-95.1580378,35.6270671],[-95.1581772,35.6272764],[-95.1581451,35.6274682],[-95.1581772,35.6277386],[-95.1581021,35.6279156],[-95.1581236,35.6281571],[-95.1580807,35.6283926],[-95.1578983,35.6285522],[-95.1575872,35.6287153],[-95.1572224,35.6288487],[-95.1568254,35.6290056],[-95.1566323,35.6290231],[-95.1565894,35.6291426],[-95.1566967,35.6291687],[-95.1569112,35.6292237],[-95.1569971,35.6292995],[-95.1569863,35.6295088],[-95.1569112,35.6296919],[-95.1568576,35.6298576],[-95.156643,35.6299623],[-95.1564499,35.6300608],[-95.1563319,35.6301541],[-95.1562139,35.6303721],[-95.1560529,35.6304855],[-95.1558276,35.6305056],[-95.1557311,35.6305492],[-95.1556452,35.6307907],[-95.1554307,35.6309564],[-95.1551946,35.6310724],[-95.1551624,35.6312006],[-95.1550766,35.6313575],[-95.1548835,35.6316191],[-95.1546475,35.6318633],[-95.154508,35.6320726],[-95.15439,35.6323167],[-95.1541325,35.6324911],[-95.1539715,35.6326394],[-95.1537462,35.6328487],[-95.1534673,35.6331539],[-95.1532527,35.6335899],[-95.1530918,35.6338689],[-95.1530596,35.6340084],[-95.1530167,35.6341654],[-95.152845,35.634229],[-95.1526841,35.634107],[-95.1525022,35.6340346],[-95.1523193,35.634011],[-95.152094,35.6340459],[-95.1519545,35.6340982],[-95.1518901,35.6342116],[-95.1519765,35.6342787],[-95.1521911,35.6343049],[-95.1523622,35.6343773],[-95.1525237,35.6345055],[-95.1527055,35.6347322],[-95.1528557,35.6349615],[-95.1530703,35.635142],[-95.1531561,35.6352554],[-95.1531454,35.6355082],[-95.1530703,35.6356068],[-95.1527806,35.6357899],[-95.1524266,35.6361125],[-95.1521911,35.636354],[-95.1522018,35.6365459],[-95.1523837,35.6367578],[-95.1523735,35.6369034],[-95.1524057,35.6370778],[-95.1523306,35.6372783],[-95.1521906,35.6374379],[-95.1520833,35.6375687],[-95.1519336,35.6375922],[-95.1516219,35.6375687],[-95.1514293,35.6375399],[-95.151247,35.6374614],[-95.1511075,35.6373742],[-95.1509353,35.6374204],[-95.1507314,35.6374989],[-95.1505388,35.6376358],[-95.1503779,35.6377405],[-95.1501312,35.6377317],[-95.14982,35.6376445],[-95.149525,35.6376062],[-95.1487579,35.6376655],[-95.1482423,35.6377204],[-95.1479425,35.6378834],[-95.147803,35.6380142],[-95.1477172,35.6382758],[-95.147803,35.6383456],[-95.1479103,35.6382409],[-95.1480492,35.6381215],[-95.1482531,35.6380169],[-95.1484682,35.6379619],[-95.148672,35.6379532],[-95.148833,35.6379794],[-95.1489295,35.6380491],[-95.1488651,35.6381799],[-95.1487895,35.6383133],[-95.1489403,35.6383107],[-95.1491328,35.6384354],[-95.1491977,35.6385025],[-95.1493265,35.6386333],[-95.1494225,35.6386333],[-95.1495083,35.6386848],[-95.1494874,35.638935],[-95.1494123,35.6391356],[-95.1493367,35.63933],[-95.1491763,35.6396151],[-95.1490583,35.6397895],[-95.1489188,35.6399465],[-95.1486506,35.6400075],[-95.1484462,35.6400188],[-95.1483389,35.6400886],[-95.1484462,35.6401583],[-95.1485969,35.6402516],[-95.148672,35.6403999],[-95.1485964,35.6405158],[-95.1485647,35.6406266],[-95.1487257,35.6406702],[-95.1488432,35.6406902],[-95.1489183,35.6407861],[-95.1489188,35.6410364],[-95.1487895,35.6414052],[-95.1486184,35.641699],[-95.1484253,35.6420478],[-95.1482,35.6425012],[-95.1478566,35.6429284],[-95.1475986,35.6431664],[-95.1473417,35.6435038],[-95.1472016,35.6438029],[-95.1470944,35.644047],[-95.1469232,35.6443757],[-95.1466443,35.6446373],[-95.1463863,35.6448753],[-95.146022,35.6450819],[-95.1456572,35.6451866],[-95.1452168,35.6453461],[-95.1448204,35.6455004],[-95.1443054,35.6456225],[-95.1439513,35.6457184],[-95.1435651,35.6457358],[-95.143254,35.6458056],[-95.1430072,35.6458579],[-95.1428141,35.6458753],[-95.1425888,35.6459015],[-95.1421811,35.6460846],[-95.1418592,35.6461456],[-95.1413442,35.6462502],[-95.1409145,35.6464272],[-95.1405176,35.6465842],[-95.1400031,35.6469303],[-95.1396056,35.6472816],[-95.1393487,35.6474883],[-95.139177,35.6476714],[-95.1389624,35.6477847],[-95.1387908,35.6478109],[-95.1385869,35.6478196],[-95.1382543,35.6478719],[-95.1380827,35.647898],[-95.1378037,35.648055],[-95.1374819,35.6482381],[-95.1370736,35.6483714],[-95.1367201,35.648456],[-95.1365055,35.6485606],[-95.1362588,35.6486129],[-95.1360007,35.6486243],[-95.1358403,35.6487001],[-95.1357867,35.6488047],[-95.1359047,35.648953],[-95.1359262,35.6490576],[-95.1358613,35.6491474],[-95.1357111,35.6492433],[-95.1354756,35.649354],[-95.1353356,35.6495223],[-95.135261,35.6496853],[-95.1353999,35.6497664],[-95.1355823,35.6497315],[-95.1358618,35.6495981],[-95.1361837,35.6495022],[-95.1364519,35.6494237],[-95.1366128,35.6493976],[-95.1366874,35.6495484],[-95.1366128,35.6495981],[-95.1365484,35.6496679],[-95.1366123,35.6498012],[-95.1368167,35.6498684],[-95.1370634,35.6499207],[-95.1373102,35.6499381],[-95.1375457,35.6500105],[-95.1380285,35.6500454],[-95.1384689,35.6500427],[-95.1387264,35.6500515],[-95.1388551,35.6501909],[-95.1388981,35.6502433],[-95.1389195,35.6503827],[-95.1390799,35.6504115],[-95.1392194,35.6504377],[-95.1393589,35.6505859],[-95.1394345,35.6507663],[-95.1395627,35.6511613],[-95.1396164,35.6516146],[-95.1396384,35.6519084],[-95.1396378,35.6522423],[-95.1395842,35.6529746],[-95.1395847,35.6535125],[-95.1394881,35.6538525],[-95.1395091,35.6541166],[-95.139413,35.6544627],[-95.1393701,35.6551514],[-95.1393487,35.6554914],[-95.1393916,35.6557616],[-95.139434,35.6560694],[-95.1395096,35.6562062],[-95.1397451,35.6564442],[-95.1399817,35.6568252],[-95.1402494,35.6572201],[-95.140421,35.6575513],[-95.140539,35.6578303],[-95.1409473,35.6590219],[-95.1410004,35.6591117],[-95.1409795,35.6592312],[-95.1408394,35.6593471],[-95.1405825,35.659545],[-95.1404967,35.659667],[-95.1405283,35.6597306],[-95.1406683,35.659728],[-95.1408502,35.6596522],[-95.1410975,35.659545],[-95.1412584,35.6594491],[-95.1413764,35.6594316],[-95.1414837,35.6594578],[-95.1414944,35.6595624],[-95.1413872,35.6597455],[-95.1411399,35.6600357],[-95.1408507,35.6603034],[-95.140722,35.6604777],[-95.1403679,35.6608089],[-95.1400568,35.6610007],[-95.139788,35.6611951],[-95.1394238,35.6614104],[-95.1390053,35.6616371],[-95.1388444,35.6616894],[-95.1387264,35.6618027],[-95.1386942,35.6619334],[-95.1386298,35.6620903],[-95.1385226,35.6621514],[-95.1384045,35.6622908],[-95.1383504,35.6624591],[-95.138404,35.6625375],[-95.138544,35.6625087],[-95.1388122,35.6623954],[-95.1390912,35.6622385],[-95.1393481,35.6621278],[-95.1397671,35.6619073],[-95.1401528,35.661692],[-95.1404001,35.6615412],[-95.1404859,35.6614802],[-95.1406356,35.6615264],[-95.1407327,35.6616109],[-95.1408394,35.661631],[-95.1410224,35.6616894],[-95.1411297,35.6618027],[-95.1412477,35.661794],[-95.1412906,35.6616894],[-95.1411833,35.6614714],[-95.1411184,35.6612648],[-95.1412686,35.6611864],[-95.141473,35.661114],[-95.1416554,35.6609746],[-95.1416768,35.6608438],[-95.1417627,35.6607741],[-95.1419767,35.660768],[-95.1420416,35.6606608],[-95.1420094,35.660469],[-95.1421054,35.6603234],[-95.1422771,35.6601927],[-95.1423629,35.6601665],[-95.1425775,35.6600793],[-95.1427068,35.6600593],[-95.1428672,35.660027],[-95.1429316,35.6599137],[-95.1429959,35.6598004],[-95.1431032,35.6598091],[-95.1431461,35.6599137],[-95.1431354,35.6601316],[-95.143136,35.6602423],[-95.1432105,35.6602537],[-95.1433183,35.6601813],[-95.1434364,35.6599983],[-95.1437153,35.6597367],[-95.1440259,35.6595476],[-95.144219,35.6593907],[-95.1444336,35.6592076],[-95.1445843,35.6590655],[-95.1446375,35.6588938],[-95.1446911,35.6587805],[-95.1447989,35.6587779],[-95.1449164,35.6588764],[-95.1451846,35.6589897],[-95.1453134,35.6590333],[-95.1454856,35.6590655],[-95.1456465,35.6590219],[-95.1457967,35.6588999],[-95.1459571,35.6588589],[-95.1460757,35.6589086],[-95.1461931,35.6589287],[-95.1463224,35.658865],[-95.1463653,35.6587081],[-95.146301,35.6586297],[-95.1461186,35.6585599],[-95.1460215,35.6584928],[-95.1459362,35.6583594],[-95.1458396,35.6582112],[-95.1457109,35.6580282],[-95.1457109,35.6578625],[-95.1458289,35.6577579],[-95.1458289,35.6575923],[-95.1458182,35.6574005],[-95.1458503,35.6572611],[-95.1458182,35.6571303],[-95.145625,35.6571216],[-95.1454534,35.6572087],[-95.1450993,35.6572523],[-95.1446809,35.6572523],[-95.1442088,35.6572175],[-95.1437577,35.6570893],[-95.1434149,35.6569124],[-95.1431896,35.6567903],[-95.1429857,35.6566334],[-95.1426424,35.6565201],[-95.1423635,35.6563283],[-95.1421054,35.6560868],[-95.1419123,35.6558776],[-95.1417627,35.6556047],[-95.1416554,35.6553606],[-95.1414944,35.6549248],[-95.1414086,35.6545673],[-95.1414193,35.6541838],[-95.1413872,35.6539309],[-95.1413657,35.6535648],[-95.1414086,35.6522833],[-95.1414193,35.6519694],[-95.1414623,35.651612],[-95.1414623,35.6509233],[-95.1415588,35.6503479],[-95.1416232,35.6500166],[-95.1416983,35.649755],[-95.141709,35.6496068],[-95.1418265,35.6493828],[-95.1420523,35.6491012],[-95.1422776,35.6489442],[-95.1425239,35.6487986],[-95.1429321,35.6486653],[-95.1432427,35.6485545],[-95.1436289,35.6484499],[-95.1441337,35.6482904],[-95.1444985,35.6482119],[-95.1451959,35.6480898],[-95.1455607,35.6479939],[-95.1459678,35.6479355],[-95.1460971,35.6479068],[-95.1464726,35.6478544],[-95.1467725,35.6478571],[-95.1470412,35.6478806],[-95.1476415,35.6480227],[-95.1480283,35.6480637],[-95.1484676,35.6481622],[-95.1487471,35.6482555],[-95.1490368,35.6482555],[-95.1495947,35.6482729],[-95.1499804,35.6482668],[-95.1504208,35.6482206],[-95.1508178,35.6481073],[-95.151086,35.6480201],[-95.1513328,35.6479939],[-95.1516541,35.6479617],[-95.1517829,35.6479007],[-95.1519336,35.647715],[-95.1521267,35.6474796],[-95.1523837,35.6473078],[-95.1526626,35.6470201],[-95.1537677,35.6461744],[-95.1540252,35.6459651],[-95.1543041,35.6456861],[-95.1549479,35.6451953],[-95.1554736,35.6448553],[-95.1556238,35.6447532],[-95.1559242,35.6446922],[-95.1562031,35.6446835],[-95.156407,35.6447419],[-95.156525,35.6448291],[-95.1566108,35.6449424],[-95.1566537,35.6451456],[-95.156761,35.645381],[-95.1568683,35.6454595],[-95.1570078,35.6454595],[-95.1570722,35.6453958],[-95.1570829,35.6452738],[-95.1572438,35.6451168],[-95.1573726,35.6450322],[-95.1575979,35.6449076],[-95.1578339,35.6447768],[-95.1578768,35.6446809],[-95.1578125,35.6445588],[-95.1576193,35.6445004],[-95.1573619,35.6444481],[-95.15704,35.6443147],[-95.1568254,35.6440618],[-95.1566859,35.6437741],[-95.1566001,35.6434167],[-95.156525,35.6431141],[-95.1564821,35.6427889],[-95.1564714,35.6424053],[-95.1564499,35.6419083],[-95.1564606,35.6416467],[-95.1566752,35.6414026],[-95.1566859,35.6411671],[-95.156761,35.6408271],[-95.1568791,35.6402342],[-95.1568576,35.63965],[-95.1568147,35.6393012],[-95.1567288,35.6389786],[-95.1566108,35.6386909],[-95.1567165,35.6386037],[-95.1623722,35.6386298],[-95.1623937,35.6380134],[-95.1625546,35.6377518],[-95.1630267,35.6370342],[-95.1633378,35.636572],[-95.163488,35.6363715],[-95.1637348,35.6360925],[-95.1648613,35.6350897],[-95.1650866,35.6348394],[-95.1652905,35.634645],[-95.1657947,35.634011],[-95.1660093,35.6337294],[-95.1660629,35.6336073],[-95.1661059,35.6334503],[-95.1659878,35.6331975],[-95.1657518,35.6329446],[-95.1655801,35.6327641],[-95.1652905,35.6324388],[-95.1650544,35.6320726],[-95.1649686,35.6318746],[-95.1648398,35.6318284],[-95.1645824,35.6316191],[-95.1643249,35.6314098],[-95.1643356,35.6312267],[-95.1645287,35.6310113],[-95.1647004,35.6308256],[-95.1648077,35.6305814],[-95.164872,35.6303809],[-95.164872,35.6302091],[-95.1649686,35.6301131],[-95.1653656,35.6301742],[-95.1661488,35.6302178],[-95.1667281,35.6293431],[-95.1669105,35.6290815],[-95.1670929,35.6287589],[-95.1672217,35.6285932],[-95.1672324,35.6282818],[-95.1673075,35.6280263],[-95.1676401,35.6278781],[-95.1678117,35.6278955],[-95.1682194,35.6279915],[-95.1697966,35.62841],[-95.169936,35.6281135],[-95.1700541,35.627817],[-95.1702365,35.6274769],[-95.1687988,35.6271456],[-95.1688632,35.6270496],[-95.169067,35.626788],[-95.1692387,35.6264828],[-95.1693996,35.6260555],[-95.1696356,35.6252183],[-95.1697215,35.624913],[-95.1697751,35.624654],[-95.169936,35.624436],[-95.1700648,35.6243662],[-95.1702183,35.6243463],[-95.1706334,35.6242877],[-95.1711055,35.6242354],[-95.1713415,35.6240148],[-95.1715668,35.6237558],[-95.1716005,35.6237021],[-95.1718458,35.623311],[-95.1720711,35.6229883],[-95.1723393,35.6225784],[-95.1725539,35.6223429],[-95.1727148,35.6221572],[-95.1729723,35.6220464],[-95.1733585,35.6219854],[-95.1737984,35.621913],[-95.1743456,35.6218868],[-95.1751503,35.6218109],[-95.1758047,35.6217473],[-95.1762017,35.6216191],[-95.1765879,35.6214508],[-95.1770064,35.6212964],[-95.1772853,35.6211193],[-95.1774784,35.6210583],[-95.1777252,35.6210757],[-95.1778432,35.6211743],[-95.1780256,35.6214682],[-95.1781543,35.6218371],[-95.1783582,35.622029],[-95.1786049,35.6221048],[-95.1789375,35.6221336],[-95.1793345,35.6220961],[-95.1796456,35.621913],[-95.1797422,35.6216104],[-95.1803216,35.6216165],[-95.1803324,35.6132085],[-95.1714091,35.6131559]]],[[[-95.1870271,35.6534689],[-95.1873275,35.653332],[-95.1978525,35.6532684],[-95.1978203,35.638717],[-95.1979169,35.6242328],[-95.1952776,35.6242258],[-95.1913615,35.6242154],[-95.1913079,35.6204565],[-95.1936146,35.6204652],[-95.1936575,35.6168981],[-95.1891514,35.6168894],[-95.1891943,35.6132375],[-95.1914044,35.6132262],[-95.1913615,35.6114643],[-95.1891192,35.6114904],[-95.1891514,35.6096238],[-95.1847526,35.6096352],[-95.1848062,35.6132349],[-95.1803324,35.6132085],[-95.1870271,35.6534689]]],[[[-95.2182935,35.7188928],[-95.2082916,35.7187463],[-95.2082916,35.7128925],[-95.2038606,35.712896],[-95.203174,35.712896],[-95.2033564,35.7120562],[-95.2036034,35.7111968],[-95.1626276,35.7113942],[-95.1626276,35.7152271],[-95.1575636,35.7157846],[-95.15577,35.7161758],[-95.1518129,35.717039],[-95.1501821,35.7174571],[-95.1488226,35.7171606],[-95.146834,35.716727],[-95.1452812,35.7164501],[-95.1451954,35.7151958],[-95.1446031,35.7141121],[-95.1448606,35.667546],[-95.1663183,35.6676855],[-95.1663183,35.6604332],[-95.1803001,35.6602624],[-95.1870271,35.6534689],[-95.2182935,35.7188928]]],[[[-95.1269284,35.78363],[-95.1487953,35.7836733],[-95.1760466,35.7837272],[-95.177929,35.7837309],[-95.1780256,35.7800928],[-95.1868946,35.7800797],[-95.1869413,35.7784016],[-95.1846346,35.7784103],[-95.1846989,35.7728917],[-95.1923275,35.772891],[-95.1981169,35.7728904],[-95.1980976,35.7720029],[-95.2003952,35.7719951],[-95.200481,35.7692878],[-95.197992,35.7693139],[-95.1980885,35.7510833],[-95.1991698,35.7510814],[-95.2029356,35.7510747],[-95.2113923,35.7510598],[-95.2114245,35.7545513],[-95.2181407,35.7546096],[-95.2182051,35.7471154],[-95.2177867,35.7465233],[-95.2174111,35.7460182],[-95.2162524,35.7442566],[-95.215834,35.7436906],[-95.2151688,35.7425324],[-95.2150508,35.7422103],[-95.2149006,35.7418532],[-95.2146753,35.740756],[-95.2147075,35.7403728],[-95.2148791,35.7384483],[-95.2150079,35.7364192],[-95.2150401,35.7353828],[-95.2150401,35.7343377],[-95.2151366,35.7314376],[-95.2151688,35.7306363],[-95.2151688,35.7300354],[-95.2152547,35.7291296],[-95.2154156,35.7283893],[-95.2159413,35.7264906],[-95.2162953,35.725306],[-95.2164563,35.7246702],[-95.2166816,35.7237818],[-95.2167567,35.7233289],[-95.2167674,35.723085],[-95.2168747,35.7228324],[-95.216864,35.7226233],[-95.2169176,35.7220746],[-95.2171107,35.7214562],[-95.217218,35.7211077],[-95.217615,35.7202977],[-95.2181192,35.7193134],[-95.2182935,35.7188928],[-95.1269284,35.78363]]],[[[-95.0381972,35.7069608],[-95.0380946,35.7630811],[-95.0380572,35.7835395],[-95.0607278,35.7834326],[-95.0680667,35.783398],[-95.0736989,35.7833715],[-95.0737418,35.7836413],[-95.1206803,35.7836313],[-95.1269284,35.78363],[-95.0381972,35.7069608]]],[[[-95.2054694,35.6699143],[-95.2061437,35.6705444],[-95.206487,35.6709627],[-95.2070879,35.6720783],[-95.2074312,35.6735426],[-95.2074312,35.6749371],[-95.2070879,35.6766104],[-95.2028822,35.6841401],[-95.1976465,35.696409],[-95.1965307,35.6987093],[-95.196359,35.7004518],[-95.1967023,35.7019852],[-95.1973032,35.7033095],[-95.1981615,35.7042853],[-95.1991914,35.7052611],[-95.2007364,35.7058883],[-95.2021097,35.7067944],[-95.2032255,35.7078398],[-95.2037073,35.7085512],[-95.2054694,35.6699143]]],[[[-95.215988,35.7057917],[-95.21594,35.7050971],[-95.2159413,35.6818751],[-95.2158769,35.6815466],[-95.215716,35.6811631],[-95.2155121,35.6807596],[-95.21548,35.6805069],[-95.2155551,35.6803004],[-95.2157267,35.6801758],[-95.2158555,35.6800537],[-95.2158984,35.6796441],[-95.2158923,35.6791237],[-95.2056161,35.6699058],[-95.2054694,35.6699143],[-95.215988,35.7057917]]],[[[-95.2037073,35.7085512],[-95.2082809,35.7083312],[-95.2083667,35.7060661],[-95.2153704,35.7058138],[-95.215988,35.7057917],[-95.2037073,35.7085512]]]]}},{"type":"Feature","properties":{"kind":"park","name":"Greenleaf State Park","ele_ft":699,"operator":null,"osm":"relation/2811038"},"geometry":{"type":"Polygon","coordinates":[[[-95.1714091,35.6131559],[-95.1644965,35.6131187],[-95.1642712,35.6131189],[-95.1641103,35.6129444],[-95.1639601,35.6127412],[-95.163767,35.6127351],[-95.1635524,35.6127412],[-95.1629516,35.6125668],[-95.162737,35.6124298],[-95.1626083,35.612203],[-95.162501,35.6119326],[-95.1624366,35.6117032],[-95.1624902,35.611104],[-95.1625868,35.6106853],[-95.1627048,35.6103801],[-95.1627048,35.6100024],[-95.1626726,35.6096273],[-95.1626635,35.6095104],[-95.1571902,35.609534],[-95.1571687,35.6094441],[-95.1572331,35.6093656],[-95.1572867,35.6092871],[-95.1571795,35.6091476],[-95.1571258,35.6090804],[-95.1571473,35.6089557],[-95.1571365,35.6088859],[-95.15704,35.6089234],[-95.156922,35.6090603],[-95.1567825,35.6092112],[-95.1566537,35.6092086],[-95.1563533,35.6091502],[-95.1559135,35.608967],[-95.1557525,35.6089208],[-95.1556452,35.6088972],[-95.1554628,35.6088536],[-95.155259,35.6089408],[-95.1550444,35.6091563],[-95.1549264,35.6092287],[-95.1547869,35.6091851],[-95.1547333,35.609124],[-95.1549479,35.6088597],[-95.1550659,35.6087376],[-95.1550659,35.6086268],[-95.1549157,35.608557],[-95.1547869,35.6085832],[-95.1545187,35.6084934],[-95.154347,35.6084175],[-95.1543041,35.6083276],[-95.1541647,35.6082404],[-95.153993,35.6082491],[-95.1537999,35.608243],[-95.1536068,35.6081881],[-95.1533493,35.6079901],[-95.1529952,35.6077432],[-95.1526948,35.607499],[-95.1522125,35.6072111],[-95.1520082,35.6071091],[-95.1518365,35.6070567],[-95.151697,35.6070916],[-95.1515468,35.6072399],[-95.151483,35.6072722],[-95.1513966,35.6073707],[-95.1514615,35.6074292],[-95.1515795,35.6074554],[-95.1517297,35.6073856],[-95.1519765,35.6073071],[-95.1521804,35.6073681],[-95.1523306,35.6075077],[-95.152513,35.6076647],[-95.152727,35.6078304],[-95.1529845,35.6080398],[-95.1532849,35.6082605],[-95.1535853,35.6083712],[-95.1536282,35.6085806],[-95.153875,35.6088798],[-95.1541754,35.6090952],[-95.1544436,35.6091912],[-95.1545831,35.6092958],[-95.1551517,35.6096709],[-95.1554092,35.6099614],[-95.1556131,35.6102117],[-95.1557203,35.6103077],[-95.155892,35.6104996],[-95.1563855,35.6106827],[-95.1567181,35.6108485],[-95.1569434,35.610988],[-95.1573189,35.6112061],[-95.1576837,35.611418],[-95.1579734,35.6114939],[-95.1582738,35.6116858],[-95.1584991,35.61193],[-95.1585528,35.6121306],[-95.1587137,35.6122702],[-95.1589175,35.612497],[-95.1590785,35.612674],[-95.1591536,35.6128633],[-95.1590999,35.6130203],[-95.158939,35.6132846],[-95.1588317,35.6135],[-95.1587566,35.6136832],[-95.1585849,35.613869],[-95.1585957,35.6139885],[-95.15866,35.6140844],[-95.1587351,35.6141193],[-95.1590141,35.6140582],[-95.1592823,35.613971],[-95.1596042,35.613773],[-95.1598188,35.613657],[-95.159969,35.6137006],[-95.1602908,35.6137268],[-95.1605698,35.61391],[-95.1608058,35.614128],[-95.1608702,35.6144534],[-95.1609131,35.6146513],[-95.1611062,35.6147298],[-95.1614066,35.614811],[-95.1615997,35.6150552],[-95.1616105,35.6153578],[-95.1616641,35.615445],[-95.161825,35.6154189],[-95.1619001,35.6152706],[-95.161986,35.6151485],[-95.1622327,35.6151049],[-95.1624473,35.6151049],[-95.1625761,35.6151747],[-95.1625761,35.6154363],[-95.1625653,35.6156282],[-95.1626619,35.6156771],[-95.1627692,35.6157817],[-95.1627799,35.6159649],[-95.1627799,35.6161393],[-95.1627048,35.6162876],[-95.1625761,35.6164097],[-95.16234,35.6164882],[-95.1621362,35.6165492],[-95.1621147,35.6166103],[-95.162222,35.6166827],[-95.1622435,35.6167498],[-95.1624366,35.6169504],[-95.1625439,35.61709],[-95.1625868,35.6172295],[-95.1626619,35.6172819],[-95.1627585,35.6172583],[-95.162855,35.6171275],[-95.1628979,35.6169792],[-95.162973,35.6169417],[-95.1631447,35.6169068],[-95.1632842,35.6169941],[-95.1633485,35.6171074],[-95.1633593,35.6172208],[-95.1633485,35.6173778],[-95.1632842,35.6174301],[-95.1630589,35.6174938],[-95.1626726,35.6176133],[-95.162501,35.6176421],[-95.1621684,35.6176831],[-95.1620504,35.6177092],[-95.1619431,35.6176743],[-95.1618036,35.617677],[-95.1616105,35.6177528],[-95.1612671,35.6178427],[-95.1610848,35.6178776],[-95.1608916,35.6178688],[-95.1605376,35.6176743],[-95.1604196,35.6175985],[-95.1603767,35.6176569],[-95.1604088,35.6179186],[-95.1604625,35.6180607],[-95.1604518,35.6182761],[-95.1603659,35.6184157],[-95.1602372,35.6184942],[-95.1600762,35.6185579],[-95.1598295,35.6188195],[-95.1595291,35.6190986],[-95.1591858,35.6193053],[-95.1589604,35.6194099],[-95.15866,35.6196454],[-95.158424,35.6198574],[-95.1582953,35.6198922],[-95.1579627,35.6200292],[-95.1575335,35.6201687],[-95.1571687,35.6202821],[-95.1569756,35.6203022],[-95.1567825,35.6203022],[-95.1566108,35.6202498],[-95.1565143,35.6202237],[-95.1564928,35.6203431],[-95.1564392,35.620474],[-95.1563319,35.6206135],[-95.1559671,35.6207879],[-95.1556667,35.6209798],[-95.1551517,35.6213226],[-95.1547977,35.6216252],[-95.154626,35.6217412],[-95.154508,35.6218022],[-95.1543041,35.6217996],[-95.1541432,35.6218894],[-95.1538643,35.6221336],[-95.1537355,35.6222993],[-95.1537999,35.6223691],[-95.1539823,35.6222357],[-95.1542076,35.6221485],[-95.1545831,35.6219653],[-95.1546904,35.6218432],[-95.1549693,35.621756],[-95.1553019,35.6216077],[-95.1556238,35.6214944],[-95.1561173,35.6214246],[-95.1564284,35.621381],[-95.156804,35.6212763],[-95.15704,35.6212327],[-95.1572438,35.6212502],[-95.1573726,35.6213199],[-95.1575335,35.6215292],[-95.1575442,35.6217211],[-95.1574691,35.6220612],[-95.1574155,35.622288],[-95.1572438,35.622663],[-95.1571902,35.6229421],[-95.1573297,35.6232499],[-95.1573726,35.6235962],[-95.1573511,35.6240845],[-95.1574477,35.6242677],[-95.1575657,35.6243462],[-95.1575657,35.6244595],[-95.1575442,35.6247124],[-95.1575764,35.6249392],[-95.1575657,35.6251049],[-95.1576408,35.6252819],[-95.1576408,35.625602],[-95.1576944,35.6259159],[-95.1577588,35.626256],[-95.1580378,35.6270671],[-95.1581772,35.6272764],[-95.1581451,35.6274682],[-95.1581772,35.6277386],[-95.1581021,35.6279156],[-95.1581236,35.6281571],[-95.1580807,35.6283926],[-95.1578983,35.6285522],[-95.1575872,35.6287153],[-95.1572224,35.6288487],[-95.1568254,35.6290056],[-95.1566323,35.6290231],[-95.1565894,35.6291426],[-95.1566967,35.6291687],[-95.1569112,35.6292237],[-95.1569971,35.6292995],[-95.1569863,35.6295088],[-95.1569112,35.6296919],[-95.1568576,35.6298576],[-95.156643,35.6299623],[-95.1564499,35.6300608],[-95.1563319,35.6301541],[-95.1562139,35.6303721],[-95.1560529,35.6304855],[-95.1558276,35.6305056],[-95.1557311,35.6305492],[-95.1556452,35.6307907],[-95.1554307,35.6309564],[-95.1551946,35.6310724],[-95.1551624,35.6312006],[-95.1550766,35.6313575],[-95.1548835,35.6316191],[-95.1546475,35.6318633],[-95.154508,35.6320726],[-95.15439,35.6323167],[-95.1541325,35.6324911],[-95.1539715,35.6326394],[-95.1537462,35.6328487],[-95.1534673,35.6331539],[-95.1532527,35.6335899],[-95.1530918,35.6338689],[-95.1530596,35.6340084],[-95.1530167,35.6341654],[-95.152845,35.634229],[-95.1526841,35.634107],[-95.1525022,35.6340346],[-95.1523193,35.634011],[-95.152094,35.6340459],[-95.1519545,35.6340982],[-95.1518901,35.6342116],[-95.1519765,35.6342787],[-95.1521911,35.6343049],[-95.1523622,35.6343773],[-95.1525237,35.6345055],[-95.1527055,35.6347322],[-95.1528557,35.6349615],[-95.1530703,35.635142],[-95.1531561,35.6352554],[-95.1531454,35.6355082],[-95.1530703,35.6356068],[-95.1527806,35.6357899],[-95.1524266,35.6361125],[-95.1521911,35.636354],[-95.1522018,35.6365459],[-95.1523837,35.6367578],[-95.1523735,35.6369034],[-95.1524057,35.6370778],[-95.1523306,35.6372783],[-95.1521906,35.6374379],[-95.1520833,35.6375687],[-95.1519336,35.6375922],[-95.1516219,35.6375687],[-95.1514293,35.6375399],[-95.151247,35.6374614],[-95.1511075,35.6373742],[-95.1509353,35.6374204],[-95.1507314,35.6374989],[-95.1505388,35.6376358],[-95.1503779,35.6377405],[-95.1501312,35.6377317],[-95.14982,35.6376445],[-95.149525,35.6376062],[-95.1487579,35.6376655],[-95.1482423,35.6377204],[-95.1479425,35.6378834],[-95.147803,35.6380142],[-95.1477172,35.6382758],[-95.147803,35.6383456],[-95.1479103,35.6382409],[-95.1480492,35.6381215],[-95.1482531,35.6380169],[-95.1484682,35.6379619],[-95.148672,35.6379532],[-95.148833,35.6379794],[-95.1489295,35.6380491],[-95.1488651,35.6381799],[-95.1487895,35.6383133],[-95.1489403,35.6383107],[-95.1491328,35.6384354],[-95.1491977,35.6385025],[-95.1493265,35.6386333],[-95.1494225,35.6386333],[-95.1495083,35.6386848],[-95.1494874,35.638935],[-95.1494123,35.6391356],[-95.1493367,35.63933],[-95.1491763,35.6396151],[-95.1490583,35.6397895],[-95.1489188,35.6399465],[-95.1486506,35.6400075],[-95.1484462,35.6400188],[-95.1483389,35.6400886],[-95.1484462,35.6401583],[-95.1485969,35.6402516],[-95.148672,35.6403999],[-95.1485964,35.6405158],[-95.1485647,35.6406266],[-95.1487257,35.6406702],[-95.1488432,35.6406902],[-95.1489183,35.6407861],[-95.1489188,35.6410364],[-95.1487895,35.6414052],[-95.1486184,35.641699],[-95.1484253,35.6420478],[-95.1482,35.6425012],[-95.1478566,35.6429284],[-95.1475986,35.6431664],[-95.1473417,35.6435038],[-95.1472016,35.6438029],[-95.1470944,35.644047],[-95.1469232,35.6443757],[-95.1466443,35.6446373],[-95.1463863,35.6448753],[-95.146022,35.6450819],[-95.1456572,35.6451866],[-95.1452168,35.6453461],[-95.1448204,35.6455004],[-95.1443054,35.6456225],[-95.1439513,35.6457184],[-95.1435651,35.6457358],[-95.143254,35.6458056],[-95.1430072,35.6458579],[-95.1428141,35.6458753],[-95.1425888,35.6459015],[-95.1421811,35.6460846],[-95.1418592,35.6461456],[-95.1413442,35.6462502],[-95.1409145,35.6464272],[-95.1405176,35.6465842],[-95.1400031,35.6469303],[-95.1396056,35.6472816],[-95.1393487,35.6474883],[-95.139177,35.6476714],[-95.1389624,35.6477847],[-95.1387908,35.6478109],[-95.1385869,35.6478196],[-95.1382543,35.6478719],[-95.1380827,35.647898],[-95.1378037,35.648055],[-95.1374819,35.6482381],[-95.1370736,35.6483714],[-95.1367201,35.648456],[-95.1365055,35.6485606],[-95.1362588,35.6486129],[-95.1360007,35.6486243],[-95.1358403,35.6487001],[-95.1357867,35.6488047],[-95.1359047,35.648953],[-95.1359262,35.6490576],[-95.1358613,35.6491474],[-95.1357111,35.6492433],[-95.1354756,35.649354],[-95.1353356,35.6495223],[-95.135261,35.6496853],[-95.1353999,35.6497664],[-95.1355823,35.6497315],[-95.1358618,35.6495981],[-95.1361837,35.6495022],[-95.1364519,35.6494237],[-95.1366128,35.6493976],[-95.1366874,35.6495484],[-95.1366128,35.6495981],[-95.1365484,35.6496679],[-95.1366123,35.6498012],[-95.1368167,35.6498684],[-95.1370634,35.6499207],[-95.1373102,35.6499381],[-95.1375457,35.6500105],[-95.1380285,35.6500454],[-95.1384689,35.6500427],[-95.1387264,35.6500515],[-95.1388551,35.6501909],[-95.1388981,35.6502433],[-95.1389195,35.6503827],[-95.1390799,35.6504115],[-95.1392194,35.6504377],[-95.1393589,35.6505859],[-95.1394345,35.6507663],[-95.1395627,35.6511613],[-95.1396164,35.6516146],[-95.1396384,35.6519084],[-95.1396378,35.6522423],[-95.1395842,35.6529746],[-95.1395847,35.6535125],[-95.1394881,35.6538525],[-95.1395091,35.6541166],[-95.139413,35.6544627],[-95.1393701,35.6551514],[-95.1393487,35.6554914],[-95.1393916,35.6557616],[-95.139434,35.6560694],[-95.1395096,35.6562062],[-95.1397451,35.6564442],[-95.1399817,35.6568252],[-95.1402494,35.6572201],[-95.140421,35.6575513],[-95.140539,35.6578303],[-95.1409473,35.6590219],[-95.1410004,35.6591117],[-95.1409795,35.6592312],[-95.1408394,35.6593471],[-95.1405825,35.659545],[-95.1404967,35.659667],[-95.1405283,35.6597306],[-95.1406683,35.659728],[-95.1408502,35.6596522],[-95.1410975,35.659545],[-95.1412584,35.6594491],[-95.1413764,35.6594316],[-95.1414837,35.6594578],[-95.1414944,35.6595624],[-95.1413872,35.6597455],[-95.1411399,35.6600357],[-95.1408507,35.6603034],[-95.140722,35.6604777],[-95.1403679,35.6608089],[-95.1400568,35.6610007],[-95.139788,35.6611951],[-95.1394238,35.6614104],[-95.1390053,35.6616371],[-95.1388444,35.6616894],[-95.1387264,35.6618027],[-95.1386942,35.6619334],[-95.1386298,35.6620903],[-95.1385226,35.6621514],[-95.1384045,35.6622908],[-95.1383504,35.6624591],[-95.138404,35.6625375],[-95.138544,35.6625087],[-95.1388122,35.6623954],[-95.1390912,35.6622385],[-95.1393481,35.6621278],[-95.1397671,35.6619073],[-95.1401528,35.661692],[-95.1404001,35.6615412],[-95.1404859,35.6614802],[-95.1406356,35.6615264],[-95.1407327,35.6616109],[-95.1408394,35.661631],[-95.1410224,35.6616894],[-95.1411297,35.6618027],[-95.1412477,35.661794],[-95.1412906,35.6616894],[-95.1411833,35.6614714],[-95.1411184,35.6612648],[-95.1412686,35.6611864],[-95.141473,35.661114],[-95.1416554,35.6609746],[-95.1416768,35.6608438],[-95.1417627,35.6607741],[-95.1419767,35.660768],[-95.1420416,35.6606608],[-95.1420094,35.660469],[-95.1421054,35.6603234],[-95.1422771,35.6601927],[-95.1423629,35.6601665],[-95.1425775,35.6600793],[-95.1427068,35.6600593],[-95.1428672,35.660027],[-95.1429316,35.6599137],[-95.1429959,35.6598004],[-95.1431032,35.6598091],[-95.1431461,35.6599137],[-95.1431354,35.6601316],[-95.143136,35.6602423],[-95.1432105,35.6602537],[-95.1433183,35.6601813],[-95.1434364,35.6599983],[-95.1437153,35.6597367],[-95.1440259,35.6595476],[-95.144219,35.6593907],[-95.1444336,35.6592076],[-95.1445843,35.6590655],[-95.1446375,35.6588938],[-95.1446911,35.6587805],[-95.1447989,35.6587779],[-95.1449164,35.6588764],[-95.1451846,35.6589897],[-95.1453134,35.6590333],[-95.1454856,35.6590655],[-95.1456465,35.6590219],[-95.1457967,35.6588999],[-95.1459571,35.6588589],[-95.1460757,35.6589086],[-95.1461931,35.6589287],[-95.1463224,35.658865],[-95.1463653,35.6587081],[-95.146301,35.6586297],[-95.1461186,35.6585599],[-95.1460215,35.6584928],[-95.1459362,35.6583594],[-95.1458396,35.6582112],[-95.1457109,35.6580282],[-95.1457109,35.6578625],[-95.1458289,35.6577579],[-95.1458289,35.6575923],[-95.1458182,35.6574005],[-95.1458503,35.6572611],[-95.1458182,35.6571303],[-95.145625,35.6571216],[-95.1454534,35.6572087],[-95.1450993,35.6572523],[-95.1446809,35.6572523],[-95.1442088,35.6572175],[-95.1437577,35.6570893],[-95.1434149,35.6569124],[-95.1431896,35.6567903],[-95.1429857,35.6566334],[-95.1426424,35.6565201],[-95.1423635,35.6563283],[-95.1421054,35.6560868],[-95.1419123,35.6558776],[-95.1417627,35.6556047],[-95.1416554,35.6553606],[-95.1414944,35.6549248],[-95.1414086,35.6545673],[-95.1414193,35.6541838],[-95.1413872,35.6539309],[-95.1413657,35.6535648],[-95.1414086,35.6522833],[-95.1414193,35.6519694],[-95.1414623,35.651612],[-95.1414623,35.6509233],[-95.1415588,35.6503479],[-95.1416232,35.6500166],[-95.1416983,35.649755],[-95.141709,35.6496068],[-95.1418265,35.6493828],[-95.1420523,35.6491012],[-95.1422776,35.6489442],[-95.1425239,35.6487986],[-95.1429321,35.6486653],[-95.1432427,35.6485545],[-95.1436289,35.6484499],[-95.1441337,35.6482904],[-95.1444985,35.6482119],[-95.1451959,35.6480898],[-95.1455607,35.6479939],[-95.1459678,35.6479355],[-95.1460971,35.6479068],[-95.1464726,35.6478544],[-95.1467725,35.6478571],[-95.1470412,35.6478806],[-95.1476415,35.6480227],[-95.1480283,35.6480637],[-95.1484676,35.6481622],[-95.1487471,35.6482555],[-95.1490368,35.6482555],[-95.1495947,35.6482729],[-95.1499804,35.6482668],[-95.1504208,35.6482206],[-95.1508178,35.6481073],[-95.151086,35.6480201],[-95.1513328,35.6479939],[-95.1516541,35.6479617],[-95.1517829,35.6479007],[-95.1519336,35.647715],[-95.1521267,35.6474796],[-95.1523837,35.6473078],[-95.1526626,35.6470201],[-95.1537677,35.6461744],[-95.1540252,35.6459651],[-95.1543041,35.6456861],[-95.1549479,35.6451953],[-95.1554736,35.6448553],[-95.1556238,35.6447532],[-95.1559242,35.6446922],[-95.1562031,35.6446835],[-95.156407,35.6447419],[-95.156525,35.6448291],[-95.1566108,35.6449424],[-95.1566537,35.6451456],[-95.156761,35.645381],[-95.1568683,35.6454595],[-95.1570078,35.6454595],[-95.1570722,35.6453958],[-95.1570829,35.6452738],[-95.1572438,35.6451168],[-95.1573726,35.6450322],[-95.1575979,35.6449076],[-95.1578339,35.6447768],[-95.1578768,35.6446809],[-95.1578125,35.6445588],[-95.1576193,35.6445004],[-95.1573619,35.6444481],[-95.15704,35.6443147],[-95.1568254,35.6440618],[-95.1566859,35.6437741],[-95.1566001,35.6434167],[-95.156525,35.6431141],[-95.1564821,35.6427889],[-95.1564714,35.6424053],[-95.1564499,35.6419083],[-95.1564606,35.6416467],[-95.1566752,35.6414026],[-95.1566859,35.6411671],[-95.156761,35.6408271],[-95.1568791,35.6402342],[-95.1568576,35.63965],[-95.1568147,35.6393012],[-95.1567288,35.6389786],[-95.1566108,35.6386909],[-95.1567165,35.6386037],[-95.1623722,35.6386298],[-95.1623937,35.6380134],[-95.1625546,35.6377518],[-95.1630267,35.6370342],[-95.1633378,35.636572],[-95.163488,35.6363715],[-95.1637348,35.6360925],[-95.1648613,35.6350897],[-95.1650866,35.6348394],[-95.1652905,35.634645],[-95.1657947,35.634011],[-95.1660093,35.6337294],[-95.1660629,35.6336073],[-95.1661059,35.6334503],[-95.1659878,35.6331975],[-95.1657518,35.6329446],[-95.1655801,35.6327641],[-95.1652905,35.6324388],[-95.1650544,35.6320726],[-95.1649686,35.6318746],[-95.1648398,35.6318284],[-95.1645824,35.6316191],[-95.1643249,35.6314098],[-95.1643356,35.6312267],[-95.1645287,35.6310113],[-95.1647004,35.6308256],[-95.1648077,35.6305814],[-95.164872,35.6303809],[-95.164872,35.6302091],[-95.1649686,35.6301131],[-95.1653656,35.6301742],[-95.1661488,35.6302178],[-95.1667281,35.6293431],[-95.1669105,35.6290815],[-95.1670929,35.6287589],[-95.1672217,35.6285932],[-95.1672324,35.6282818],[-95.1673075,35.6280263],[-95.1676401,35.6278781],[-95.1678117,35.6278955],[-95.1682194,35.6279915],[-95.1697966,35.62841],[-95.169936,35.6281135],[-95.1700541,35.627817],[-95.1702365,35.6274769],[-95.1687988,35.6271456],[-95.1688632,35.6270496],[-95.169067,35.626788],[-95.1692387,35.6264828],[-95.1693996,35.6260555],[-95.1696356,35.6252183],[-95.1697215,35.624913],[-95.1697751,35.624654],[-95.169936,35.624436],[-95.1700648,35.6243662],[-95.1702183,35.6243463],[-95.1706334,35.6242877],[-95.1711055,35.6242354],[-95.1713415,35.6240148],[-95.1715668,35.6237558],[-95.1716005,35.6237021],[-95.1718458,35.623311],[-95.1720711,35.6229883],[-95.1723393,35.6225784],[-95.1725539,35.6223429],[-95.1727148,35.6221572],[-95.1729723,35.6220464],[-95.1733585,35.6219854],[-95.1737984,35.621913],[-95.1743456,35.6218868],[-95.1751503,35.6218109],[-95.1758047,35.6217473],[-95.1762017,35.6216191],[-95.1765879,35.6214508],[-95.1770064,35.6212964],[-95.1772853,35.6211193],[-95.1774784,35.6210583],[-95.1777252,35.6210757],[-95.1778432,35.6211743],[-95.1780256,35.6214682],[-95.1781543,35.6218371],[-95.1783582,35.622029],[-95.1786049,35.6221048],[-95.1789375,35.6221336],[-95.1793345,35.6220961],[-95.1796456,35.621913],[-95.1797422,35.6216104],[-95.1803216,35.6216165],[-95.1803324,35.6132085],[-95.1714091,35.6131559]]]}},{"type":"Feature","properties":{"kind":"reserve","name":"Cherokee State Game Refuge","ele_ft":null,"operator":null,"osm":"relation/2811798"},"geometry":{"type":"Polygon","coordinates":[[[-95.1270534,35.7111598],[-95.0915512,35.7110579],[-95.091541,35.703868],[-95.086595,35.7039028],[-95.0861658,35.7039812],[-95.0840946,35.7048899],[-95.0836553,35.7050528],[-95.0830116,35.7050616],[-95.082679,35.705079],[-95.082164,35.7051225],[-95.0817456,35.705201],[-95.0814237,35.7053142],[-95.0805868,35.7051835],[-95.0802215,35.7051077],[-95.0798465,35.7049135],[-95.0792886,35.7045388],[-95.0789346,35.7042513],[-95.0785913,35.7040248],[-95.0779046,35.7038418],[-95.0774111,35.7037809],[-95.0766064,35.7037547],[-95.0736667,35.7038244],[-95.0726046,35.7037809],[-95.0672938,35.7038767],[-95.0667139,35.7040623],[-95.0659312,35.704382],[-95.0655445,35.7045153],[-95.0651802,35.7047305],[-95.064397,35.70514],[-95.0622942,35.7051487],[-95.056447,35.7052184],[-95.053996,35.7052685],[-95.0535931,35.7052968],[-95.0525846,35.7053229],[-95.0509323,35.7054362],[-95.0504388,35.7054536],[-95.0499346,35.7055233],[-95.0494512,35.7056566],[-95.0489899,35.7057786],[-95.0485076,35.7060286],[-95.0481428,35.7060634],[-95.0477137,35.7060634],[-95.0471772,35.7061506],[-95.0468017,35.7061506],[-95.0381972,35.7069608],[-95.1270534,35.7111598]]]}},{"type":"Feature","properties":{"kind":"park","name":"Webbers Falls","ele_ft":null,"operator":"United States Army Corps of Engineers","osm":"relation/2812881"},"geometry":{"type":"Polygon","coordinates":[[[-95.1804385,35.5961477],[-95.1796755,35.5970479],[-95.1679502,35.5965665],[-95.1678602,35.5951379],[-95.1686755,35.595143],[-95.1682935,35.5849453],[-95.1664439,35.5848894],[-95.1656757,35.5844915],[-95.1646457,35.5845264],[-95.1646371,35.5858893],[-95.1624999,35.5859574],[-95.1615129,35.5859574],[-95.1614657,35.585029],[-95.1624806,35.582804],[-95.1649869,35.5806488],[-95.1685939,35.5806523],[-95.1685038,35.5733712],[-95.1696239,35.5733922],[-95.1694093,35.5723101],[-95.1690231,35.5709138],[-95.1672635,35.5660266],[-95.1660147,35.5625147],[-95.1655855,35.5616768],[-95.1650749,35.5608599],[-95.1644311,35.5602315],[-95.1635685,35.5595472],[-95.1626287,35.5588699],[-95.152196,35.5519709],[-95.152314,35.551311],[-95.1540692,35.5489961],[-95.1540027,35.5406086],[-95.1612125,35.5406785],[-95.1622854,35.5416213],[-95.1654482,35.5415881],[-95.1654246,35.5435873],[-95.1643303,35.5436205],[-95.1643281,35.5443538],[-95.166652,35.5444201],[-95.1666026,35.5469482],[-95.165607,35.5470425],[-95.1655877,35.5475592],[-95.1674352,35.5476273],[-95.1713405,35.5476622],[-95.1715701,35.5500069],[-95.1738296,35.5516078],[-95.1753638,35.5516078],[-95.1754604,35.5525505],[-95.1786254,35.5561519],[-95.1792605,35.5573722],[-95.1803527,35.5574385],[-95.1803291,35.558128],[-95.1817689,35.5588699],[-95.1834104,35.5589101],[-95.1834576,35.5610118],[-95.1848502,35.5625042],[-95.1860476,35.5661384],[-95.1859274,35.5675766],[-95.1842001,35.5676709],[-95.1841293,35.5696222],[-95.1861892,35.5696222],[-95.1878629,35.5731129],[-95.1891504,35.5732176],[-95.1896653,35.5806872],[-95.1803055,35.5806663],[-95.1803913,35.5798286],[-95.1782885,35.5798984],[-95.1783786,35.5807221],[-95.1770289,35.5841547],[-95.1762994,35.5841617],[-95.1761899,35.5862715],[-95.1769152,35.5882049],[-95.1770053,35.5887494],[-95.1748166,35.5888192],[-95.1747737,35.5896917],[-95.1777349,35.5912935],[-95.1784988,35.5913144],[-95.1792691,35.5934258],[-95.1793227,35.594019],[-95.1803527,35.594019],[-95.1803527,35.5952404],[-95.1804385,35.5961477]]]}},{"type":"Feature","properties":{"kind":"reserve","name":"Fort Gibson","ele_ft":null,"operator":null,"osm":"relation/10001446"},"geometry":{"type":"MultiPolygon","coordinates":[[[[-95.2574962,35.8042461],[-95.2569761,35.8038752],[-95.2569582,35.8038895],[-95.2568927,35.8038476],[-95.2568573,35.8038831],[-95.256791,35.8038406],[-95.2568421,35.8037901],[-95.256907,35.8038279],[-95.2573755,35.803376],[-95.2579065,35.8037719],[-95.2579516,35.8037266],[-95.2580299,35.8037806],[-95.2579655,35.8038437],[-95.2579468,35.8038328],[-95.2574962,35.8042461]]],[[[-95.2574702,35.8038276],[-95.2574235,35.8038664],[-95.2573707,35.8038246],[-95.2574174,35.8037858],[-95.2574702,35.8038276]]]]}}]}