{"type":"FeatureCollection","attribution":"USGS PAD-US 4.1 (public domain)","generated":"2026-08-17","features":[{"type":"Feature","geometry":{"type":"MultiPolygon","coordinates":[[[[-94.767076,35.459449],[-94.766903,35.458866],[-94.765916,35.458512],[-94.766188,35.458019],[-94.766993,35.457534],[-94.767511,35.457526],[-94.768613,35.457961],[-94.768621,35.459145],[-94.76812,35.45912],[-94.767076,35.459449]]],[[[-94.768062,35.459236],[-94.768572,35.459203],[-94.768547,35.461521],[-94.767857,35.46157],[-94.767725,35.461735],[-94.765686,35.461768],[-94.765612,35.459975],[-94.768062,35.459236]]]]},"properties":{"name":"Mcgee Park","kind":"citypark","designation":"City park","manager":"CITY","access":"Open","acres":24}},{"type":"Feature","geometry":{"type":"Polygon","coordinates":[[[-94.968956,35.910585],[-94.969501,35.910577],[-94.968497,35.913844],[-94.967944,35.913699],[-94.967238,35.913257],[-94.968956,35.910585]]]},"properties":{"name":"Sequoyah Park","kind":"citypark","designation":"City park","manager":"CITY","access":"Open","acres":8}},{"type":"Feature","geometry":{"type":"Polygon","coordinates":[[[-95.257859,36.080356],[-95.25769,36.080218],[-95.256844,36.080264],[-95.256646,36.080103],[-95.256647,36.079531],[-95.25724,36.078456],[-95.257241,36.077082],[-95.258059,36.076236],[-95.258651,36.075275],[-95.259441,36.074565],[-95.259442,36.074085],[-95.259075,36.07397],[-95.259132,36.073741],[-95.260147,36.072368],[-95.261502,36.070904],[-95.26153,36.070538],[-95.261276,36.0704],[-95.261277,36.070103],[-95.263421,36.066876],[-95.263308,36.066785],[-95.262913,36.067036],[-95.259839,36.070148],[-95.25686,36.074839],[-95.25417,36.074847],[-95.255185,36.07335],[-95.255241,36.073053],[-95.254396,36.072869],[-95.252394,36.072983],[-95.251915,36.072845],[-95.250729,36.07154],[-95.250255,36.071378],[-95.249554,36.071399],[-95.248623,36.070141],[-95.25293,36.071999],[-95.254312,36.072274],[-95.255862,36.072275],[-95.256765,36.071795],[-95.259332,36.068294],[-95.259868,36.067836],[-95.262126,36.063282],[-95.263594,36.060925],[-95.264609,36.059689],[-95.265906,36.058477],[-95.268529,36.056578],[-95.268529,36.056373],[-95.267909,36.05635],[-95.266866,36.056693],[-95.266951,36.055915],[-95.266134,36.055022],[-95.266359,36.054839],[-95.26636,36.05461],[-95.26667,36.054564],[-95.267459,36.055114],[-95.267769,36.055137],[-95.267966,36.05461],[-95.269178,36.054542],[-95.269121,36.055526],[-95.2696,36.055778],[-95.269798,36.05571],[-95.271941,36.053467],[-95.272674,36.053101],[-95.272618,36.052575],[-95.273013,36.05198],[-95.274563,36.051248],[-95.274423,36.050263],[-95.275128,36.048822],[-95.274763,36.048753],[-95.273071,36.050263],[-95.272761,36.050332],[-95.272761,36.049988],[-95.274284,36.048592],[-95.274324,36.048358],[-95.273043,36.048935],[-95.272621,36.049004],[-95.272705,36.048729],[-95.274453,36.047402],[-95.276849,36.046762],[-95.277131,36.046922],[-95.277131,36.047174],[-95.276877,36.047907],[-95.276848,36.048547],[-95.27713,36.048731],[-95.277328,36.048639],[-95.278343,36.047472],[-95.27995,36.046214],[-95.279922,36.045916],[-95.279414,36.04587],[-95.278428,36.046122],[-95.278512,36.045824],[-95.279866,36.044749],[-95.280458,36.044085],[-95.281331,36.043971],[-95.283023,36.042621],[-95.283868,36.042415],[-95.284179,36.041957],[-95.284855,36.041751],[-95.285616,36.041156],[-95.287589,36.040218],[-95.291901,36.038708],[-95.291958,36.038434],[-95.291591,36.038411],[-95.288829,36.03912],[-95.288463,36.03857],[-95.288463,36.037724],[-95.288633,36.037289],[-95.288407,36.036945],[-95.287477,36.036396],[-95.286548,36.036281],[-95.285674,36.035938],[-95.285646,36.035663],[-95.28652,36.035595],[-95.287731,36.035892],[-95.288436,36.035503],[-95.291508,36.034771],[-95.292946,36.034657],[-95.29489,36.034978],[-95.29737,36.035848],[-95.298102,36.035825],[-95.298722,36.035619],[-95.299793,36.034521],[-95.299653,36.033376],[-95.299737,36.033079],[-95.300019,36.03301],[-95.300582,36.033949],[-95.300611,36.034269],[-95.300216,36.034864],[-95.300244,36.035207],[-95.300667,36.035299],[-95.30185,36.034544],[-95.303344,36.034429],[-95.3034,36.033857],[-95.303964,36.033628],[-95.30402,36.033422],[-95.303654,36.033125],[-95.303654,36.032575],[-95.303457,36.032255],[-95.303626,36.032095],[-95.304049,36.032003],[-95.304246,36.032186],[-95.304584,36.032118],[-95.304697,36.031866],[-95.304977,36.031866],[-95.304808,36.033262],[-95.30509,36.033285],[-95.306358,36.03198],[-95.308077,36.031134],[-95.308641,36.03047],[-95.308697,36.028112],[-95.3085,36.02722],[-95.308162,36.026281],[-95.306866,36.024816],[-95.306077,36.024976],[-95.305232,36.023786],[-95.303936,36.022756],[-95.303175,36.02255],[-95.302809,36.022893],[-95.302499,36.022893],[-95.30109,36.020948],[-95.298583,36.020352],[-95.298245,36.020581],[-95.298245,36.020947],[-95.297371,36.021359],[-95.296836,36.022046],[-95.296554,36.022115],[-95.296328,36.021771],[-95.296131,36.020122],[-95.293988,36.017671],[-95.290438,36.015565],[-95.28748,36.014971],[-95.285847,36.014444],[-95.285622,36.015039],[-95.28565,36.015611],[-95.285199,36.015771],[-95.284551,36.015405],[-95.283707,36.015222],[-95.283341,36.014878],[-95.282665,36.014718],[-95.279313,36.014878],[-95.278017,36.015427],[-95.277313,36.015473],[-95.272972,36.01728],[-95.271282,36.016753],[-95.269846,36.015974],[-95.269254,36.015928],[-95.268831,36.016065],[-95.267564,36.016065],[-95.267,36.016316],[-95.26638,36.016934],[-95.263816,36.016658],[-95.262013,36.01668],[-95.260012,36.017549],[-95.259223,36.01835],[-95.259193,36.020387],[-95.25939,36.020662],[-95.259868,36.02286],[-95.259755,36.022928],[-95.258291,36.021623],[-95.257249,36.020272],[-95.256658,36.01986],[-95.256377,36.019173],[-95.255813,36.01899],[-95.255955,36.017982],[-95.25573,36.017731],[-95.254996,36.017524],[-95.253925,36.018096],[-95.253418,36.018622],[-95.252318,36.020407],[-95.250993,36.021551],[-95.250253,36.021927],[-95.249146,36.022143],[-95.24771,36.023013],[-95.247625,36.022418],[-95.247117,36.022052],[-95.247117,36.021594],[-95.24568,36.021389],[-95.24475,36.020863],[-95.24523,36.020817],[-95.245962,36.021023],[-95.247343,36.02093],[-95.250253,36.020245],[-95.251445,36.019538],[-95.251812,36.018828],[-95.2517,36.017913],[-95.252744,36.01574],[-95.254238,36.014962],[-95.256294,36.014704],[-95.257494,36.014363],[-95.257794,36.014136],[-95.257822,36.013815],[-95.255814,36.011675],[-95.253042,36.010478],[-95.251826,36.009788],[-95.251231,36.009581],[-95.250697,36.009649],[-95.249389,36.009027],[-95.248431,36.008821],[-95.246741,36.008158],[-95.246459,36.008319],[-95.245784,36.010242],[-95.245587,36.010288],[-95.245727,36.008273],[-95.245388,36.00793],[-95.243613,36.007725],[-95.243444,36.007542],[-95.243134,36.006741],[-95.243584,36.006352],[-95.243556,36.005894],[-95.242851,36.005803],[-95.242683,36.005963],[-95.242627,36.006627],[-95.242035,36.006787],[-95.240993,36.006353],[-95.240964,36.006124],[-95.241668,36.005506],[-95.241555,36.005139],[-95.241105,36.005163],[-95.238654,36.006194],[-95.237669,36.006354],[-95.237274,36.006263],[-95.237162,36.006698],[-95.236852,36.006721],[-95.234373,36.006356],[-95.234119,36.006195],[-95.234232,36.005875],[-95.233076,36.005235],[-95.233188,36.004388],[-95.232766,36.004342],[-95.231639,36.004869],[-95.231611,36.004571],[-95.231893,36.00409],[-95.23054,36.003862],[-95.229358,36.004594],[-95.22871,36.004617],[-95.228738,36.004388],[-95.229245,36.004045],[-95.229104,36.003839],[-95.227498,36.003267],[-95.226653,36.003473],[-95.226399,36.00384],[-95.226513,36.004595],[-95.225949,36.004778],[-95.225893,36.005099],[-95.224682,36.005008],[-95.223949,36.005122],[-95.222597,36.004482],[-95.220484,36.004986],[-95.219555,36.004826],[-95.219329,36.004597],[-95.219329,36.004345],[-95.219751,36.003613],[-95.219751,36.003224],[-95.217779,36.002995],[-95.217441,36.003155],[-95.216794,36.003911],[-95.216738,36.004529],[-95.216259,36.004689],[-95.214738,36.004255],[-95.214738,36.00405],[-95.21578,36.003798],[-95.216146,36.003546],[-95.216061,36.002905],[-95.216399,36.002676],[-95.219103,36.002263],[-95.219131,36.002012],[-95.218568,36.0016],[-95.218567,36.001348],[-95.218765,36.001142],[-95.220596,36.001714],[-95.221328,36.001484],[-95.222145,36.001461],[-95.225272,36.001941],[-95.22668,36.001918],[-95.227582,36.002329],[-95.228117,36.002329],[-95.228286,36.002169],[-95.228314,36.001711],[-95.227947,36.001231],[-95.227947,36.000979],[-95.228285,36.000956],[-95.22899,36.001528],[-95.229215,36.002192],[-95.229582,36.002443],[-95.230314,36.002329],[-95.230765,36.002466],[-95.232258,36.002328],[-95.232511,36.002442],[-95.233441,36.002327],[-95.23423,36.002419],[-95.234567,36.002052],[-95.234849,36.002029],[-95.235215,36.002304],[-95.235412,36.001983],[-95.235807,36.001937],[-95.236314,36.00228],[-95.236511,36.002212],[-95.237215,36.001456],[-95.237947,36.00109],[-95.238257,36.000632],[-95.237613,35.999641],[-95.237162,35.999374],[-95.237162,35.998733],[-95.23885,35.99674],[-95.239864,35.995985],[-95.23992,35.995458],[-95.239582,35.995092],[-95.239722,35.994543],[-95.241271,35.994702],[-95.241722,35.994473],[-95.241806,35.993786],[-95.243522,35.991611],[-95.245521,35.990236],[-95.2469,35.988954],[-95.249292,35.987785],[-95.249762,35.987396],[-95.24993,35.986892],[-95.24993,35.986137],[-95.249789,35.985885],[-95.24853,35.985428],[-95.248896,35.984695],[-95.249543,35.984374],[-95.251223,35.984515],[-95.25173,35.984172],[-95.251477,35.983577],[-95.251871,35.982982],[-95.251928,35.982089],[-95.252379,35.981334],[-95.25238,35.980876],[-95.252098,35.980533],[-95.252212,35.979343],[-95.250862,35.978449],[-95.250806,35.978152],[-95.251031,35.977992],[-95.251848,35.977969],[-95.253734,35.978931],[-95.25455,35.978932],[-95.255536,35.978612],[-95.256917,35.977926],[-95.258579,35.976828],[-95.263029,35.974609],[-95.268239,35.972391],[-95.270042,35.971384],[-95.272549,35.969027],[-95.275282,35.965778],[-95.276015,35.965137],[-95.277085,35.963672],[-95.277113,35.963009],[-95.276747,35.962619],[-95.273932,35.961177],[-95.27275,35.960169],[-95.271681,35.958704],[-95.27095,35.95701],[-95.269965,35.955567],[-95.267629,35.95369],[-95.265491,35.951286],[-95.264309,35.950324],[-95.263241,35.948584],[-95.262706,35.948126],[-95.26189,35.947828],[-95.261299,35.947782],[-95.259638,35.948262],[-95.258511,35.949337],[-95.25713,35.95158],[-95.257185,35.954601],[-95.256931,35.955173],[-95.255889,35.956455],[-95.25541,35.956661],[-95.254396,35.956546],[-95.254453,35.956157],[-95.255242,35.95547],[-95.255636,35.954761],[-95.255637,35.953845],[-95.255469,35.953227],[-95.255526,35.950755],[-95.256259,35.949336],[-95.256541,35.94897],[-95.25871,35.9473],[-95.261187,35.945974],[-95.261807,35.945516],[-95.262061,35.945127],[-95.262371,35.94444],[-95.262513,35.941305],[-95.263304,35.937093],[-95.263586,35.936269],[-95.266065,35.932127],[-95.266544,35.930594],[-95.266517,35.928808],[-95.266011,35.927252],[-95.265645,35.927091],[-95.264097,35.927274],[-95.262409,35.927067],[-95.260326,35.927433],[-95.259876,35.927249],[-95.260017,35.926906],[-95.261931,35.925923],[-95.262185,35.925671],[-95.262185,35.925373],[-95.261454,35.924801],[-95.260047,35.924182],[-95.259062,35.923976],[-95.257993,35.924204],[-95.25698,35.923265],[-95.25698,35.923036],[-95.257825,35.922899],[-95.258331,35.923106],[-95.261089,35.92329],[-95.261792,35.923496],[-95.263705,35.92455],[-95.264859,35.924596],[-95.26562,35.924459],[-95.26607,35.924162],[-95.26607,35.923498],[-95.266578,35.921873],[-95.266861,35.919172],[-95.267142,35.918463],[-95.267762,35.91757],[-95.267762,35.917066],[-95.267481,35.91686],[-95.266918,35.916975],[-95.266186,35.917753],[-95.26582,35.917821],[-95.26568,35.917524],[-95.266412,35.916791],[-95.266722,35.916059],[-95.268354,35.916105],[-95.268888,35.9159],[-95.269029,35.915556],[-95.268945,35.915327],[-95.268353,35.914869],[-95.267819,35.914068],[-95.268101,35.913519],[-95.269339,35.913038],[-95.269311,35.912741],[-95.26872,35.912352],[-95.268608,35.911756],[-95.268243,35.91123],[-95.267483,35.911024],[-95.266892,35.911298],[-95.26616,35.911389],[-95.265851,35.91084],[-95.266415,35.909558],[-95.267456,35.908597],[-95.267457,35.908071],[-95.264785,35.905758],[-95.263941,35.90562],[-95.26366,35.905757],[-95.263068,35.906764],[-95.262309,35.907016],[-95.261774,35.906764],[-95.261887,35.905734],[-95.26155,35.905413],[-95.260819,35.905138],[-95.258821,35.905137],[-95.258821,35.904931],[-95.25975,35.904039],[-95.261467,35.902758],[-95.261467,35.902346],[-95.260399,35.901224],[-95.259274,35.900651],[-95.257699,35.900445],[-95.256911,35.900925],[-95.256263,35.901565],[-95.255532,35.901771],[-95.255307,35.901679],[-95.255026,35.901199],[-95.254943,35.898772],[-95.253678,35.897765],[-95.252666,35.897489],[-95.252046,35.898496],[-95.251286,35.89861],[-95.250697,35.898404],[-95.249909,35.897965],[-95.24995,35.896249],[-95.249528,35.89586],[-95.249077,35.895814],[-95.248712,35.896043],[-95.248487,35.896501],[-95.248516,35.897737],[-95.248094,35.897738],[-95.247813,35.897326],[-95.247812,35.896181],[-95.248205,35.89522],[-95.248176,35.89451],[-95.247247,35.893618],[-95.245587,35.892657],[-95.244546,35.892932],[-95.244292,35.891582],[-95.243447,35.890438],[-95.243053,35.88895],[-95.241701,35.887326],[-95.241053,35.885884],[-95.24035,35.885426],[-95.240069,35.885541],[-95.240069,35.886113],[-95.240379,35.886914],[-95.240521,35.888196],[-95.239678,35.889455],[-95.239678,35.890371],[-95.239904,35.891195],[-95.239202,35.892729],[-95.239119,35.896094],[-95.236506,35.900169],[-95.236281,35.901108],[-95.23631,35.901932],[-95.236704,35.902596],[-95.238617,35.904243],[-95.239208,35.90454],[-95.239743,35.904677],[-95.240784,35.904562],[-95.241262,35.904196],[-95.242106,35.904539],[-95.2425,35.904493],[-95.242612,35.904333],[-95.242922,35.904378],[-95.243232,35.904813],[-95.243176,35.905156],[-95.242389,35.906484],[-95.241433,35.907011],[-95.241067,35.906988],[-95.240476,35.906485],[-95.239744,35.906142],[-95.238225,35.906051],[-95.236284,35.907036],[-95.235215,35.907815],[-95.235019,35.908822],[-95.235188,35.909097],[-95.235582,35.909417],[-95.23713,35.909966],[-95.23713,35.910424],[-95.236821,35.911248],[-95.236851,35.912988],[-95.237752,35.913994],[-95.23868,35.914108],[-95.238765,35.914314],[-95.237837,35.914956],[-95.237556,35.916146],[-95.236825,35.916215],[-95.236149,35.915574],[-95.23446,35.915186],[-95.233053,35.915164],[-95.232575,35.915599],[-95.232717,35.916423],[-95.233646,35.917887],[-95.234716,35.918711],[-95.235785,35.918871],[-95.236742,35.918733],[-95.237783,35.918229],[-95.238177,35.91832],[-95.238261,35.918732],[-95.237558,35.919602],[-95.237728,35.920449],[-95.239501,35.920632],[-95.239501,35.921089],[-95.238742,35.92196],[-95.238432,35.922189],[-95.237926,35.922189],[-95.237785,35.922097],[-95.237644,35.921319],[-95.235815,35.920954],[-95.235674,35.921022],[-95.235674,35.92164],[-95.234408,35.922167],[-95.234409,35.922373],[-95.234831,35.922854],[-95.234859,35.923403],[-95.234606,35.923838],[-95.23365,35.925006],[-95.232385,35.925945],[-95.232019,35.92606],[-95.231568,35.925968],[-95.231456,35.925602],[-95.231174,35.925396],[-95.230386,35.925374],[-95.229852,35.92558],[-95.228811,35.926061],[-95.227658,35.928076],[-95.22718,35.928465],[-95.226223,35.928854],[-95.224817,35.930022],[-95.222537,35.930069],[-95.220736,35.930321],[-95.220145,35.93055],[-95.219273,35.931512],[-95.217134,35.932153],[-95.216656,35.932451],[-95.21629,35.932909],[-95.215981,35.933916],[-95.215447,35.934603],[-95.215278,35.935084],[-95.215447,35.935542],[-95.216658,35.935862],[-95.21677,35.936022],[-95.21677,35.936274],[-95.216236,35.936503],[-95.211704,35.936526],[-95.21131,35.936228],[-95.211366,35.935976],[-95.211676,35.93577],[-95.213252,35.935747],[-95.213815,35.935564],[-95.214349,35.935152],[-95.21449,35.934831],[-95.214518,35.934305],[-95.213364,35.934236],[-95.212716,35.933733],[-95.212716,35.933229],[-95.213054,35.932382],[-95.213025,35.931055],[-95.212687,35.930345],[-95.21007,35.929522],[-95.207706,35.929362],[-95.206383,35.92879],[-95.205679,35.928653],[-95.205004,35.928607],[-95.203653,35.928882],[-95.202724,35.928607],[-95.202133,35.928104],[-95.201851,35.926845],[-95.200669,35.925723],[-95.198868,35.925655],[-95.196757,35.924877],[-95.195463,35.924992],[-95.19414,35.925358],[-95.19369,35.925724],[-95.193015,35.925724],[-95.192114,35.925175],[-95.19127,35.925152],[-95.190594,35.925587],[-95.19006,35.926823],[-95.187274,35.928151],[-95.186683,35.928838],[-95.186345,35.92886],[-95.186345,35.928288],[-95.186992,35.927464],[-95.189609,35.925885],[-95.189412,35.923779],[-95.189525,35.923298],[-95.190538,35.922588],[-95.19248,35.92181],[-95.193633,35.921032],[-95.195575,35.920322],[-95.198023,35.919864],[-95.199345,35.91904],[-95.199992,35.918811],[-95.20109,35.918788],[-95.202047,35.919085],[-95.203257,35.919131],[-95.20548,35.918879],[-95.206239,35.91897],[-95.20669,35.919199],[-95.207309,35.91913],[-95.207928,35.918603],[-95.208321,35.917184],[-95.208687,35.91723],[-95.209053,35.917848],[-95.209532,35.919427],[-95.210573,35.919656],[-95.215131,35.918693],[-95.217635,35.91851],[-95.21848,35.918281],[-95.221153,35.918235],[-95.223038,35.917433],[-95.224725,35.916288],[-95.225344,35.915762],[-95.225428,35.914915],[-95.225625,35.91464],[-95.228072,35.913128],[-95.228494,35.912419],[-95.229055,35.910084],[-95.228998,35.90855],[-95.229391,35.907131],[-95.231219,35.90491],[-95.231387,35.903559],[-95.231668,35.902804],[-95.231863,35.900537],[-95.231638,35.900217],[-95.230681,35.900103],[-95.229725,35.900401],[-95.229219,35.901156],[-95.228938,35.901271],[-95.228769,35.900767],[-95.2295,35.899966],[-95.230203,35.899622],[-95.231159,35.899508],[-95.23251,35.899644],[-95.232875,35.899461],[-95.232932,35.899232],[-95.232481,35.898752],[-95.231721,35.898477],[-95.229555,35.898478],[-95.228402,35.898707],[-95.228093,35.89857],[-95.227755,35.898135],[-95.229217,35.896761],[-95.231776,35.89557],[-95.232423,35.894998],[-95.233631,35.893624],[-95.234531,35.892273],[-95.235121,35.890648],[-95.235202,35.885085],[-95.234863,35.884101],[-95.233793,35.882064],[-95.232978,35.881561],[-95.232499,35.881584],[-95.23115,35.883164],[-95.230476,35.884675],[-95.229857,35.885064],[-95.229576,35.884766],[-95.230081,35.882889],[-95.232105,35.879889],[-95.231992,35.879226],[-95.231682,35.878699],[-95.231288,35.878356],[-95.230219,35.878128],[-95.228926,35.878288],[-95.226141,35.878266],[-95.224876,35.878106],[-95.223469,35.877695],[-95.221781,35.876253],[-95.221303,35.876116],[-95.220206,35.876162],[-95.219756,35.876506],[-95.219251,35.877536],[-95.219251,35.878406],[-95.219758,35.880168],[-95.219674,35.880901],[-95.219056,35.882183],[-95.2181,35.882961],[-95.217284,35.883144],[-95.214893,35.883259],[-95.213234,35.883809],[-95.212756,35.883512],[-95.212165,35.882413],[-95.21104,35.881429],[-95.210589,35.880765],[-95.210364,35.879873],[-95.210589,35.879186],[-95.210589,35.878362],[-95.210054,35.877767],[-95.209182,35.877469],[-95.20817,35.87747],[-95.20516,35.878065],[-95.205357,35.87763],[-95.206988,35.876806],[-95.208198,35.876508],[-95.210363,35.876485],[-95.210982,35.876828],[-95.211545,35.8774],[-95.21222,35.878522],[-95.212896,35.881474],[-95.214077,35.882275],[-95.214499,35.88239],[-95.216496,35.882137],[-95.217705,35.881313],[-95.217789,35.880603],[-95.218576,35.879527],[-95.218576,35.878566],[-95.21821,35.877673],[-95.217928,35.875934],[-95.218523,35.874312],[-95.219057,35.873557],[-95.219085,35.872435],[-95.219225,35.872366],[-95.219929,35.872504],[-95.220801,35.873236],[-95.221279,35.873442],[-95.222207,35.873418],[-95.222376,35.873579],[-95.222332,35.875111],[-95.222484,35.875612],[-95.223778,35.876459],[-95.224538,35.876687],[-95.226731,35.876526],[-95.228081,35.875839],[-95.22817,35.874561],[-95.227099,35.871425],[-95.22648,35.870372],[-95.227801,35.870074],[-95.228054,35.869983],[-95.228012,35.869841],[-95.233993,35.869176],[-95.23531,35.86934],[-95.238153,35.872017],[-95.240234,35.872771],[-95.24285,35.873159],[-95.244875,35.873158],[-95.247124,35.872653],[-95.249317,35.87153],[-95.251116,35.871144],[-95.251481,35.870939],[-95.251988,35.869909],[-95.254914,35.867964],[-95.256967,35.867324],[-95.257783,35.866523],[-95.259302,35.865837],[-95.26023,35.86554],[-95.263437,35.865473],[-95.264084,35.865198],[-95.264337,35.864741],[-95.264534,35.863779],[-95.264984,35.863871],[-95.265209,35.864741],[-95.265687,35.865382],[-95.266333,35.865634],[-95.266952,35.865543],[-95.267036,35.865176],[-95.266783,35.864879],[-95.266531,35.863276],[-95.267037,35.863093],[-95.268105,35.864032],[-95.26878,35.863895],[-95.269202,35.863552],[-95.269961,35.863598],[-95.270748,35.865452],[-95.270719,35.866345],[-95.271029,35.866688],[-95.271647,35.866368],[-95.272238,35.866414],[-95.273194,35.866826],[-95.27474,35.866644],[-95.275444,35.866209],[-95.276006,35.865522],[-95.276653,35.865637],[-95.277271,35.866507],[-95.280027,35.86756],[-95.281039,35.867561],[-95.282249,35.866989],[-95.283402,35.867172],[-95.285286,35.868317],[-95.287113,35.869187],[-95.287085,35.869416],[-95.285567,35.869484],[-95.284836,35.869301],[-95.284217,35.869461],[-95.282783,35.869438],[-95.282417,35.869667],[-95.282276,35.870445],[-95.281967,35.87072],[-95.281376,35.870697],[-95.280702,35.87017],[-95.280167,35.870078],[-95.277721,35.870375],[-95.275021,35.871656],[-95.273924,35.872434],[-95.27367,35.873121],[-95.273726,35.87335],[-95.274036,35.873808],[-95.275188,35.874748],[-95.275294,35.875568],[-95.2731,35.87637],[-95.272734,35.876897],[-95.272368,35.878201],[-95.272395,35.879186],[-95.273098,35.879598],[-95.275827,35.878866],[-95.278161,35.879325],[-95.281339,35.879143],[-95.282014,35.87928],[-95.282126,35.879463],[-95.281985,35.880241],[-95.281845,35.88047],[-95.278751,35.881179],[-95.27546,35.881407],[-95.273772,35.881979],[-95.27093,35.883946],[-95.270339,35.884747],[-95.270254,35.885915],[-95.27045,35.888799],[-95.271153,35.889302],[-95.272109,35.889303],[-95.272981,35.889097],[-95.273572,35.889166],[-95.27329,35.889669],[-95.272587,35.889921],[-95.272221,35.890424],[-95.272277,35.890745],[-95.272811,35.89118],[-95.273177,35.892096],[-95.275341,35.894134],[-95.278659,35.898186],[-95.282455,35.901735],[-95.283721,35.903681],[-95.285071,35.904345],[-95.285999,35.907435],[-95.286449,35.908305],[-95.288024,35.909953],[-95.288474,35.910251],[-95.289262,35.910343],[-95.291569,35.910297],[-95.292891,35.910435],[-95.295058,35.910298],[-95.296127,35.910023],[-95.298097,35.909016],[-95.298856,35.908788],[-95.299672,35.908124],[-95.300516,35.906934],[-95.300517,35.905675],[-95.300911,35.904599],[-95.300854,35.903798],[-95.300714,35.903615],[-95.299898,35.9035],[-95.299729,35.903226],[-95.30018,35.902791],[-95.300321,35.90199],[-95.300659,35.901463],[-95.30125,35.901372],[-95.3026,35.902036],[-95.303134,35.902448],[-95.303162,35.903111],[-95.302994,35.903569],[-95.303247,35.903958],[-95.303528,35.904073],[-95.304288,35.903958],[-95.304935,35.903523],[-95.305357,35.902768],[-95.306341,35.902036],[-95.306566,35.901486],[-95.307045,35.900937],[-95.307804,35.90064],[-95.308226,35.90025],[-95.30893,35.89858],[-95.310224,35.897046],[-95.310449,35.897069],[-95.310477,35.898396],[-95.310842,35.899175],[-95.310814,35.899838],[-95.30983,35.901578],[-95.309351,35.903363],[-95.309492,35.904096],[-95.309886,35.904302],[-95.310758,35.904256],[-95.311264,35.904462],[-95.311264,35.904691],[-95.310505,35.905538],[-95.309886,35.907071],[-95.310139,35.908033],[-95.310561,35.908376],[-95.310842,35.908491],[-95.312418,35.90833],[-95.313459,35.907438],[-95.314866,35.906568],[-95.315203,35.906568],[-95.316385,35.907071],[-95.317313,35.906957],[-95.317707,35.906728],[-95.317791,35.905011],[-95.318073,35.904485],[-95.317932,35.902631],[-95.318382,35.901669],[-95.319057,35.901692],[-95.319563,35.902219],[-95.319985,35.903386],[-95.319817,35.906087],[-95.320267,35.90627],[-95.322264,35.905812],[-95.323165,35.905286],[-95.323502,35.905308],[-95.324122,35.90572],[-95.326063,35.905606],[-95.326345,35.905766],[-95.326317,35.905903],[-95.32567,35.906475],[-95.322378,35.908032],[-95.321675,35.908742],[-95.321506,35.909131],[-95.322322,35.909566],[-95.322069,35.909909],[-95.321478,35.910115],[-95.320212,35.909772],[-95.316611,35.90991],[-95.316105,35.910024],[-95.315683,35.910322],[-95.315542,35.910573],[-95.315654,35.910802],[-95.319678,35.911763],[-95.3201,35.912153],[-95.320213,35.912885],[-95.320578,35.913755],[-95.321282,35.914258],[-95.322098,35.915357],[-95.323195,35.915929],[-95.324462,35.916959],[-95.325025,35.917119],[-95.326488,35.917073],[-95.328344,35.916066],[-95.330089,35.916454],[-95.332115,35.916111],[-95.33293,35.915424],[-95.333493,35.915447],[-95.333634,35.915584],[-95.333578,35.915904],[-95.333015,35.916751],[-95.333015,35.917141],[-95.333269,35.91753],[-95.333297,35.918422],[-95.333691,35.9192],[-95.333635,35.919727],[-95.333326,35.920025],[-95.332875,35.919864],[-95.332453,35.918995],[-95.331327,35.917988],[-95.330568,35.917805],[-95.329667,35.917897],[-95.326235,35.919133],[-95.325447,35.919934],[-95.324181,35.920736],[-95.323675,35.921445],[-95.323337,35.921651],[-95.322831,35.921697],[-95.321958,35.921445],[-95.319848,35.921285],[-95.317681,35.920599],[-95.315993,35.920256],[-95.315149,35.920256],[-95.3136,35.920942],[-95.311884,35.921125],[-95.310392,35.921743],[-95.309323,35.921812],[-95.30876,35.921583],[-95.308057,35.919981],[-95.306988,35.918699],[-95.305947,35.917967],[-95.305356,35.917715],[-95.304427,35.917646],[-95.302992,35.918012],[-95.301332,35.919111],[-95.300262,35.920347],[-95.300262,35.921743],[-95.299981,35.923345],[-95.299756,35.92362],[-95.298939,35.923895],[-95.296576,35.924032],[-95.295056,35.924672],[-95.292636,35.926389],[-95.2912,35.926388],[-95.289006,35.925816],[-95.287063,35.92577],[-95.28498,35.926387],[-95.282475,35.92776],[-95.281574,35.928859],[-95.281152,35.930095],[-95.280785,35.932063],[-95.280757,35.933345],[-95.28101,35.934077],[-95.28205,35.935085],[-95.280783,35.935725],[-95.280305,35.935725],[-95.279404,35.935427],[-95.276647,35.933115],[-95.273805,35.931306],[-95.270288,35.930092],[-95.269641,35.930274],[-95.269556,35.930755],[-95.270259,35.931282],[-95.27403,35.932748],[-95.275802,35.933801],[-95.278419,35.935862],[-95.278559,35.936114],[-95.278559,35.936595],[-95.278334,35.936984],[-95.277152,35.937762],[-95.276081,35.939295],[-95.276053,35.939661],[-95.276503,35.940211],[-95.276081,35.940874],[-95.276052,35.941584],[-95.275546,35.94179],[-95.275377,35.942041],[-95.275376,35.942728],[-95.276642,35.944331],[-95.278161,35.946918],[-95.279708,35.950283],[-95.280946,35.951267],[-95.280665,35.951748],[-95.280805,35.952686],[-95.282831,35.95612],[-95.28359,35.958066],[-95.284969,35.959623],[-95.286546,35.960882],[-95.28784,35.961569],[-95.289473,35.962027],[-95.291247,35.961546],[-95.292176,35.960906],[-95.293021,35.960997],[-95.293865,35.961501],[-95.294907,35.961112],[-95.296851,35.959853],[-95.298089,35.95935],[-95.301158,35.959167],[-95.301524,35.95887],[-95.30158,35.958436],[-95.301214,35.957795],[-95.301693,35.957177],[-95.302706,35.957566],[-95.303382,35.958047],[-95.304536,35.957886],[-95.305803,35.95665],[-95.306535,35.955689],[-95.306704,35.955231],[-95.307183,35.954819],[-95.309689,35.953217],[-95.311885,35.95205],[-95.313151,35.951706],[-95.31332,35.95063],[-95.313939,35.949921],[-95.314727,35.94944],[-95.317092,35.947403],[-95.318612,35.945732],[-95.320357,35.945022],[-95.321398,35.944335],[-95.322355,35.944473],[-95.323256,35.944083],[-95.327168,35.940054],[-95.328012,35.940123],[-95.328794,35.939659],[-95.329082,35.93994],[-95.32911,35.940558],[-95.328266,35.941267],[-95.328153,35.941611],[-95.328407,35.941931],[-95.330377,35.941679],[-95.33063,35.941519],[-95.331137,35.940855],[-95.330967,35.939161],[-95.33077,35.938864],[-95.329503,35.938154],[-95.329475,35.937834],[-95.329926,35.937628],[-95.331642,35.937627],[-95.331868,35.937971],[-95.331952,35.93884],[-95.332262,35.939458],[-95.333923,35.940305],[-95.334092,35.941495],[-95.335894,35.94296],[-95.338033,35.943646],[-95.338287,35.944058],[-95.338118,35.944264],[-95.336964,35.944585],[-95.333783,35.943212],[-95.332657,35.943006],[-95.331728,35.943098],[-95.330884,35.943487],[-95.32807,35.947081],[-95.328099,35.94747],[-95.32838,35.947722],[-95.329253,35.948019],[-95.329703,35.948386],[-95.329788,35.949301],[-95.329591,35.94985],[-95.329225,35.950446],[-95.326946,35.952735],[-95.325876,35.952804],[-95.324581,35.952369],[-95.323962,35.952369],[-95.322104,35.953376],[-95.321119,35.954246],[-95.320809,35.95475],[-95.320612,35.955528],[-95.320584,35.957336],[-95.320161,35.957909],[-95.319035,35.958183],[-95.317431,35.959191],[-95.316755,35.959237],[-95.315207,35.958802],[-95.314756,35.958893],[-95.314081,35.959351],[-95.313996,35.959626],[-95.314419,35.960244],[-95.314362,35.960999],[-95.313912,35.96196],[-95.313687,35.962121],[-95.313236,35.962075],[-95.312701,35.9618],[-95.312082,35.961205],[-95.311378,35.961388],[-95.309295,35.963632],[-95.306846,35.964845],[-95.306395,35.96544],[-95.305748,35.965714],[-95.304734,35.966561],[-95.30465,35.96695],[-95.305072,35.967294],[-95.305663,35.967156],[-95.306986,35.966424],[-95.308366,35.96592],[-95.308985,35.966081],[-95.308957,35.966584],[-95.307661,35.967546],[-95.306788,35.968415],[-95.304282,35.97004],[-95.304029,35.970407],[-95.303719,35.971643],[-95.304198,35.972398],[-95.305268,35.973176],[-95.308112,35.974389],[-95.308928,35.974527],[-95.309886,35.974435],[-95.310252,35.974595],[-95.310843,35.975557],[-95.311237,35.975648],[-95.312138,35.975488],[-95.312983,35.97471],[-95.313433,35.974755],[-95.313771,35.976083],[-95.314475,35.976472],[-95.314842,35.977479],[-95.315631,35.97844],[-95.315941,35.979493],[-95.318194,35.979882],[-95.320756,35.97931],[-95.320953,35.979561],[-95.321038,35.980729],[-95.322024,35.981873],[-95.323235,35.981896],[-95.32422,35.98169],[-95.327233,35.980041],[-95.327599,35.979652],[-95.328811,35.979286],[-95.330472,35.979171],[-95.331739,35.978141],[-95.333625,35.977545],[-95.336947,35.974706],[-95.338354,35.974179],[-95.33996,35.974911],[-95.340692,35.975071],[-95.342071,35.974865],[-95.343113,35.974384],[-95.343479,35.974453],[-95.344324,35.974979],[-95.344831,35.976077],[-95.346552,35.976574],[-95.348072,35.975967],[-95.349481,35.974782],[-95.349968,35.974055],[-95.350503,35.974371],[-95.350858,35.975536],[-95.351264,35.976006],[-95.352058,35.975918],[-95.353247,35.976284],[-95.354219,35.975938],[-95.355329,35.976377],[-95.357243,35.976833],[-95.356945,35.977286],[-95.358174,35.977336],[-95.359037,35.977192],[-95.359968,35.977605],[-95.359754,35.977875],[-95.358987,35.978057],[-95.357403,35.977994],[-95.355241,35.977149],[-95.354251,35.977175],[-95.353532,35.977881],[-95.352482,35.977834],[-95.350247,35.978526],[-95.348179,35.979728],[-95.347735,35.981009],[-95.347953,35.983251],[-95.346866,35.983146],[-95.346218,35.982428],[-95.345498,35.981371],[-95.345216,35.980228],[-95.344151,35.978334],[-95.343472,35.977829],[-95.341972,35.977784],[-95.339087,35.978821],[-95.33657,35.980041],[-95.335552,35.980915],[-95.334789,35.982963],[-95.334875,35.983998],[-95.336093,35.986434],[-95.336122,35.987217],[-95.335588,35.988752],[-95.335561,35.989994],[-95.33609,35.991665],[-95.335618,35.99329],[-95.335814,35.993832],[-95.335786,35.994532],[-95.335398,35.99566],[-95.334953,35.995548],[-95.334537,35.994713],[-95.334036,35.994172],[-95.333786,35.993471],[-95.333757,35.99266],[-95.333478,35.992028],[-95.332839,35.991576],[-95.332503,35.991622],[-95.331321,35.993316],[-95.331518,35.993819],[-95.331293,35.994666],[-95.331266,35.995696],[-95.330702,35.995994],[-95.330477,35.995903],[-95.330364,35.995697],[-95.330448,35.994277],[-95.330194,35.990989],[-95.3298,35.989893],[-95.330756,35.988336],[-95.330813,35.988029],[-95.330671,35.987777],[-95.327093,35.986999],[-95.326276,35.987572],[-95.325488,35.987641],[-95.324841,35.987],[-95.32439,35.986176],[-95.323714,35.985695],[-95.322616,35.985375],[-95.322306,35.985146],[-95.321996,35.984437],[-95.32132,35.983887],[-95.321039,35.983865],[-95.32025,35.984208],[-95.31949,35.983705],[-95.318898,35.98375],[-95.318532,35.983979],[-95.317631,35.985307],[-95.31659,35.987848],[-95.316308,35.988283],[-95.315828,35.988237],[-95.315293,35.987642],[-95.31504,35.98707],[-95.315011,35.986108],[-95.315237,35.985605],[-95.315237,35.984529],[-95.315631,35.983774],[-95.315687,35.983178],[-95.315546,35.982927],[-95.313631,35.981851],[-95.313012,35.981805],[-95.312082,35.983133],[-95.311745,35.984277],[-95.311463,35.984552],[-95.311125,35.984598],[-95.310843,35.984277],[-95.310224,35.984438],[-95.310252,35.98398],[-95.311154,35.982744],[-95.311379,35.981851],[-95.311914,35.980913],[-95.311941,35.980318],[-95.311519,35.979951],[-95.309773,35.97915],[-95.308506,35.979288],[-95.308224,35.97915],[-95.308084,35.978166],[-95.307689,35.977548],[-95.306676,35.977456],[-95.306197,35.977594],[-95.30538,35.978578],[-95.304451,35.978853],[-95.304085,35.97828],[-95.303719,35.976976],[-95.303071,35.976838],[-95.302198,35.977388],[-95.301832,35.977845],[-95.301832,35.978257],[-95.302086,35.978738],[-95.301804,35.979036],[-95.301297,35.979242],[-95.297411,35.979333],[-95.295862,35.980157],[-95.295074,35.980157],[-95.294567,35.978783],[-95.294595,35.978028],[-95.295046,35.977044],[-95.29499,35.975327],[-95.295131,35.975075],[-95.295638,35.974755],[-95.298228,35.975007],[-95.298932,35.974435],[-95.298932,35.974],[-95.298369,35.973565],[-95.296961,35.973588],[-95.296314,35.973199],[-95.295497,35.972993],[-95.290992,35.973473],[-95.289162,35.973907],[-95.286824,35.974845],[-95.28505,35.975234],[-95.283755,35.975738],[-95.283051,35.976195],[-95.282599,35.976653],[-95.282543,35.97695],[-95.282514,35.977706],[-95.282796,35.97837],[-95.283866,35.978828],[-95.285161,35.978874],[-95.286231,35.979171],[-95.286259,35.979744],[-95.285893,35.980041],[-95.284147,35.979697],[-95.283105,35.979903],[-95.282204,35.979903],[-95.281472,35.97972],[-95.279726,35.979033],[-95.278797,35.978231],[-95.276009,35.978368],[-95.274939,35.978711],[-95.273587,35.979695],[-95.271812,35.98164],[-95.268713,35.984317],[-95.268234,35.985187],[-95.26798,35.986057],[-95.26798,35.986858],[-95.268796,35.987865],[-95.269247,35.988003],[-95.270767,35.988026],[-95.271499,35.988278],[-95.27209,35.990086],[-95.271948,35.991002],[-95.271497,35.991139],[-95.271159,35.990956],[-95.270963,35.990063],[-95.270371,35.98933],[-95.270005,35.990475],[-95.269639,35.990772],[-95.269132,35.989033],[-95.26826,35.988483],[-95.26688,35.988185],[-95.266091,35.988276],[-95.264429,35.988939],[-95.263556,35.989878],[-95.261781,35.990632],[-95.261302,35.990609],[-95.261077,35.990449],[-95.261105,35.990014],[-95.261444,35.989305],[-95.261444,35.988549],[-95.260853,35.988068],[-95.26029,35.988091],[-95.260121,35.988251],[-95.258993,35.989967],[-95.258344,35.991615],[-95.257668,35.992393],[-95.256455,35.994521],[-95.25623,35.994704],[-95.254765,35.994887],[-95.254089,35.995436],[-95.254089,35.995688],[-95.254877,35.996169],[-95.255017,35.99697],[-95.254905,35.997382],[-95.254651,35.997565],[-95.253327,35.997747],[-95.25251,35.998525],[-95.252509,35.999006],[-95.252734,35.999733],[-95.253685,36.000542],[-95.254585,36.001846],[-95.255656,36.001846],[-95.255572,36.000908],[-95.255797,36.000793],[-95.25636,36.001183],[-95.256219,36.001686],[-95.256979,36.002236],[-95.256641,36.002785],[-95.256669,36.003014],[-95.256838,36.003152],[-95.257542,36.00306],[-95.257682,36.003587],[-95.257936,36.003839],[-95.258668,36.003861],[-95.259034,36.004548],[-95.259597,36.004937],[-95.26109,36.005419],[-95.262188,36.006266],[-95.262469,36.006701],[-95.262948,36.006632],[-95.262949,36.005854],[-95.263202,36.00574],[-95.263512,36.005969],[-95.263539,36.006839],[-95.263708,36.006953],[-95.266779,36.006703],[-95.267906,36.006291],[-95.268216,36.006337],[-95.268976,36.006978],[-95.272808,36.007369],[-95.279062,36.007279],[-95.280555,36.007394],[-95.2814,36.007325],[-95.281653,36.006959],[-95.282217,36.007348],[-95.285682,36.008265],[-95.289147,36.008769],[-95.297091,36.01035],[-95.297655,36.009869],[-95.297571,36.009251],[-95.297373,36.008839],[-95.296529,36.008015],[-95.296557,36.00774],[-95.297317,36.007557],[-95.297486,36.007328],[-95.297318,36.006779],[-95.297374,36.006413],[-95.297768,36.006665],[-95.298106,36.007351],[-95.298162,36.008222],[-95.298359,36.008611],[-95.299092,36.009458],[-95.299092,36.010168],[-95.298753,36.010946],[-95.299063,36.011816],[-95.299542,36.012434],[-95.303261,36.012892],[-95.30588,36.012755],[-95.308951,36.011816],[-95.309796,36.012],[-95.310135,36.011931],[-95.313093,36.010397],[-95.314389,36.010214],[-95.314332,36.010535],[-95.313655,36.01067],[-95.312496,36.01179],[-95.312156,36.012361],[-95.311422,36.012794],[-95.310633,36.01238],[-95.30928,36.012536],[-95.307812,36.013287],[-95.305049,36.013326],[-95.302399,36.013547],[-95.302398,36.01373],[-95.305128,36.015706],[-95.307106,36.017887],[-95.308546,36.019747],[-95.310609,36.021469],[-95.311372,36.022318],[-95.312759,36.025434],[-95.313836,36.029074],[-95.314685,36.030928],[-95.314968,36.032049],[-95.315001,36.034453],[-95.315339,36.034864],[-95.316031,36.03477],[-95.317942,36.03248],[-95.318197,36.03241],[-95.318197,36.032777],[-95.317492,36.034475],[-95.317492,36.035071],[-95.317718,36.035438],[-95.318198,36.03569],[-95.319695,36.035712],[-95.321304,36.035023],[-95.322066,36.034427],[-95.323644,36.034151],[-95.326338,36.033124],[-95.327071,36.033193],[-95.327578,36.033055],[-95.328452,36.032643],[-95.328142,36.03365],[-95.328367,36.033948],[-95.329777,36.034657],[-95.330622,36.03468],[-95.331383,36.034291],[-95.332763,36.033077],[-95.332932,36.031818],[-95.333524,36.032139],[-95.334284,36.032161],[-95.335665,36.030994],[-95.336792,36.030559],[-95.336453,36.030147],[-95.336425,36.029826],[-95.33727,36.029529],[-95.337496,36.029002],[-95.338989,36.028864],[-95.339468,36.028613],[-95.340117,36.027811],[-95.341722,36.027239],[-95.343723,36.026826],[-95.344821,36.026093],[-95.344793,36.026345],[-95.344117,36.027124],[-95.344259,36.028085],[-95.343188,36.027879],[-95.342793,36.027948],[-95.341498,36.028658],[-95.34116,36.029001],[-95.340963,36.029894],[-95.340456,36.030306],[-95.340512,36.031267],[-95.339611,36.031245],[-95.338962,36.031016],[-95.338624,36.031085],[-95.338202,36.031474],[-95.338005,36.031772],[-95.33809,36.032618],[-95.338456,36.033419],[-95.338231,36.0339],[-95.337977,36.0339],[-95.337357,36.033465],[-95.336709,36.032779],[-95.336089,36.032802],[-95.335131,36.03342],[-95.334117,36.034588],[-95.333751,36.034771],[-95.333385,36.035343],[-95.332229,36.036007],[-95.332201,36.036213],[-95.332821,36.036465],[-95.335329,36.036624],[-95.337134,36.038867],[-95.337133,36.039096],[-95.335921,36.039096],[-95.335329,36.039348],[-95.334738,36.039943],[-95.334118,36.041408],[-95.333357,36.042461],[-95.333865,36.043857],[-95.334119,36.044155],[-95.334739,36.044315],[-95.334626,36.04507],[-95.334176,36.045368],[-95.33395,36.045757],[-95.333922,36.046238],[-95.334486,36.04681],[-95.335078,36.046741],[-95.336713,36.047473],[-95.336713,36.047702],[-95.335726,36.047908],[-95.335417,36.048595],[-95.335924,36.049327],[-95.336883,36.049625],[-95.337024,36.049876],[-95.336686,36.051067],[-95.335756,36.05093],[-95.334628,36.051159],[-95.334037,36.051731],[-95.334065,36.052303],[-95.334488,36.052921],[-95.335446,36.053379],[-95.338096,36.053538],[-95.338406,36.053859],[-95.338831,36.053913],[-95.338907,36.054372],[-95.338689,36.054385],[-95.338548,36.054591],[-95.336998,36.054775],[-95.334518,36.054546],[-95.332516,36.054615],[-95.331615,36.054936],[-95.331051,36.055852],[-95.33139,36.057408],[-95.331248,36.058324],[-95.330938,36.058232],[-95.329895,36.055989],[-95.329669,36.055142],[-95.329866,36.054547],[-95.330486,36.053952],[-95.330429,36.053311],[-95.329048,36.052236],[-95.328963,36.051984],[-95.328682,36.051892],[-95.327864,36.052167],[-95.32761,36.05148],[-95.328428,36.051412],[-95.329893,36.050702],[-95.33119,36.050564],[-95.331725,36.050106],[-95.331725,36.049809],[-95.33102,36.049145],[-95.331273,36.047637],[-95.330965,36.046746],[-95.329701,36.045489],[-95.329505,36.044348],[-95.329056,36.043662],[-95.32886,36.04284],[-95.328017,36.042041],[-95.32723,36.041744],[-95.327062,36.041469],[-95.328018,36.040968],[-95.329086,36.039919],[-95.330295,36.039349],[-95.33066,36.039486],[-95.330689,36.039942],[-95.330913,36.040194],[-95.3317,36.040218],[-95.332009,36.039944],[-95.332206,36.039533],[-95.332151,36.039053],[-95.331027,36.03782],[-95.330297,36.03782],[-95.329762,36.038025],[-95.329368,36.038686],[-95.329172,36.038869],[-95.328946,36.038846],[-95.327374,36.037337],[-95.326755,36.037588],[-95.326418,36.037497],[-95.324961,36.036467],[-95.324217,36.03637],[-95.322819,36.03713],[-95.32189,36.03745],[-95.32144,36.037816],[-95.321384,36.039004],[-95.321694,36.040216],[-95.32147,36.040216],[-95.320793,36.039097],[-95.320202,36.038593],[-95.319386,36.038136],[-95.318654,36.038137],[-95.317136,36.039165],[-95.316207,36.040446],[-95.316208,36.040972],[-95.315983,36.040995],[-95.315898,36.039555],[-95.315475,36.039121],[-95.314153,36.03871],[-95.313111,36.038733],[-95.312971,36.03887],[-95.312999,36.039418],[-95.312774,36.04015],[-95.312268,36.039647],[-95.311845,36.03839],[-95.311141,36.037979],[-95.310269,36.038071],[-95.308975,36.038712],[-95.308159,36.039466],[-95.30754,36.039808],[-95.30416,36.041067],[-95.303118,36.041662],[-95.302159,36.042463],[-95.300271,36.045187],[-95.299566,36.045141],[-95.299031,36.045576],[-95.296409,36.048345],[-95.29562,36.049261],[-95.294013,36.051732],[-95.294041,36.052122],[-95.294379,36.052419],[-95.295535,36.052877],[-95.296127,36.053266],[-95.296408,36.053655],[-95.298381,36.053495],[-95.299396,36.053839],[-95.301905,36.053953],[-95.302074,36.054091],[-95.302074,36.054228],[-95.300693,36.054594],[-95.299227,36.054777],[-95.299086,36.055075],[-95.298409,36.054709],[-95.297987,36.054846],[-95.297958,36.055395],[-95.297395,36.055944],[-95.296774,36.057432],[-95.296802,36.057821],[-95.296971,36.058004],[-95.297958,36.058462],[-95.298493,36.058897],[-95.299226,36.058806],[-95.299367,36.05892],[-95.299057,36.060293],[-95.300213,36.061118],[-95.300579,36.062262],[-95.300297,36.062262],[-95.299677,36.061461],[-95.299423,36.061529],[-95.299423,36.061827],[-95.29979,36.062308],[-95.29979,36.062537],[-95.29948,36.062491],[-95.297958,36.061186],[-95.297253,36.061186],[-95.297394,36.060843],[-95.297309,36.060568],[-95.296887,36.060202],[-95.296097,36.060064],[-95.294688,36.058851],[-95.294012,36.059034],[-95.293871,36.058874],[-95.293927,36.05734],[-95.293646,36.056631],[-95.292377,36.056997],[-95.291475,36.056951],[-95.291447,36.05647],[-95.292744,36.05496],[-95.292857,36.054227],[-95.292462,36.053815],[-95.291617,36.053357],[-95.291307,36.052625],[-95.289672,36.052991],[-95.28939,36.05322],[-95.289362,36.053586],[-95.290574,36.054547],[-95.290574,36.054776],[-95.289982,36.054822],[-95.289305,36.054639],[-95.288094,36.053631],[-95.286966,36.053288],[-95.286515,36.053311],[-95.285331,36.053791],[-95.284146,36.054455],[-95.281919,36.056171],[-95.280847,36.0572],[-95.279493,36.060908],[-95.27907,36.061572],[-95.278647,36.061961],[-95.277688,36.062395],[-95.276842,36.063105],[-95.275066,36.063974],[-95.274981,36.064363],[-95.274699,36.064615],[-95.274051,36.064844],[-95.273882,36.065164],[-95.275065,36.066629],[-95.275403,36.066903],[-95.276305,36.067018],[-95.276305,36.067224],[-95.275177,36.067223],[-95.274613,36.067658],[-95.274022,36.0672],[-95.27374,36.066147],[-95.273317,36.065872],[-95.272246,36.065941],[-95.271231,36.067108],[-95.270385,36.067519],[-95.270385,36.067748],[-95.270723,36.068],[-95.270666,36.068183],[-95.269454,36.068526],[-95.269115,36.068778],[-95.269114,36.06919],[-95.269481,36.069602],[-95.269452,36.069854],[-95.269058,36.070014],[-95.268917,36.070266],[-95.269029,36.07109],[-95.266886,36.071867],[-95.266745,36.071753],[-95.267168,36.070998],[-95.267366,36.069762],[-95.268157,36.06745],[-95.268129,36.066947],[-95.269709,36.064933],[-95.269709,36.064635],[-95.26954,36.064521],[-95.269004,36.064543],[-95.266804,36.066671],[-95.264377,36.070447],[-95.263418,36.071477],[-95.263277,36.071957],[-95.264405,36.071821],[-95.264518,36.072118],[-95.262741,36.073102],[-95.261583,36.075985],[-95.260455,36.077106],[-95.260708,36.077725],[-95.261244,36.077931],[-95.26288,36.076856],[-95.263218,36.076879],[-95.262822,36.078389],[-95.262286,36.078641],[-95.262117,36.079053],[-95.261187,36.079121],[-95.26065,36.079853],[-95.260481,36.079853],[-95.260538,36.078686],[-95.259918,36.077976],[-95.259665,36.077839],[-95.259242,36.07793],[-95.258847,36.078708],[-95.258649,36.079784],[-95.259212,36.080608],[-95.259268,36.08134],[-95.259606,36.081913],[-95.259549,36.082256],[-95.258083,36.082828],[-95.25811,36.083675],[-95.257856,36.083881],[-95.257291,36.085505],[-95.25715,36.085574],[-95.25701,36.085482],[-95.257237,36.08285],[-95.257124,36.082141],[-95.257548,36.081637],[-95.25752,36.081157],[-95.257859,36.080356]],[[-95.270583,36.06443],[-95.270583,36.064796],[-95.271542,36.064544],[-95.274052,36.062279],[-95.275462,36.061341],[-95.27597,36.060838],[-95.276082,36.060426],[-95.27549,36.060563],[-95.27425,36.061547],[-95.272191,36.06269],[-95.271598,36.062805],[-95.27095,36.062713],[-95.27033,36.063125],[-95.270329,36.063445],[-95.270865,36.063812],[-95.270583,36.06443]],[[-95.27332,36.060951],[-95.275435,36.0588],[-95.275407,36.058549],[-95.274871,36.058617],[-95.273433,36.059647],[-95.271656,36.061431],[-95.271401,36.062049],[-95.27174,36.062049],[-95.27332,36.060951]],[[-95.27755,36.055758],[-95.277409,36.055666],[-95.27693,36.055826],[-95.276253,36.056421],[-95.275548,36.057611],[-95.276112,36.057565],[-95.276986,36.056879],[-95.27755,36.055758]],[[-95.28353,36.044177],[-95.283445,36.04388],[-95.282346,36.044177],[-95.281923,36.044726],[-95.281923,36.044932],[-95.282543,36.044818],[-95.28353,36.044177]],[[-95.289252,36.04102],[-95.287532,36.041523],[-95.284855,36.042758],[-95.284629,36.042941],[-95.284685,36.043262],[-95.28787,36.042233],[-95.289252,36.041203],[-95.289252,36.04102]],[[-95.272269,36.014304],[-95.271931,36.014189],[-95.271171,36.014258],[-95.270889,36.014441],[-95.27086,36.01467],[-95.271903,36.01483],[-95.272213,36.014693],[-95.272269,36.014304]],[[-95.269818,36.014395],[-95.269762,36.014143],[-95.269452,36.013982],[-95.268748,36.013845],[-95.267367,36.013959],[-95.26717,36.014165],[-95.267311,36.014394],[-95.2681,36.014508],[-95.269818,36.014395]],[[-95.297214,35.977891],[-95.298228,35.978303],[-95.298847,35.978189],[-95.298819,35.977914],[-95.297834,35.977342],[-95.296989,35.977342],[-95.296989,35.977616],[-95.297214,35.977891]],[[-95.266349,35.925993],[-95.266321,35.925558],[-95.265871,35.925443],[-95.265083,35.925741],[-95.26497,35.926313],[-95.265589,35.926473],[-95.266349,35.925993]],[[-95.306186,35.906407],[-95.305244,35.905721],[-95.30485,35.906041],[-95.304794,35.906476],[-95.305694,35.906934],[-95.30606,35.906888],[-95.306257,35.906682],[-95.306186,35.906407]],[[-95.231563,35.917133],[-95.229819,35.917271],[-95.229791,35.918484],[-95.230439,35.918987],[-95.230355,35.919743],[-95.231452,35.91988],[-95.231875,35.920291],[-95.232325,35.920291],[-95.23269,35.919765],[-95.233422,35.919398],[-95.233393,35.919032],[-95.232605,35.917933],[-95.231563,35.917133]],[[-95.234407,35.920199],[-95.234098,35.920657],[-95.234154,35.921046],[-95.234408,35.92132],[-95.234886,35.921229],[-95.235083,35.920977],[-95.234942,35.92029],[-95.234407,35.920199]],[[-95.192592,35.923069],[-95.192958,35.923275],[-95.193296,35.923183],[-95.193915,35.92284],[-95.193971,35.922428],[-95.193774,35.922222],[-95.193155,35.922062],[-95.192564,35.92252],[-95.19248,35.922863],[-95.192592,35.923069]],[[-95.191241,35.923252],[-95.190679,35.923412],[-95.190313,35.923824],[-95.190369,35.924374],[-95.190566,35.924626],[-95.191073,35.924603],[-95.191382,35.924305],[-95.191523,35.923504],[-95.191241,35.923252]]]},"properties":{"name":"Fort Gibson Lake","kind":"corps","designation":"Corps recreation area","manager":"USACE","access":"Open","acres":16804}},{"type":"Feature","geometry":{"type":"Polygon","coordinates":[[[-94.95645,35.85274],[-94.960793,35.852771],[-94.960793,35.856214],[-94.956574,35.856245],[-94.95645,35.85274]]]},"properties":{"name":"Murrel Home Park","kind":"historic","designation":"Historic or cultural area","manager":"OTHS","access":"Open","acres":37}},{"type":"Feature","geometry":{"type":"Polygon","coordinates":[[[-94.81689,35.540043],[-94.81788,35.539931],[-94.818578,35.540298],[-94.818872,35.54055],[-94.819163,35.541776],[-94.819199,35.542793],[-94.818081,35.545942],[-94.81605,35.545949],[-94.816008,35.541808],[-94.816462,35.541071],[-94.8166,35.540318],[-94.81689,35.540043]]]},"properties":{"name":"Brushy Lake Park","kind":"citypark","designation":"City park","manager":"CITY","access":"Open","acres":39}},{"type":"Feature","geometry":{"type":"MultiPolygon","coordinates":[[[[-95.045705,35.604056],[-95.046413,35.603898],[-95.046878,35.604021],[-95.04927,35.605798],[-95.048838,35.606223],[-95.043323,35.60562],[-95.043338,35.605147],[-95.043716,35.604883],[-95.045705,35.604056]]],[[[-95.015608,35.611327],[-95.015618,35.610411],[-95.016224,35.61043],[-95.016205,35.607739],[-95.017162,35.607699],[-95.017238,35.606838],[-95.01829,35.606814],[-95.018313,35.605964],[-95.020455,35.605919],[-95.020508,35.603946],[-95.024933,35.603919],[-95.024895,35.598655],[-95.029489,35.5987],[-95.033463,35.596282],[-95.034546,35.596749],[-95.034684,35.597751],[-95.036711,35.598033],[-95.037268,35.598707],[-95.037494,35.599596],[-95.037951,35.599965],[-95.039763,35.602395],[-95.039699,35.603391],[-95.0393,35.603919],[-95.038821,35.604123],[-95.03849,35.604496],[-95.037703,35.604358],[-95.037415,35.603518],[-95.034933,35.602494],[-95.032011,35.60224],[-95.030708,35.603233],[-95.030362,35.603971],[-95.02924,35.605248],[-95.026642,35.606752],[-95.025671,35.606975],[-95.025059,35.606929],[-95.023377,35.606353],[-95.022151,35.606123],[-95.021315,35.606667],[-95.019119,35.606546],[-95.018651,35.607563],[-95.01865,35.608164],[-95.019081,35.607897],[-95.019284,35.607539],[-95.020733,35.607436],[-95.021535,35.607098],[-95.022849,35.606881],[-95.025871,35.607891],[-95.026754,35.607712],[-95.027868,35.606943],[-95.029851,35.605934],[-95.031297,35.604457],[-95.032052,35.604087],[-95.03272,35.604037],[-95.034253,35.604895],[-95.034517,35.606461],[-95.034852,35.607072],[-95.035537,35.607726],[-95.03546,35.608696],[-95.034974,35.609245],[-95.034757,35.609781],[-95.019716,35.609537],[-95.01971,35.611276],[-95.018505,35.611297],[-95.018515,35.612162],[-95.016231,35.612196],[-95.016209,35.61307],[-95.014093,35.613164],[-95.014101,35.614852],[-95.01301,35.61481],[-95.012985,35.612026],[-95.013982,35.612013],[-95.014025,35.61135],[-95.015608,35.611327]]],[[[-95.045997,35.61515],[-95.045978,35.614808],[-95.043915,35.612937],[-95.043553,35.612418],[-95.044005,35.612125],[-95.046888,35.612226],[-95.049481,35.61254],[-95.050181,35.612845],[-95.051827,35.614082],[-95.052326,35.614234],[-95.053633,35.614015],[-95.054138,35.614115],[-95.054507,35.614579],[-95.054358,35.614966],[-95.05328,35.61499],[-95.051797,35.615554],[-95.050258,35.616577],[-95.048653,35.616903],[-95.045997,35.61515]]]]},"properties":{"name":"Lake Tenkiller State Park","kind":"statepark","designation":"State park","manager":"SPR","access":"Open","acres":514}},{"type":"Feature","geometry":{"type":"Polygon","coordinates":[[[-94.77678,35.740263],[-94.776712,35.718348],[-94.769951,35.71833],[-94.76998,35.716567],[-94.772279,35.716592],[-94.772256,35.715308],[-94.772955,35.714795],[-94.774674,35.714815],[-94.774618,35.711208],[-94.767844,35.71127],[-94.766904,35.709984],[-94.766148,35.7095],[-94.765068,35.709166],[-94.765637,35.707481],[-94.767794,35.707488],[-94.767813,35.703831],[-94.765568,35.703774],[-94.765455,35.692863],[-94.772127,35.692821],[-94.772145,35.689224],[-94.790004,35.689236],[-94.789975,35.691007],[-94.794356,35.691009],[-94.794687,35.683893],[-94.790246,35.683939],[-94.790295,35.6821],[-94.788004,35.682147],[-94.787982,35.683971],[-94.785738,35.683946],[-94.785808,35.682193],[-94.781374,35.6822],[-94.780987,35.667693],[-94.788048,35.667763],[-94.787928,35.666821],[-94.787243,35.665766],[-94.785287,35.664117],[-94.785363,35.658874],[-94.785961,35.658059],[-94.78614,35.657117],[-94.787263,35.656239],[-94.787948,35.655307],[-94.788925,35.653102],[-94.794638,35.653111],[-94.794662,35.649487],[-94.843341,35.649452],[-94.843302,35.678534],[-94.858659,35.678568],[-94.858719,35.680408],[-94.860957,35.680459],[-94.860959,35.682323],[-94.856455,35.68236],[-94.856238,35.696778],[-94.861044,35.696824],[-94.860992,35.703998],[-94.856551,35.704057],[-94.856589,35.711239],[-94.843276,35.711248],[-94.843379,35.722014],[-94.840447,35.72211],[-94.840544,35.722831],[-94.840433,35.724104],[-94.839798,35.725695],[-94.807948,35.725768],[-94.807915,35.740238],[-94.77678,35.740263]]]},"properties":{"name":"Cookson Wildlife Management Area","kind":"wma","designation":"Wildlife management area","manager":"SFW","access":"Restricted","acres":14489}},{"type":"Feature","geometry":{"type":"Polygon","coordinates":[[[-94.90151,35.830793],[-94.900554,35.830427],[-94.900161,35.829992],[-94.900133,35.82871],[-94.899403,35.826786],[-94.899488,35.826122],[-94.89932,35.824497],[-94.899461,35.822757],[-94.899715,35.821887],[-94.901402,35.820491],[-94.901992,35.820034],[-94.902807,35.819805],[-94.903595,35.819301],[-94.904213,35.81921],[-94.905646,35.819416],[-94.909947,35.82038],[-94.910902,35.820815],[-94.913375,35.822624],[-94.914274,35.823013],[-94.915343,35.823151],[-94.916073,35.822853],[-94.916158,35.82267],[-94.916045,35.822556],[-94.914752,35.822647],[-94.914668,35.822281],[-94.914893,35.822121],[-94.915961,35.822189],[-94.916523,35.821938],[-94.917058,35.821411],[-94.917198,35.820862],[-94.916889,35.82077],[-94.916861,35.82061],[-94.917508,35.819465],[-94.91748,35.818023],[-94.916946,35.817496],[-94.916637,35.817428],[-94.915934,35.817611],[-94.915766,35.817496],[-94.916075,35.816512],[-94.916075,35.815962],[-94.915485,35.815184],[-94.914586,35.813421],[-94.912365,35.811406],[-94.911888,35.810742],[-94.910904,35.809963],[-94.910652,35.809483],[-94.909556,35.808773],[-94.909556,35.808246],[-94.908797,35.807353],[-94.908545,35.806643],[-94.908179,35.806506],[-94.906606,35.806712],[-94.906915,35.806253],[-94.906943,35.805085],[-94.906803,35.804879],[-94.905679,35.804604],[-94.903712,35.804856],[-94.90152,35.803893],[-94.89975,35.80355],[-94.899244,35.803526],[-94.898344,35.804282],[-94.897362,35.802954],[-94.894214,35.80222],[-94.89295,35.801716],[-94.89118,35.801486],[-94.890955,35.801646],[-94.891629,35.802013],[-94.891629,35.802173],[-94.891208,35.802196],[-94.888988,35.801577],[-94.888004,35.801485],[-94.887302,35.801531],[-94.886796,35.801759],[-94.886121,35.802423],[-94.885953,35.802423],[-94.88584,35.802354],[-94.886038,35.800889],[-94.885757,35.800614],[-94.88556,35.800568],[-94.885026,35.801209],[-94.884042,35.801094],[-94.884014,35.800934],[-94.884998,35.800545],[-94.884998,35.800202],[-94.883875,35.799469],[-94.882836,35.79798],[-94.882921,35.796561],[-94.883737,35.794959],[-94.884412,35.794158],[-94.885734,35.793013],[-94.886914,35.792281],[-94.888319,35.791847],[-94.890905,35.790154],[-94.891299,35.789582],[-94.891299,35.788895],[-94.892339,35.788826],[-94.892592,35.78901],[-94.893294,35.788529],[-94.89321,35.78798],[-94.894223,35.786744],[-94.894644,35.78576],[-94.894701,35.784661],[-94.895039,35.784043],[-94.89518,35.783104],[-94.895068,35.782028],[-94.894563,35.781272],[-94.894311,35.779715],[-94.893721,35.779143],[-94.893299,35.778296],[-94.892906,35.777906],[-94.892738,35.777311],[-94.892485,35.777128],[-94.891923,35.777151],[-94.891867,35.776418],[-94.890772,35.775845],[-94.890857,35.775181],[-94.890492,35.774197],[-94.888836,35.771289],[-94.88864,35.771174],[-94.887461,35.768907],[-94.886928,35.768037],[-94.886535,35.767693],[-94.885552,35.768082],[-94.880493,35.771331],[-94.87847,35.771994],[-94.874319,35.773821],[-94.874095,35.77405],[-94.873927,35.774829],[-94.873084,35.774417],[-94.872606,35.774463],[-94.871427,35.774967],[-94.868842,35.774854],[-94.865922,35.776641],[-94.86477,35.777168],[-94.864602,35.778084],[-94.863844,35.777993],[-94.863479,35.77884],[-94.862693,35.778932],[-94.861625,35.778612],[-94.861569,35.778337],[-94.862017,35.777513],[-94.86227,35.77646],[-94.863449,35.775566],[-94.864741,35.774948],[-94.867661,35.77268],[-94.868868,35.772153],[-94.869374,35.77174],[-94.86957,35.771305],[-94.871031,35.77119],[-94.872294,35.770594],[-94.874373,35.770364],[-94.87659,35.769842],[-94.878219,35.769728],[-94.881226,35.768425],[-94.881254,35.768219],[-94.880805,35.76776],[-94.880889,35.767623],[-94.882406,35.767807],[-94.883024,35.767624],[-94.883811,35.766686],[-94.884626,35.766045],[-94.885609,35.765725],[-94.888953,35.764078],[-94.890442,35.763735],[-94.891313,35.763255],[-94.891313,35.763002],[-94.891088,35.762819],[-94.8896,35.762452],[-94.888392,35.762451],[-94.887044,35.762085],[-94.885612,35.762336],[-94.885247,35.762175],[-94.885163,35.761832],[-94.884713,35.761488],[-94.88331,35.760801],[-94.882102,35.760617],[-94.880417,35.760822],[-94.879714,35.760708],[-94.877721,35.76018],[-94.874055,35.758872],[-94.872621,35.757361],[-94.871946,35.755599],[-94.871356,35.754981],[-94.871917,35.754935],[-94.87217,35.754729],[-94.873126,35.755713],[-94.873323,35.756376],[-94.873772,35.756605],[-94.874306,35.756468],[-94.874446,35.755689],[-94.875652,35.755783],[-94.877135,35.755189],[-94.877359,35.755235],[-94.878538,35.756288],[-94.880167,35.75693],[-94.880897,35.756999],[-94.883311,35.758305],[-94.883564,35.758534],[-94.883816,35.759473],[-94.884181,35.759657],[-94.884911,35.759474],[-94.885249,35.759016],[-94.889011,35.760712],[-94.890556,35.760392],[-94.890949,35.760644],[-94.891426,35.762202],[-94.892212,35.762843],[-94.89283,35.763118],[-94.894151,35.763027],[-94.895134,35.762638],[-94.896708,35.761311],[-94.897804,35.760006],[-94.898254,35.758907],[-94.89918,35.758931],[-94.901118,35.760236],[-94.901819,35.759756],[-94.901847,35.75955],[-94.900191,35.75829],[-94.900163,35.758038],[-94.900809,35.757145],[-94.901034,35.756436],[-94.903057,35.754376],[-94.903732,35.752819],[-94.903789,35.750828],[-94.903176,35.749712],[-94.902362,35.748996],[-94.901941,35.748125],[-94.901548,35.747965],[-94.900875,35.747003],[-94.900285,35.746751],[-94.900454,35.745653],[-94.900201,35.745561],[-94.899471,35.746179],[-94.899134,35.746682],[-94.898797,35.746797],[-94.899106,35.746202],[-94.89905,35.745492],[-94.898797,35.745194],[-94.897758,35.744988],[-94.897478,35.744553],[-94.897028,35.744438],[-94.897028,35.744255],[-94.897731,35.744003],[-94.898713,35.744256],[-94.899696,35.744256],[-94.900005,35.744004],[-94.900258,35.7435],[-94.900764,35.74302],[-94.900764,35.74199],[-94.901101,35.741257],[-94.901131,35.74057],[-94.900878,35.739975],[-94.899756,35.738807],[-94.899559,35.73796],[-94.899756,35.737914],[-94.899896,35.738418],[-94.900963,35.739311],[-94.901299,35.739929],[-94.901636,35.740181],[-94.902985,35.736564],[-94.903884,35.735374],[-94.904446,35.734893],[-94.905541,35.734527],[-94.906215,35.734734],[-94.906776,35.735283],[-94.905822,35.7351],[-94.904923,35.73526],[-94.904165,35.736107],[-94.903659,35.737137],[-94.903687,35.737938],[-94.904894,35.740274],[-94.905062,35.741647],[-94.904752,35.742288],[-94.903432,35.743341],[-94.903236,35.743661],[-94.903235,35.744165],[-94.903431,35.744486],[-94.904385,35.74499],[-94.905171,35.746295],[-94.905536,35.746592],[-94.906266,35.746387],[-94.90635,35.7476],[-94.906687,35.747898],[-94.907108,35.747806],[-94.908007,35.747005],[-94.908934,35.746616],[-94.911771,35.745998],[-94.912416,35.746021],[-94.913315,35.746319],[-94.915533,35.746228],[-94.916123,35.746365],[-94.916516,35.746549],[-94.917415,35.747396],[-94.917976,35.748151],[-94.918242,35.750105],[-94.91859,35.751128],[-94.919516,35.751793],[-94.920303,35.751678],[-94.921314,35.751266],[-94.922437,35.750466],[-94.923004,35.749296],[-94.923116,35.747923],[-94.923481,35.746778],[-94.92365,35.744329],[-94.923397,35.744077],[-94.922639,35.744145],[-94.922864,35.743733],[-94.923706,35.743024],[-94.924577,35.741719],[-94.922078,35.741696],[-94.921909,35.741558],[-94.924128,35.740986],[-94.924633,35.740597],[-94.925391,35.740299],[-94.925869,35.739842],[-94.925897,35.739407],[-94.925616,35.739178],[-94.922949,35.738514],[-94.922106,35.738491],[-94.921208,35.737758],[-94.922865,35.738033],[-94.92323,35.73785],[-94.923286,35.736934],[-94.922668,35.735789],[-94.92264,35.7354],[-94.922977,35.735331],[-94.924016,35.737369],[-94.924606,35.737964],[-94.924999,35.737918],[-94.925588,35.7373],[-94.925785,35.736339],[-94.926852,35.734897],[-94.927301,35.733958],[-94.926796,35.733294],[-94.925869,35.732974],[-94.925196,35.732401],[-94.924185,35.732172],[-94.924185,35.731897],[-94.925027,35.731623],[-94.926375,35.732607],[-94.926824,35.732722],[-94.927189,35.732722],[-94.928116,35.732035],[-94.928424,35.731989],[-94.928368,35.732607],[-94.927919,35.733271],[-94.927807,35.736041],[-94.929632,35.735035],[-94.930334,35.734875],[-94.931709,35.733524],[-94.932243,35.733272],[-94.93404,35.733204],[-94.935977,35.732677],[-94.942912,35.734508],[-94.9444,35.735103],[-94.946113,35.736087],[-94.947377,35.736248],[-94.947573,35.73611],[-94.947657,35.735835],[-94.947405,35.734599],[-94.947124,35.734004],[-94.946506,35.733294],[-94.944484,35.732287],[-94.943445,35.730456],[-94.943277,35.73041],[-94.942181,35.728052],[-94.942041,35.726885],[-94.941676,35.726061],[-94.941367,35.724733],[-94.941114,35.724344],[-94.940749,35.724069],[-94.940244,35.723977],[-94.939514,35.724435],[-94.938925,35.725488],[-94.937774,35.725855],[-94.93738,35.725878],[-94.936931,35.725351],[-94.936566,35.725237],[-94.93491,35.72574],[-94.933619,35.725397],[-94.933703,35.725145],[-94.93477,35.725031],[-94.935275,35.72471],[-94.936285,35.72352],[-94.936454,35.722787],[-94.936201,35.722169],[-94.936566,35.721619],[-94.936903,35.721597],[-94.937801,35.722077],[-94.938222,35.722078],[-94.938503,35.721918],[-94.938672,35.721575],[-94.938728,35.720865],[-94.937829,35.719995],[-94.937829,35.718553],[-94.937745,35.718301],[-94.937211,35.717889],[-94.937211,35.717591],[-94.937576,35.717316],[-94.937576,35.716996],[-94.937126,35.716401],[-94.937632,35.716355],[-94.938193,35.716607],[-94.939794,35.719284],[-94.940468,35.719925],[-94.940833,35.719925],[-94.942518,35.716995],[-94.943865,35.71514],[-94.946812,35.712553],[-94.94844,35.711568],[-94.950124,35.710996],[-94.951303,35.710812],[-94.952734,35.711041],[-94.953913,35.710835],[-94.954755,35.710377],[-94.954671,35.709759],[-94.954137,35.70937],[-94.954109,35.708843],[-94.955175,35.707195],[-94.956803,35.707675],[-94.956832,35.708019],[-94.955962,35.708934],[-94.955906,35.709347],[-94.956551,35.709896],[-94.958825,35.709712],[-94.960733,35.7093],[-94.961351,35.70891],[-94.961715,35.707811],[-94.960143,35.705912],[-94.959694,35.705614],[-94.958936,35.705477],[-94.958599,35.705752],[-94.958403,35.706255],[-94.95815,35.706347],[-94.957757,35.705386],[-94.957532,35.705111],[-94.957055,35.704928],[-94.954922,35.704768],[-94.954024,35.704356],[-94.952957,35.704196],[-94.951273,35.704769],[-94.950656,35.70399],[-94.950346,35.703853],[-94.950009,35.703784],[-94.948915,35.704013],[-94.948185,35.703418],[-94.948718,35.703166],[-94.949195,35.702686],[-94.950121,35.702273],[-94.950374,35.701724],[-94.949981,35.701381],[-94.948802,35.70106],[-94.948156,35.70106],[-94.947174,35.701472],[-94.94608,35.701312],[-94.946108,35.700786],[-94.945518,35.699572],[-94.944788,35.698634],[-94.943581,35.697741],[-94.941561,35.697604],[-94.939793,35.698085],[-94.938726,35.698657],[-94.938474,35.698657],[-94.938726,35.698108],[-94.937632,35.697512],[-94.937183,35.697078],[-94.937099,35.696894],[-94.937407,35.696894],[-94.938754,35.697352],[-94.941028,35.696894],[-94.942405,35.696779],[-94.943471,35.696939],[-94.944425,35.697167],[-94.947318,35.698906],[-94.947571,35.698883],[-94.947538,35.696092],[-94.947931,35.694536],[-94.950007,35.691033],[-94.949894,35.690758],[-94.949614,35.690598],[-94.946414,35.690667],[-94.945853,35.690483],[-94.945122,35.689978],[-94.944672,35.689428],[-94.943438,35.687506],[-94.942568,35.687185],[-94.942148,35.687323],[-94.942148,35.686521],[-94.940717,35.685538],[-94.940269,35.684966],[-94.940044,35.684348],[-94.939988,35.680525],[-94.939539,35.678694],[-94.939286,35.678144],[-94.938781,35.677732],[-94.937799,35.67732],[-94.937435,35.676817],[-94.93808,35.676931],[-94.939314,35.677618],[-94.940016,35.678236],[-94.940493,35.67906],[-94.940802,35.679976],[-94.940942,35.683593],[-94.941419,35.684486],[-94.942345,35.685287],[-94.944478,35.686638],[-94.945713,35.688629],[-94.946779,35.689293],[-94.950007,35.688812],[-94.955339,35.688742],[-94.95792,35.688101],[-94.95952,35.687391],[-94.96067,35.687208],[-94.961119,35.686933],[-94.961034,35.686452],[-94.960393,35.685517],[-94.959528,35.684901],[-94.959304,35.684376],[-94.959723,35.684422],[-94.960449,35.685016],[-94.961146,35.685222],[-94.963269,35.685339],[-94.964023,35.684975],[-94.964842,35.68355],[-94.964936,35.681631],[-94.964261,35.680266],[-94.963414,35.679432],[-94.963332,35.677959],[-94.962855,35.677616],[-94.961396,35.677204],[-94.96047,35.675967],[-94.960217,35.675028],[-94.959796,35.674273],[-94.957523,35.673632],[-94.956401,35.672557],[-94.956625,35.672329],[-94.957074,35.672283],[-94.959151,35.673267],[-94.960834,35.67377],[-94.961901,35.675258],[-94.962574,35.675784],[-94.963191,35.675738],[-94.963752,35.675418],[-94.965968,35.673723],[-94.966473,35.673196],[-94.967062,35.672189],[-94.967734,35.67038],[-94.967762,35.669075],[-94.968154,35.668182],[-94.967985,35.666511],[-94.968602,35.665733],[-94.968517,35.664542],[-94.970032,35.664015],[-94.970817,35.663145],[-94.973173,35.661427],[-94.973789,35.66074],[-94.974602,35.658909],[-94.974629,35.657466],[-94.974237,35.657009],[-94.970562,35.656575],[-94.970085,35.656712],[-94.969552,35.657353],[-94.969244,35.657445],[-94.96916,35.657125],[-94.969328,35.656873],[-94.970141,35.655911],[-94.970505,35.655751],[-94.971824,35.655773],[-94.97216,35.655498],[-94.972441,35.655498],[-94.972805,35.65575],[-94.97331,35.655773],[-94.975217,35.655017],[-94.975806,35.654971],[-94.976676,35.65584],[-94.977714,35.655954],[-94.978163,35.655817],[-94.979509,35.654809],[-94.979873,35.654328],[-94.979901,35.654008],[-94.979732,35.653023],[-94.979311,35.652382],[-94.977768,35.651559],[-94.977179,35.651055],[-94.976141,35.650644],[-94.975832,35.6503],[-94.974822,35.65014],[-94.974345,35.649637],[-94.972354,35.649729],[-94.972606,35.649386],[-94.973279,35.649225],[-94.974261,35.648492],[-94.97426,35.648195],[-94.973755,35.647691],[-94.973727,35.647142],[-94.973278,35.646547],[-94.972633,35.646478],[-94.970362,35.647669],[-94.970081,35.647692],[-94.969997,35.647555],[-94.971259,35.64673],[-94.971315,35.64625],[-94.970024,35.645449],[-94.970277,35.645242],[-94.971651,35.645288],[-94.973586,35.644921],[-94.974511,35.643936],[-94.974735,35.642814],[-94.974201,35.64167],[-94.973556,35.641121],[-94.972378,35.640938],[-94.970611,35.640824],[-94.968592,35.641031],[-94.967302,35.64055],[-94.966909,35.640092],[-94.966152,35.639886],[-94.965984,35.639566],[-94.965226,35.63936],[-94.965142,35.639131],[-94.966853,35.63936],[-94.96848,35.640092],[-94.969181,35.640229],[-94.969686,35.640183],[-94.971087,35.639427],[-94.972265,35.639312],[-94.972854,35.639015],[-94.973245,35.638331],[-94.974021,35.638332],[-94.974677,35.638694],[-94.975125,35.638671],[-94.975742,35.638167],[-94.975068,35.636496],[-94.975067,35.633977],[-94.975151,35.633794],[-94.975375,35.633886],[-94.975796,35.634664],[-94.976049,35.635809],[-94.976835,35.636289],[-94.976835,35.636884],[-94.977537,35.637685],[-94.977902,35.638807],[-94.978044,35.642104],[-94.979727,35.644026],[-94.980036,35.645102],[-94.981636,35.646498],[-94.981271,35.647139],[-94.9813,35.647505],[-94.982085,35.647848],[-94.984188,35.647527],[-94.98489,35.646703],[-94.987106,35.646358],[-94.988956,35.645648],[-94.991423,35.644159],[-94.992769,35.643632],[-94.994366,35.642349],[-94.995543,35.640036],[-94.995682,35.638937],[-94.995822,35.6388],[-94.996551,35.638731],[-94.998318,35.639004],[-95.000246,35.638392],[-95.001163,35.638413],[-95.001752,35.638505],[-95.002257,35.638803],[-95.002845,35.639627],[-95.003209,35.639765],[-95.003658,35.639788],[-95.004191,35.639261],[-95.005089,35.639079],[-95.006182,35.639377],[-95.006715,35.638828],[-95.006632,35.63766],[-95.007109,35.636859],[-95.008849,35.63599],[-95.011849,35.635419],[-95.012159,35.635076],[-95.012468,35.633725],[-95.013114,35.632901],[-95.013983,35.632672],[-95.015441,35.633268],[-95.016955,35.633566],[-95.01774,35.633338],[-95.021359,35.631118],[-95.0222,35.630455],[-95.023323,35.628876],[-95.023492,35.627021],[-95.023986,35.625108],[-95.024227,35.623057],[-95.02448,35.622165],[-95.025097,35.620951],[-95.026219,35.619693],[-95.02779,35.618686],[-95.031379,35.617382],[-95.034126,35.617107],[-95.036257,35.617268],[-95.037154,35.616879],[-95.03721,35.616581],[-95.037042,35.616124],[-95.034856,35.613353],[-95.033987,35.613032],[-95.033763,35.612735],[-95.033932,35.610743],[-95.034325,35.609644],[-95.034998,35.608523],[-95.035586,35.608088],[-95.035671,35.60747],[-95.034662,35.606165],[-95.034606,35.605295],[-95.03441,35.604974],[-95.033401,35.604196],[-95.032364,35.604195],[-95.031887,35.604401],[-95.029728,35.606209],[-95.025887,35.60836],[-95.02443,35.608108],[-95.024206,35.607444],[-95.023281,35.606963],[-95.022664,35.607032],[-95.021963,35.607444],[-95.02059,35.607558],[-95.019832,35.608061],[-95.018767,35.609343],[-95.018542,35.610258],[-95.017981,35.61067],[-95.017785,35.610693],[-95.017701,35.610327],[-95.01815,35.609526],[-95.018094,35.608541],[-95.018515,35.607694],[-95.018684,35.606641],[-95.019413,35.606207],[-95.021207,35.606116],[-95.0223,35.605704],[-95.025215,35.606414],[-95.027093,35.606277],[-95.029028,35.605179],[-95.03043,35.603142],[-95.031159,35.602409],[-95.032701,35.601837],[-95.033738,35.601769],[-95.034943,35.601929],[-95.038166,35.603555],[-95.039792,35.603464],[-95.040353,35.603075],[-95.040129,35.602365],[-95.037859,35.599778],[-95.037158,35.599343],[-95.037103,35.598633],[-95.036458,35.598129],[-95.036206,35.597992],[-95.034888,35.598061],[-95.033683,35.598495],[-95.033487,35.598381],[-95.033459,35.598106],[-95.032534,35.597831],[-95.032674,35.597327],[-95.033964,35.597282],[-95.034328,35.59703],[-95.033006,35.596417],[-95.031387,35.592337],[-95.030659,35.589933],[-95.030715,35.589452],[-95.031051,35.589406],[-95.031724,35.58975],[-95.032312,35.590574],[-95.032452,35.590894],[-95.032512,35.592649],[-95.034048,35.596137],[-95.041057,35.591926],[-95.041786,35.591789],[-95.04229,35.591949],[-95.043271,35.592613],[-95.044167,35.593873],[-95.045064,35.594605],[-95.049997,35.596414],[-95.051314,35.597055],[-95.051706,35.597559],[-95.051622,35.598475],[-95.05179,35.598749],[-95.057256,35.601817],[-95.057873,35.602412],[-95.060227,35.604061],[-95.061068,35.604015],[-95.06289,35.603305],[-95.063507,35.603442],[-95.063619,35.603603],[-95.063254,35.604083],[-95.061797,35.60461],[-95.061236,35.605114],[-95.060031,35.60477],[-95.059582,35.604793],[-95.059386,35.604908],[-95.059386,35.605205],[-95.059666,35.605594],[-95.060984,35.606373],[-95.063955,35.608662],[-95.065133,35.609188],[-95.066787,35.609806],[-95.069338,35.609531],[-95.069926,35.609783],[-95.069926,35.610012],[-95.067965,35.610722],[-95.0669,35.611455],[-95.065302,35.61205],[-95.063256,35.614019],[-95.061995,35.614706],[-95.060144,35.615301],[-95.057846,35.615278],[-95.057397,35.61553],[-95.057089,35.616308],[-95.057452,35.617041],[-95.05776,35.617201],[-95.058349,35.617087],[-95.05905,35.616491],[-95.059555,35.616308],[-95.060956,35.616148],[-95.062022,35.616354],[-95.063087,35.616835],[-95.063872,35.616789],[-95.064264,35.616629],[-95.065021,35.615621],[-95.06533,35.615621],[-95.065666,35.615987],[-95.066031,35.617613],[-95.067574,35.618849],[-95.068191,35.619055],[-95.069761,35.618849],[-95.070321,35.618986],[-95.070321,35.619375],[-95.06934,35.620222],[-95.06934,35.621596],[-95.069144,35.621871],[-95.06892,35.621916],[-95.067854,35.621024],[-95.067182,35.620818],[-95.066789,35.620268],[-95.065752,35.620291],[-95.065107,35.620658],[-95.064181,35.622123],[-95.064153,35.62313],[-95.064658,35.623702],[-95.064658,35.624046],[-95.064041,35.624527],[-95.064008,35.627096],[-95.064373,35.627669],[-95.066447,35.629294],[-95.067289,35.629569],[-95.070317,35.629179],[-95.071355,35.628927],[-95.072224,35.628424],[-95.072589,35.628424],[-95.07329,35.628882],[-95.075449,35.628492],[-95.077776,35.628652],[-95.07786,35.628858],[-95.077664,35.629064],[-95.076262,35.629522],[-95.074832,35.629774],[-95.074804,35.630049],[-95.075309,35.631079],[-95.075674,35.631445],[-95.075786,35.631857],[-95.075674,35.632018],[-95.074861,35.631949],[-95.073346,35.630873],[-95.072842,35.630736],[-95.072786,35.631194],[-95.071916,35.631285],[-95.07172,35.631125],[-95.071748,35.630507],[-95.071608,35.630415],[-95.068664,35.63108],[-95.062747,35.630576],[-95.061204,35.630897],[-95.060671,35.631354],[-95.060055,35.632728],[-95.058877,35.634193],[-95.057727,35.634765],[-95.055596,35.636665],[-95.055119,35.637558],[-95.054979,35.638977],[-95.054726,35.639367],[-95.051613,35.642136],[-95.050968,35.643052],[-95.049678,35.644059],[-95.04878,35.644288],[-95.048556,35.644128],[-95.04864,35.64383],[-95.051305,35.641885],[-95.052174,35.640374],[-95.053156,35.639252],[-95.054194,35.636391],[-95.056213,35.634056],[-95.057503,35.632133],[-95.057587,35.631515],[-95.057223,35.630645],[-95.056774,35.630233],[-95.055428,35.629981],[-95.055232,35.629797],[-95.055765,35.62863],[-95.055653,35.628241],[-95.05512,35.628241],[-95.054727,35.628447],[-95.053045,35.629706],[-95.0524,35.630576],[-95.051559,35.631331],[-95.050605,35.633048],[-95.049708,35.633689],[-95.048137,35.634215],[-95.046286,35.634352],[-95.041519,35.636],[-95.041014,35.635862],[-95.041463,35.634855],[-95.04152,35.633619],[-95.040986,35.632978],[-95.040481,35.632978],[-95.039977,35.633527],[-95.039724,35.633573],[-95.039528,35.633069],[-95.039612,35.632474],[-95.0395,35.632222],[-95.036809,35.629612],[-95.036052,35.629177],[-95.034202,35.629062],[-95.033893,35.629382],[-95.033893,35.630161],[-95.032715,35.631442],[-95.032462,35.632656],[-95.032153,35.633228],[-95.0312,35.633777],[-95.030442,35.634761],[-95.029376,35.6357],[-95.02932,35.636341],[-95.030665,35.637577],[-95.030777,35.638104],[-95.030497,35.638333],[-95.028814,35.638218],[-95.027637,35.638378],[-95.027132,35.638835],[-95.025701,35.639407],[-95.025477,35.639865],[-95.025532,35.64046],[-95.025841,35.641056],[-95.02727,35.642498],[-95.02842,35.643346],[-95.03041,35.644445],[-95.033243,35.64511],[-95.034561,35.644789],[-95.03543,35.643965],[-95.036216,35.64376],[-95.036216,35.643966],[-95.035711,35.644492],[-95.03543,35.645064],[-95.034813,35.645682],[-95.034673,35.646117],[-95.034897,35.646323],[-95.03571,35.646323],[-95.036552,35.645728],[-95.037028,35.64582],[-95.037,35.64653],[-95.037309,35.646988],[-95.03728,35.647285],[-95.037028,35.6474],[-95.035822,35.647102],[-95.034644,35.647102],[-95.034644,35.647308],[-95.036438,35.649025],[-95.036691,35.649323],[-95.036691,35.649666],[-95.036046,35.649529],[-95.034812,35.648841],[-95.034055,35.647788],[-95.032653,35.646597],[-95.031672,35.646139],[-95.031167,35.646162],[-95.031055,35.646391],[-95.03111,35.648177],[-95.030914,35.648657],[-95.031025,35.651084],[-95.03052,35.651061],[-95.02996,35.649825],[-95.030269,35.648176],[-95.030073,35.646986],[-95.029596,35.646299],[-95.027942,35.645131],[-95.025251,35.643665],[-95.02368,35.643321],[-95.021745,35.643527],[-95.019698,35.643503],[-95.017595,35.642999],[-95.017118,35.643044],[-95.017006,35.643204],[-95.016808,35.646203],[-95.017284,35.646936],[-95.019247,35.648059],[-95.019275,35.648448],[-95.018966,35.648654],[-95.015628,35.648584],[-95.01532,35.648813],[-95.015431,35.64982],[-95.014197,35.650712],[-95.013186,35.651994],[-95.013802,35.654009],[-95.014307,35.654627],[-95.015568,35.65552],[-95.017223,35.656048],[-95.018457,35.655865],[-95.019075,35.655384],[-95.01958,35.654606],[-95.020001,35.654377],[-95.020646,35.654698],[-95.02115,35.655133],[-95.021122,35.655614],[-95.020448,35.656735],[-95.020364,35.657193],[-95.020476,35.657605],[-95.021009,35.658086],[-95.021036,35.65843],[-95.020728,35.658819],[-95.020727,35.659254],[-95.021064,35.659506],[-95.022635,35.659667],[-95.023532,35.660193],[-95.024766,35.660308],[-95.026421,35.660927],[-95.030068,35.660607],[-95.030797,35.660699],[-95.030769,35.660951],[-95.030039,35.661248],[-95.02959,35.661752],[-95.028216,35.662049],[-95.027823,35.662301],[-95.027851,35.662988],[-95.02771,35.663171],[-95.027289,35.663239],[-95.022578,35.661292],[-95.020502,35.66152],[-95.020249,35.661795],[-95.020249,35.662367],[-95.020473,35.662825],[-95.020529,35.663901],[-95.020332,35.665664],[-95.020555,35.666808],[-95.022546,35.669259],[-95.023275,35.669625],[-95.023864,35.669557],[-95.024341,35.669191],[-95.024482,35.668572],[-95.024959,35.668229],[-95.025548,35.668367],[-95.025913,35.668733],[-95.028353,35.669283],[-95.028184,35.669581],[-95.026052,35.670061],[-95.025912,35.670565],[-95.026585,35.670954],[-95.027595,35.671023],[-95.028128,35.671229],[-95.029081,35.672351],[-95.028744,35.672557],[-95.02838,35.672534],[-95.024957,35.671526],[-95.024368,35.67164],[-95.024059,35.672121],[-95.024115,35.673426],[-95.024956,35.674296],[-95.02706,35.675624],[-95.02706,35.675899],[-95.026583,35.676357],[-95.026582,35.676769],[-95.028714,35.678006],[-95.029275,35.679196],[-95.029218,35.680158],[-95.028713,35.680501],[-95.02731,35.680157],[-95.026805,35.680226],[-95.026581,35.681256],[-95.025794,35.682538],[-95.024503,35.68327],[-95.021443,35.686565],[-95.020686,35.686748],[-95.020237,35.686519],[-95.020265,35.685695],[-95.021305,35.683475],[-95.021361,35.682467],[-95.021839,35.681483],[-95.021839,35.680361],[-95.022822,35.678759],[-95.022822,35.678256],[-95.022458,35.6775],[-95.022094,35.676058],[-95.021983,35.674135],[-95.021534,35.673562],[-95.020973,35.673493],[-95.020468,35.673699],[-95.019794,35.674317],[-95.019457,35.674912],[-95.018419,35.675622],[-95.018138,35.676011],[-95.016763,35.676331],[-95.01564,35.677498],[-95.015107,35.677566],[-95.015192,35.676582],[-95.014856,35.675346],[-95.01682,35.675003],[-95.017437,35.674454],[-95.017774,35.67379],[-95.017831,35.673263],[-95.017438,35.672439],[-95.01713,35.672164],[-95.016569,35.671889],[-95.015026,35.671683],[-95.015279,35.67111],[-95.015644,35.67095],[-95.017047,35.670928],[-95.017524,35.670745],[-95.017832,35.670333],[-95.017833,35.670081],[-95.017384,35.669486],[-95.016683,35.669028],[-95.016487,35.668684],[-95.016544,35.666303],[-95.016264,35.665777],[-95.016236,35.664311],[-95.015844,35.663051],[-95.015086,35.662662],[-95.013235,35.662799],[-95.012366,35.662134],[-95.011807,35.658975],[-95.00934,35.656387],[-95.009172,35.655608],[-95.008976,35.655356],[-95.007378,35.654097],[-95.006678,35.653249],[-95.006678,35.652631],[-95.007632,35.652242],[-95.007688,35.651807],[-95.007464,35.651418],[-95.007325,35.650228],[-95.006484,35.649266],[-95.005895,35.648922],[-95.005334,35.648922],[-95.004829,35.649059],[-95.004268,35.649471],[-95.004015,35.649906],[-95.003873,35.652515],[-95.00421,35.652973],[-95.004321,35.654141],[-95.004573,35.654713],[-95.005834,35.656408],[-95.008358,35.657325],[-95.008104,35.658653],[-95.0083,35.659065],[-95.0083,35.659591],[-95.007851,35.660805],[-95.008074,35.662728],[-95.008438,35.663506],[-95.008353,35.663804],[-95.006978,35.664627],[-95.006445,35.665543],[-95.006444,35.666092],[-95.006836,35.667145],[-95.006584,35.667466],[-95.005658,35.667923],[-95.003525,35.669479],[-95.002738,35.67044],[-95.002121,35.670852],[-95.001896,35.670806],[-95.00128,35.670096],[-95.001252,35.669707],[-95.000593,35.669111],[-94.999815,35.669452],[-94.999043,35.66888],[-94.998622,35.668765],[-94.997752,35.668835],[-94.996939,35.669156],[-94.995704,35.66895],[-94.995171,35.668699],[-94.994862,35.668745],[-94.995368,35.669317],[-94.995537,35.670644],[-94.99638,35.671811],[-94.994865,35.671789],[-94.993939,35.671401],[-94.992844,35.671172],[-94.992648,35.670989],[-94.99231,35.669799],[-94.991805,35.669044],[-94.9913,35.668655],[-94.990514,35.668312],[-94.989336,35.668518],[-94.988859,35.669136],[-94.988888,35.669869],[-94.988972,35.67019],[-94.989927,35.671334],[-94.989871,35.672341],[-94.990068,35.672616],[-94.990573,35.672844],[-94.991415,35.672752],[-94.992452,35.672409],[-94.992593,35.6725],[-94.992593,35.672752],[-94.992369,35.673004],[-94.991415,35.67376],[-94.990995,35.674424],[-94.990799,35.675248],[-94.990828,35.676049],[-94.991475,35.678018],[-94.992233,35.678865],[-94.992934,35.679253],[-94.994253,35.679459],[-94.994758,35.679665],[-94.994983,35.679985],[-94.990999,35.679621],[-94.990297,35.679713],[-94.989876,35.679552],[-94.989511,35.67898],[-94.989202,35.677538],[-94.988359,35.676714],[-94.988162,35.675845],[-94.986731,35.675113],[-94.986338,35.675044],[-94.985721,35.675388],[-94.985778,35.675914],[-94.98603,35.676051],[-94.986872,35.675754],[-94.987096,35.675845],[-94.986116,35.678684],[-94.986173,35.679737],[-94.987099,35.680263],[-94.988839,35.680057],[-94.989091,35.680148],[-94.989513,35.681224],[-94.989148,35.681476],[-94.988952,35.681911],[-94.987914,35.682209],[-94.987269,35.682827],[-94.986287,35.683034],[-94.985698,35.6834],[-94.984688,35.683515],[-94.983679,35.685759],[-94.983736,35.68656],[-94.982979,35.686721],[-94.981633,35.68853],[-94.980511,35.689355],[-94.980146,35.690202],[-94.980175,35.690431],[-94.980848,35.69098],[-94.981915,35.691529],[-94.982841,35.691849],[-94.98489,35.691963],[-94.985199,35.69242],[-94.985788,35.692626],[-94.985901,35.693427],[-94.986238,35.693656],[-94.987613,35.693289],[-94.987697,35.693381],[-94.987557,35.693953],[-94.98795,35.694571],[-94.986547,35.694457],[-94.986239,35.694641],[-94.986351,35.695465],[-94.987025,35.696357],[-94.986521,35.698097],[-94.986213,35.698098],[-94.986184,35.696518],[-94.985874,35.695694],[-94.985313,35.695007],[-94.985089,35.693866],[-94.98459,35.693273],[-94.983865,35.69293],[-94.983308,35.692882],[-94.982855,35.693296],[-94.982854,35.69408],[-94.982571,35.694079],[-94.982206,35.693064],[-94.981613,35.692809],[-94.980962,35.693338],[-94.980765,35.693132],[-94.980905,35.692399],[-94.980231,35.69169],[-94.979277,35.691187],[-94.978071,35.691462],[-94.9765,35.69247],[-94.974985,35.693134],[-94.972544,35.693913],[-94.971506,35.694669],[-94.971169,35.69531],[-94.971254,35.696088],[-94.971591,35.696638],[-94.97204,35.696935],[-94.973134,35.697164],[-94.973331,35.697347],[-94.973247,35.69753],[-94.971254,35.697508],[-94.970468,35.696959],[-94.969963,35.695997],[-94.969121,35.695379],[-94.968419,35.69538],[-94.966988,35.69609],[-94.966652,35.696616],[-94.966708,35.697028],[-94.968617,35.699455],[-94.968589,35.699775],[-94.968253,35.699775],[-94.967803,35.699363],[-94.967074,35.699089],[-94.966933,35.6987],[-94.966146,35.697876],[-94.964041,35.697144],[-94.963283,35.697167],[-94.961908,35.697694],[-94.961768,35.697945],[-94.961824,35.698289],[-94.962414,35.699319],[-94.966597,35.702889],[-94.967412,35.704446],[-94.96817,35.705247],[-94.968142,35.706048],[-94.969237,35.707582],[-94.969827,35.708909],[-94.969688,35.710969],[-94.968987,35.712228],[-94.968061,35.713144],[-94.967949,35.713579],[-94.968201,35.713785],[-94.968173,35.713968],[-94.967612,35.714449],[-94.967584,35.714838],[-94.969156,35.714746],[-94.969998,35.714448],[-94.970672,35.713922],[-94.971457,35.713853],[-94.97185,35.713532],[-94.972046,35.712891],[-94.97213,35.711265],[-94.972383,35.711426],[-94.972748,35.712524],[-94.972973,35.712707],[-94.972805,35.713463],[-94.973029,35.713783],[-94.973844,35.714149],[-94.974208,35.714105],[-94.974489,35.713876],[-94.974657,35.713395],[-94.974854,35.713326],[-94.975275,35.714127],[-94.975865,35.71415],[-94.976959,35.713737],[-94.977155,35.713508],[-94.977239,35.712753],[-94.977913,35.712775],[-94.978418,35.712478],[-94.979064,35.712592],[-94.979793,35.712294],[-94.980439,35.712546],[-94.980944,35.712408],[-94.982122,35.711286],[-94.982768,35.710988],[-94.982964,35.711056],[-94.982543,35.711492],[-94.982235,35.712407],[-94.982236,35.712888],[-94.982657,35.713186],[-94.983359,35.713162],[-94.983892,35.713391],[-94.984229,35.714169],[-94.984594,35.714581],[-94.986308,35.715954],[-94.987038,35.716801],[-94.988189,35.717419],[-94.988218,35.717876],[-94.988639,35.718746],[-94.98864,35.719708],[-94.988193,35.720807],[-94.987995,35.71909],[-94.987208,35.717602],[-94.986309,35.717168],[-94.985242,35.716161],[-94.983501,35.71504],[-94.982238,35.714559],[-94.981031,35.714423],[-94.979571,35.714629],[-94.979122,35.715156],[-94.978617,35.715362],[-94.978393,35.715637],[-94.978393,35.716049],[-94.977495,35.716187],[-94.977411,35.716851],[-94.977776,35.717423],[-94.977777,35.718339],[-94.977412,35.718224],[-94.976569,35.717446],[-94.976036,35.71724],[-94.973986,35.716966],[-94.972947,35.716074],[-94.972526,35.715937],[-94.971459,35.71596],[-94.970169,35.716533],[-94.968373,35.718181],[-94.968008,35.718891],[-94.968093,35.720906],[-94.96829,35.721501],[-94.968627,35.721936],[-94.969132,35.722233],[-94.969694,35.723103],[-94.970705,35.723629],[-94.971239,35.72411],[-94.971463,35.724704],[-94.971182,35.724681],[-94.969273,35.723881],[-94.967307,35.723858],[-94.967223,35.723194],[-94.966379,35.720677],[-94.965368,35.719624],[-94.965198,35.71864],[-94.964103,35.717862],[-94.963289,35.717634],[-94.961857,35.717566],[-94.96138,35.717841],[-94.961127,35.71823],[-94.960061,35.718139],[-94.959948,35.71807],[-94.960088,35.716925],[-94.959864,35.716445],[-94.959414,35.715964],[-94.958909,35.715712],[-94.957927,35.715644],[-94.957478,35.715896],[-94.957226,35.716377],[-94.957199,35.718529],[-94.956974,35.719399],[-94.955683,35.718163],[-94.956188,35.717064],[-94.956215,35.71585],[-94.955878,35.715577],[-94.955233,35.715691],[-94.954419,35.715256],[-94.953913,35.715394],[-94.953436,35.715897],[-94.953241,35.71592],[-94.952595,35.715417],[-94.951669,35.71576],[-94.951444,35.716035],[-94.951445,35.71711],[-94.950799,35.717248],[-94.949957,35.718553],[-94.949817,35.719102],[-94.949873,35.720064],[-94.949677,35.720819],[-94.949621,35.723245],[-94.94979,35.723771],[-94.950801,35.725191],[-94.951053,35.725282],[-94.951839,35.724984],[-94.953777,35.725419],[-94.953749,35.725671],[-94.952907,35.72622],[-94.952682,35.726907],[-94.95198,35.727982],[-94.952514,35.729539],[-94.953048,35.729928],[-94.955406,35.730912],[-94.957934,35.732835],[-94.958524,35.733132],[-94.959057,35.73304],[-94.959703,35.732674],[-94.959843,35.732788],[-94.959815,35.733361],[-94.959226,35.734277],[-94.959254,35.735536],[-94.958777,35.736337],[-94.958805,35.736543],[-94.959395,35.736795],[-94.960322,35.736726],[-94.960294,35.736978],[-94.960069,35.737459],[-94.95903,35.73755],[-94.95889,35.737734],[-94.959228,35.739359],[-94.959087,35.739382],[-94.95816,35.7381],[-94.957823,35.738123],[-94.957403,35.739978],[-94.957431,35.740733],[-94.95833,35.741397],[-94.958554,35.741809],[-94.956926,35.741992],[-94.956898,35.742107],[-94.957993,35.742381],[-94.95878,35.743594],[-94.959173,35.743938],[-94.961055,35.744532],[-94.961869,35.744486],[-94.962402,35.744738],[-94.96361,35.744738],[-94.963975,35.744898],[-94.963947,35.745081],[-94.96347,35.745264],[-94.962094,35.74554],[-94.961701,35.745929],[-94.961083,35.745792],[-94.961196,35.74641],[-94.961533,35.746822],[-94.961477,35.747028],[-94.960859,35.746982],[-94.961224,35.747646],[-94.961112,35.747966],[-94.960578,35.747623],[-94.960101,35.746868],[-94.959932,35.746112],[-94.959623,35.745815],[-94.958893,35.745609],[-94.9585,35.745701],[-94.958303,35.745975],[-94.958387,35.746296],[-94.958949,35.746914],[-94.958977,35.747143],[-94.958079,35.747418],[-94.957096,35.746891],[-94.956141,35.746937],[-94.956085,35.746708],[-94.957011,35.74593],[-94.957011,35.745632],[-94.956141,35.745335],[-94.956084,35.744717],[-94.955242,35.744786],[-94.955045,35.744671],[-94.954764,35.74403],[-94.953866,35.744122],[-94.953332,35.743527],[-94.952574,35.743756],[-94.952378,35.744076],[-94.952378,35.744534],[-94.952715,35.744878],[-94.953557,35.74529],[-94.953417,35.745702],[-94.953586,35.746365],[-94.953361,35.746686],[-94.952519,35.746915],[-94.952434,35.747098],[-94.952996,35.747533],[-94.954063,35.747556],[-94.954035,35.747831],[-94.953418,35.74838],[-94.952603,35.748586],[-94.952351,35.748861],[-94.952435,35.749136],[-94.95325,35.749634],[-94.952856,35.749725],[-94.953189,35.751931],[-94.953358,35.75232],[-94.954229,35.752961],[-94.954285,35.754106],[-94.954959,35.755434],[-94.956616,35.756738],[-94.956841,35.757288],[-94.957516,35.757906],[-94.957656,35.758272],[-94.958583,35.758936],[-94.958611,35.759142],[-94.957797,35.759142],[-94.957488,35.759302],[-94.957179,35.759783],[-94.957151,35.760287],[-94.956842,35.760401],[-94.956196,35.758936],[-94.955859,35.759325],[-94.955522,35.759325],[-94.955129,35.759097],[-94.954145,35.757929],[-94.952909,35.757471],[-94.952572,35.756373],[-94.951673,35.755686],[-94.950859,35.754427],[-94.949454,35.754152],[-94.949426,35.753832],[-94.949904,35.753191],[-94.949932,35.752847],[-94.949117,35.751611],[-94.948696,35.751451],[-94.947966,35.751451],[-94.947236,35.75168],[-94.947488,35.751268],[-94.948106,35.750947],[-94.94951,35.750718],[-94.949651,35.75057],[-94.949683,35.749737],[-94.949093,35.748587],[-94.947886,35.748495],[-94.947043,35.748129],[-94.946088,35.748106],[-94.945948,35.747855],[-94.946059,35.74648],[-94.945441,35.745335],[-94.945441,35.743962],[-94.945272,35.743733],[-94.944177,35.743275],[-94.943952,35.742062],[-94.943447,35.741993],[-94.941706,35.742314],[-94.941369,35.742177],[-94.941313,35.741604],[-94.941565,35.740872],[-94.941369,35.740666],[-94.93974,35.740826],[-94.939431,35.740574],[-94.938982,35.739773],[-94.938673,35.739567],[-94.937746,35.739452],[-94.935584,35.7403],[-94.932467,35.742383],[-94.931765,35.743253],[-94.931625,35.743985],[-94.931148,35.744329],[-94.930698,35.744993],[-94.93067,35.745794],[-94.931063,35.746916],[-94.930277,35.747328],[-94.930052,35.747923],[-94.930024,35.748587],[-94.930064,35.750105],[-94.930497,35.753648],[-94.930469,35.755617],[-94.930103,35.757334],[-94.930609,35.757632],[-94.930693,35.758044],[-94.930356,35.758318],[-94.9303,35.758662],[-94.929822,35.759097],[-94.929429,35.759806],[-94.929682,35.760791],[-94.930833,35.761707],[-94.931198,35.762439],[-94.93117,35.762737],[-94.930805,35.762714],[-94.929822,35.762027],[-94.929316,35.76237],[-94.929316,35.762989],[-94.92985,35.763904],[-94.930131,35.764751],[-94.930945,35.765576],[-94.931142,35.765988],[-94.931142,35.768163],[-94.931311,35.768483],[-94.931001,35.768414],[-94.930636,35.767659],[-94.930131,35.767201],[-94.929541,35.766171],[-94.928754,35.765575],[-94.928221,35.764705],[-94.92735,35.764087],[-94.927575,35.762622],[-94.927322,35.762141],[-94.926508,35.761294],[-94.926171,35.761294],[-94.925974,35.761798],[-94.924289,35.763309],[-94.924485,35.763995],[-94.924064,35.764156],[-94.923249,35.763858],[-94.922519,35.764842],[-94.922575,35.765758],[-94.922856,35.766376],[-94.922406,35.767475],[-94.922097,35.767773],[-94.922013,35.76878],[-94.921872,35.768803],[-94.92117,35.767841],[-94.920243,35.767406],[-94.920889,35.766628],[-94.920862,35.765392],[-94.921143,35.764682],[-94.921143,35.763926],[-94.920722,35.763354],[-94.920356,35.763171],[-94.915694,35.76214],[-94.91502,35.76214],[-94.913981,35.76246],[-94.913054,35.761842],[-94.911931,35.761521],[-94.91047,35.761979],[-94.909094,35.762757],[-94.909206,35.762322],[-94.910583,35.761131],[-94.910583,35.760651],[-94.909741,35.759231],[-94.909685,35.758499],[-94.911371,35.754218],[-94.9114,35.753348],[-94.910501,35.752592],[-94.910136,35.752569],[-94.909631,35.752821],[-94.909406,35.753118],[-94.907832,35.756071],[-94.905781,35.759047],[-94.904797,35.760146],[-94.9021,35.761931],[-94.900414,35.7628],[-94.897015,35.763989],[-94.896257,35.764378],[-94.895723,35.764928],[-94.895329,35.76566],[-94.895329,35.766278],[-94.895497,35.766553],[-94.896031,35.766942],[-94.897772,35.767607],[-94.897968,35.767859],[-94.897041,35.767927],[-94.895076,35.767263],[-94.894625,35.767354],[-94.893557,35.768475],[-94.893191,35.769757],[-94.893247,35.770856],[-94.893499,35.771612],[-94.894089,35.772024],[-94.894369,35.772917],[-94.896588,35.775642],[-94.898132,35.77871],[-94.898356,35.779535],[-94.89858,35.781893],[-94.898888,35.782694],[-94.898887,35.785006],[-94.899055,35.786449],[-94.898689,35.78741],[-94.898323,35.789196],[-94.898266,35.792172],[-94.898631,35.792676],[-94.899305,35.793065],[-94.899811,35.79318],[-94.901103,35.793089],[-94.900147,35.794073],[-94.898911,35.794118],[-94.898125,35.793637],[-94.897731,35.79366],[-94.897506,35.793888],[-94.897225,35.794964],[-94.896747,35.795215],[-94.895483,35.793704],[-94.89495,35.793498],[-94.893432,35.793497],[-94.893461,35.792971],[-94.892983,35.792993],[-94.89214,35.793634],[-94.890285,35.794664],[-94.889582,35.795465],[-94.889638,35.795991],[-94.88989,35.796495],[-94.890761,35.797365],[-94.891603,35.798029],[-94.892896,35.798671],[-94.893373,35.79874],[-94.895059,35.798511],[-94.89905,35.79865],[-94.903995,35.799659],[-94.90495,35.799613],[-94.905681,35.799316],[-94.906637,35.798652],[-94.908295,35.797028],[-94.908379,35.797234],[-94.908239,35.7976],[-94.905484,35.800255],[-94.905399,35.800622],[-94.906383,35.801148],[-94.909558,35.802248],[-94.911468,35.803187],[-94.913689,35.804561],[-94.914729,35.805431],[-94.916246,35.807332],[-94.916527,35.808019],[-94.917257,35.80898],[-94.917734,35.810789],[-94.918072,35.811018],[-94.917847,35.811453],[-94.917903,35.811682],[-94.918409,35.8123],[-94.91838,35.813605],[-94.918577,35.814452],[-94.919279,35.815871],[-94.919251,35.817749],[-94.918941,35.819282],[-94.917479,35.822876],[-94.917254,35.823357],[-94.916017,35.824708],[-94.914864,35.825326],[-94.912475,35.824616],[-94.911857,35.824112],[-94.911042,35.823104],[-94.909272,35.821616],[-94.908991,35.821616],[-94.909047,35.821845],[-94.910873,35.823631],[-94.911323,35.824318],[-94.911323,35.824501],[-94.911154,35.824501],[-94.910423,35.823631],[-94.909637,35.823219],[-94.908709,35.822028],[-94.90736,35.821341],[-94.905618,35.820905],[-94.905927,35.820607],[-94.905899,35.820332],[-94.905646,35.820218],[-94.904747,35.820309],[-94.903004,35.821339],[-94.900584,35.824658],[-94.900331,35.825573],[-94.900443,35.826512],[-94.901032,35.827611],[-94.901679,35.828138],[-94.90435,35.828985],[-94.906317,35.830153],[-94.906317,35.830657],[-94.902381,35.830885],[-94.90151,35.830793]],[[-94.902944,35.830267],[-94.904912,35.830153],[-94.904912,35.82997],[-94.903591,35.829123],[-94.900752,35.828458],[-94.900976,35.829626],[-94.901566,35.830107],[-94.902944,35.830267]],[[-94.916188,35.812048],[-94.915879,35.812048],[-94.915907,35.812322],[-94.916132,35.81262],[-94.916441,35.81262],[-94.916413,35.8123],[-94.916188,35.812048]],[[-94.916385,35.810514],[-94.916273,35.810193],[-94.915964,35.810056],[-94.915655,35.810147],[-94.915683,35.810857],[-94.916076,35.811201],[-94.916301,35.811178],[-94.916385,35.810995],[-94.916385,35.810514]],[[-94.916807,35.810399],[-94.917116,35.810445],[-94.917004,35.809987],[-94.916863,35.81001],[-94.916807,35.810399]],[[-94.894333,35.78988],[-94.894249,35.789766],[-94.893743,35.789834],[-94.893546,35.790178],[-94.89394,35.790201],[-94.894333,35.78988]],[[-94.893108,35.767628],[-94.893137,35.766873],[-94.892968,35.766163],[-94.892716,35.76598],[-94.892098,35.766254],[-94.891704,35.766848],[-94.891704,35.767672],[-94.892209,35.768749],[-94.892405,35.768886],[-94.892798,35.768749],[-94.892967,35.768521],[-94.893108,35.767628]],[[-94.948642,35.740414],[-94.948895,35.742314],[-94.949092,35.742589],[-94.950833,35.743962],[-94.951619,35.744099],[-94.951872,35.74387],[-94.951675,35.742932],[-94.951731,35.741787],[-94.951394,35.741261],[-94.950439,35.740574],[-94.94926,35.740139],[-94.948923,35.740116],[-94.948642,35.740414]],[[-94.97035,35.685901],[-94.970799,35.685191],[-94.971135,35.684985],[-94.971416,35.684985],[-94.972258,35.685603],[-94.972483,35.685603],[-94.972539,35.685443],[-94.97237,35.684229],[-94.972061,35.684184],[-94.971388,35.684527],[-94.970714,35.684642],[-94.970293,35.684344],[-94.970405,35.683612],[-94.970882,35.68281],[-94.970882,35.68249],[-94.97032,35.682078],[-94.9699,35.682353],[-94.969619,35.682994],[-94.968329,35.683086],[-94.967627,35.683498],[-94.966253,35.684803],[-94.966001,35.685261],[-94.965973,35.685742],[-94.966422,35.686154],[-94.966899,35.686314],[-94.968583,35.686428],[-94.97035,35.685901]],[[-94.987977,35.650341],[-94.987753,35.650181],[-94.986098,35.650113],[-94.985172,35.649793],[-94.984584,35.649885],[-94.984527,35.65032],[-94.984724,35.650503],[-94.984079,35.650847],[-94.983518,35.65174],[-94.983912,35.653502],[-94.984388,35.653685],[-94.986435,35.652837],[-94.98767,35.651967],[-94.987642,35.651647],[-94.987305,35.651303],[-94.987389,35.65096],[-94.987977,35.650341]],[[-94.985031,35.648305],[-94.985452,35.648053],[-94.985704,35.647595],[-94.985535,35.647229],[-94.985059,35.647298],[-94.98475,35.647733],[-94.984751,35.648168],[-94.985031,35.648305]],[[-95.051621,35.615392],[-95.051929,35.615118],[-95.052042,35.614729],[-95.051929,35.614568],[-95.050191,35.612966],[-95.049491,35.612691],[-95.047136,35.612462],[-95.045398,35.61253],[-95.044893,35.612759],[-95.045061,35.613309],[-95.045342,35.613606],[-95.046042,35.613996],[-95.046715,35.61466],[-95.048846,35.615804],[-95.04935,35.616468],[-95.049939,35.6164],[-95.051621,35.615392]],[[-95.048651,35.604816],[-95.047922,35.604518],[-95.047249,35.603946],[-95.046632,35.603854],[-95.045707,35.604106],[-95.04439,35.604861],[-95.044334,35.605113],[-95.04666,35.605251],[-95.049043,35.605915],[-95.049267,35.605777],[-95.049127,35.605205],[-95.048651,35.604816]]]},"properties":{"name":"Tenkiller Ferry Lake","kind":"corps","designation":"Corps recreation area","manager":"USACE","access":"Open","acres":13523}},{"type":"Feature","geometry":{"type":"Polygon","coordinates":[[[-95.250252,35.795246],[-95.250955,35.794902],[-95.251613,35.795979],[-95.25094,35.796293],[-95.250252,35.795246]]]},"properties":{"name":"Ft Gibson Splash Pad & Skate Park","kind":"citypark","designation":"City park","manager":"CITY","access":"Open","acres":2}},{"type":"Feature","geometry":{"type":"Polygon","coordinates":[[[-94.732339,35.768816],[-94.732359,35.763424],[-94.73918,35.763442],[-94.739149,35.768841],[-94.732339,35.768816]]]},"properties":{"name":"Ozark Plateau National Wildlife Refuge","kind":"reserve","designation":"Conservation easement","manager":"FWS","access":"Closed","acres":91}},{"type":"Feature","geometry":{"type":"Polygon","coordinates":[[[-94.732179,35.776077],[-94.731184,35.776083],[-94.731206,35.770604],[-94.732327,35.770607],[-94.732333,35.768809],[-94.74579,35.768868],[-94.745764,35.77247],[-94.741283,35.772458],[-94.741261,35.777906],[-94.732174,35.777891],[-94.732179,35.776077]]]},"properties":{"name":"Ozark Plateau National Wildlife Refuge","kind":"refuge","designation":"National wildlife refuge","manager":"FWS","access":"Restricted","acres":258}},{"type":"Feature","geometry":{"type":"Polygon","coordinates":[[[-95.273207,35.889097],[-95.273207,35.88899],[-95.270897,35.889196],[-95.270118,35.888533],[-95.270087,35.884642],[-95.270677,35.883839],[-95.271279,35.88345],[-95.279514,35.883014],[-95.27944,35.887496],[-95.278537,35.89079],[-95.276834,35.890848],[-95.276858,35.891789],[-95.275768,35.89181],[-95.275907,35.893199],[-95.27413,35.893177],[-95.272927,35.89199],[-95.272557,35.891074],[-95.271967,35.890319],[-95.272337,35.889815],[-95.273207,35.88938],[-95.273207,35.889097]]]},"properties":{"name":"Sequoyah Bay State Park","kind":"statepark","designation":"State park","manager":"SPR","access":"Open","acres":178}},{"type":"Feature","geometry":{"type":"MultiPolygon","coordinates":[[[[-94.943596,35.355534],[-94.943309,35.3553],[-94.942666,35.3553],[-94.942247,35.355117],[-94.942247,35.354842],[-94.942582,35.354705],[-94.943448,35.354773],[-94.944231,35.355231],[-94.945433,35.35562],[-94.945768,35.356788],[-94.946188,35.357246],[-94.946188,35.358001],[-94.945852,35.358574],[-94.94507,35.358459],[-94.944707,35.358139],[-94.944567,35.357406],[-94.944203,35.356971],[-94.943616,35.356674],[-94.943505,35.356422],[-94.9437,35.356262],[-94.944483,35.356147],[-94.944511,35.355987],[-94.943596,35.355534]]],[[[-94.943784,35.359261],[-94.944371,35.359192],[-94.944763,35.35965],[-94.944707,35.360131],[-94.944344,35.36068],[-94.944008,35.360703],[-94.943449,35.360222],[-94.943784,35.359261]]],[[[-94.939732,35.359467],[-94.940347,35.359353],[-94.94085,35.359604],[-94.941213,35.359971],[-94.941214,35.360772],[-94.940738,35.360772],[-94.9399,35.360108],[-94.939732,35.359902],[-94.939732,35.359467]]],[[[-94.922321,35.357361],[-94.921734,35.357177],[-94.921762,35.356971],[-94.922237,35.356605],[-94.924724,35.356262],[-94.925423,35.356651],[-94.926736,35.356743],[-94.927967,35.357247],[-94.927882,35.35743],[-94.927546,35.357521],[-94.925674,35.357498],[-94.925367,35.357292],[-94.924836,35.357315],[-94.924919,35.358071],[-94.924305,35.358093],[-94.924277,35.358345],[-94.924444,35.358437],[-94.924193,35.359078],[-94.922991,35.35981],[-94.9226,35.360268],[-94.922041,35.360474],[-94.921314,35.361275],[-94.920839,35.361275],[-94.919721,35.36052],[-94.919749,35.359948],[-94.921063,35.358688],[-94.921622,35.358482],[-94.921258,35.358139],[-94.92137,35.357956],[-94.922209,35.357658],[-94.922321,35.357361]]],[[[-94.919134,35.362923],[-94.919693,35.362854],[-94.919972,35.363312],[-94.919385,35.363953],[-94.918966,35.363999],[-94.918938,35.363243],[-94.919134,35.362923]]],[[[-94.922488,35.36187],[-94.923075,35.361435],[-94.924444,35.360954],[-94.924416,35.360772],[-94.92369,35.360681],[-94.923969,35.359994],[-94.924584,35.359513],[-94.92573,35.359444],[-94.925674,35.359238],[-94.925227,35.359009],[-94.925283,35.358803],[-94.926205,35.358254],[-94.926568,35.358277],[-94.926904,35.358574],[-94.927295,35.358574],[-94.927966,35.358231],[-94.928805,35.358781],[-94.929867,35.359101],[-94.930007,35.359284],[-94.929951,35.359834],[-94.93023,35.360337],[-94.93023,35.361024],[-94.930677,35.361435],[-94.930426,35.362076],[-94.929559,35.362122],[-94.929224,35.362374],[-94.928189,35.362649],[-94.927183,35.363267],[-94.925785,35.363061],[-94.925897,35.362465],[-94.92545,35.362099],[-94.925506,35.361481],[-94.925003,35.361595],[-94.923047,35.362809],[-94.921314,35.364457],[-94.921034,35.364503],[-94.92095,35.364159],[-94.921705,35.362854],[-94.922488,35.36187]]],[[[-94.942807,35.362923],[-94.942527,35.362625],[-94.942192,35.361801],[-94.942276,35.361389],[-94.942695,35.361572],[-94.943198,35.362694],[-94.944064,35.362808],[-94.944679,35.364365],[-94.944763,35.365281],[-94.945826,35.366655],[-94.94577,35.366769],[-94.945546,35.366769],[-94.944484,35.365853],[-94.943673,35.364709],[-94.94345,35.363587],[-94.942807,35.362923]]],[[[-94.929195,35.369357],[-94.930061,35.369288],[-94.931795,35.3697],[-94.933249,35.370273],[-94.933081,35.37057],[-94.932774,35.37057],[-94.930564,35.369929],[-94.929083,35.369838],[-94.928915,35.369746],[-94.928943,35.369517],[-94.929195,35.369357]]],[[[-94.950914,35.371508],[-94.949208,35.370134],[-94.947783,35.3686],[-94.946832,35.367868],[-94.94672,35.366769],[-94.945294,35.363312],[-94.945238,35.362671],[-94.945546,35.362648],[-94.945993,35.363335],[-94.94658,35.36361],[-94.946803,35.363907],[-94.94753,35.364022],[-94.948117,35.36567],[-94.949263,35.366242],[-94.949319,35.366448],[-94.948928,35.366723],[-94.948872,35.366998],[-94.949599,35.366929],[-94.949906,35.367112],[-94.950242,35.367936],[-94.950242,35.369058],[-94.951304,35.369195],[-94.951557,35.370569],[-94.952088,35.370477],[-94.952312,35.371187],[-94.952927,35.371141],[-94.953095,35.371393],[-94.952648,35.372515],[-94.95234,35.372881],[-94.951892,35.372698],[-94.951725,35.372332],[-94.950914,35.371508]]],[[[-94.952676,35.37398],[-94.953319,35.373385],[-94.953654,35.373476],[-94.95371,35.374117],[-94.954156,35.374649],[-94.954433,35.37544],[-94.956334,35.376241],[-94.956753,35.376722],[-94.957145,35.377729],[-94.956809,35.377775],[-94.954713,35.377203],[-94.954405,35.376837],[-94.954098,35.375944],[-94.953566,35.375486],[-94.953399,35.375134],[-94.953007,35.374974],[-94.952676,35.37398]]],[[[-94.935312,35.378944],[-94.935033,35.378692],[-94.934362,35.378486],[-94.932656,35.378669],[-94.931622,35.37812],[-94.929665,35.377616],[-94.929302,35.377364],[-94.929302,35.377112],[-94.929441,35.376929],[-94.929889,35.376906],[-94.930476,35.377227],[-94.931789,35.37725],[-94.932657,35.377593],[-94.934278,35.377685],[-94.937213,35.378738],[-94.937185,35.378441],[-94.93534,35.377342],[-94.933691,35.376975],[-94.932853,35.376472],[-94.932881,35.376243],[-94.933356,35.376174],[-94.93467,35.376472],[-94.934809,35.376151],[-94.934558,35.37567],[-94.936403,35.375716],[-94.936487,35.375304],[-94.935676,35.375258],[-94.934295,35.374649],[-94.934087,35.37434],[-94.932997,35.374214],[-94.930704,35.373455],[-94.928803,35.373318],[-94.926791,35.372333],[-94.926791,35.372104],[-94.928356,35.371898],[-94.92872,35.372036],[-94.929279,35.372608],[-94.931963,35.372539],[-94.933864,35.372837],[-94.934758,35.372814],[-94.93624,35.373249],[-94.937665,35.373432],[-94.937973,35.373318],[-94.937972,35.372837],[-94.937385,35.372265],[-94.937469,35.37144],[-94.936994,35.371143],[-94.934562,35.370776],[-94.934367,35.370433],[-94.934367,35.369769],[-94.933975,35.369426],[-94.932997,35.368853],[-94.931376,35.368487],[-94.930957,35.368258],[-94.930957,35.368075],[-94.931264,35.367869],[-94.931628,35.367869],[-94.934339,35.368372],[-94.934227,35.368144],[-94.933388,35.367617],[-94.930593,35.366335],[-94.930733,35.366014],[-94.931236,35.366037],[-94.932634,35.366633],[-94.933305,35.366724],[-94.933277,35.366518],[-94.932382,35.365717],[-94.930258,35.364778],[-94.929111,35.364755],[-94.929083,35.364618],[-94.929335,35.364457],[-94.930398,35.36416],[-94.930733,35.363885],[-94.930649,35.363702],[-94.93037,35.363633],[-94.928357,35.364137],[-94.926903,35.364755],[-94.926456,35.364732],[-94.926456,35.364503],[-94.926847,35.364137],[-94.928105,35.363496],[-94.931935,35.362328],[-94.93255,35.362603],[-94.936826,35.366014],[-94.938699,35.367182],[-94.940488,35.367846],[-94.941158,35.368258],[-94.942612,35.369631],[-94.942864,35.370295],[-94.94306,35.371852],[-94.94415,35.372699],[-94.944206,35.373706],[-94.944721,35.374649],[-94.944173,35.376105],[-94.943698,35.376517],[-94.942357,35.376861],[-94.940512,35.378257],[-94.938303,35.378898],[-94.935788,35.38002],[-94.935061,35.380066],[-94.935312,35.378944]]],[[[-94.931594,35.379814],[-94.931146,35.379837],[-94.931006,35.380684],[-94.930531,35.381027],[-94.929693,35.381027],[-94.929106,35.380661],[-94.927484,35.380478],[-94.92659,35.38002],[-94.925555,35.380157],[-94.925108,35.380065],[-94.924493,35.379745],[-94.924745,35.378966],[-94.924549,35.378623],[-94.924549,35.378096],[-94.924941,35.377936],[-94.926422,35.378692],[-94.927708,35.379127],[-94.928043,35.379814],[-94.928547,35.379768],[-94.928966,35.379471],[-94.92905,35.379036],[-94.929329,35.378829],[-94.93,35.37883],[-94.931426,35.37915],[-94.932376,35.379059],[-94.932684,35.379288],[-94.9333,35.379219],[-94.933551,35.379333],[-94.933551,35.379837],[-94.934166,35.380501],[-94.934166,35.380936],[-94.933887,35.381302],[-94.933103,35.381348],[-94.931957,35.380867],[-94.931873,35.380135],[-94.931594,35.379814]]],[[[-94.93274,35.382424],[-94.933355,35.382607],[-94.933187,35.382836],[-94.932823,35.382813],[-94.932572,35.382653],[-94.93274,35.382424]]],[[[-94.929469,35.384233],[-94.928826,35.384027],[-94.9274,35.384026],[-94.9274,35.38382],[-94.928351,35.383477],[-94.93,35.383363],[-94.931426,35.383729],[-94.931957,35.384095],[-94.931957,35.384553],[-94.931621,35.385194],[-94.931006,35.385378],[-94.930168,35.384599],[-94.929469,35.384233]]],[[[-94.928155,35.38453],[-94.928686,35.384439],[-94.929832,35.385469],[-94.929972,35.386064],[-94.929692,35.38627],[-94.929217,35.386316],[-94.92863,35.38595],[-94.928462,35.385469],[-94.928043,35.384965],[-94.928155,35.38453]]],[[[-94.917582,35.406003],[-94.917191,35.405179],[-94.917247,35.404721],[-94.917499,35.404424],[-94.918086,35.404263],[-94.91968,35.405157],[-94.921917,35.406004],[-94.925524,35.405981],[-94.927901,35.405455],[-94.928516,35.405776],[-94.928516,35.406027],[-94.927733,35.407058],[-94.927509,35.40834],[-94.927565,35.409691],[-94.927033,35.410629],[-94.927117,35.411568],[-94.926893,35.412209],[-94.926921,35.412644],[-94.927005,35.413606],[-94.927285,35.414086],[-94.927341,35.414544],[-94.926781,35.415231],[-94.926809,35.415918],[-94.925607,35.416147],[-94.92448,35.415049],[-94.923761,35.414223],[-94.922531,35.410926],[-94.921441,35.409804],[-94.920043,35.408911],[-94.918197,35.40811],[-94.917834,35.407583],[-94.917582,35.406003]]],[[[-95.079751,35.529238],[-95.083227,35.524659],[-95.083613,35.524662],[-95.083647,35.522071],[-95.084136,35.522059],[-95.084158,35.520214],[-95.083316,35.520207],[-95.083339,35.5185],[-95.083934,35.518505],[-95.083967,35.515732],[-95.085592,35.515904],[-95.085719,35.515267],[-95.085301,35.514136],[-95.083582,35.511435],[-95.083588,35.510925],[-95.084067,35.510674],[-95.084265,35.510114],[-95.084793,35.509638],[-95.085599,35.509771],[-95.085899,35.509604],[-95.085956,35.50921],[-95.086853,35.508439],[-95.089876,35.502685],[-95.090886,35.502144],[-95.092037,35.501218],[-95.093584,35.500398],[-95.095337,35.499095],[-95.097834,35.498158],[-95.097747,35.498032],[-95.097929,35.497801],[-95.099009,35.497444],[-95.099524,35.497093],[-95.099665,35.496773],[-95.099665,35.49561],[-95.099106,35.493877],[-95.099622,35.493222],[-95.100827,35.494457],[-95.101163,35.494618],[-95.103318,35.494777],[-95.103794,35.494983],[-95.104466,35.495807],[-95.104019,35.496379],[-95.103621,35.49655],[-95.104459,35.497227],[-95.105503,35.497111],[-95.106091,35.497271],[-95.108359,35.498598],[-95.109171,35.499227],[-95.10934,35.499647],[-95.112975,35.501212],[-95.113787,35.501829],[-95.114627,35.502813],[-95.115693,35.505102],[-95.116561,35.505811],[-95.117483,35.506293],[-95.117431,35.51138],[-95.110521,35.511328],[-95.107212,35.507781],[-95.102519,35.503785],[-95.102533,35.502997],[-95.097237,35.502957],[-95.095439,35.503803],[-95.093173,35.505561],[-95.09315,35.507462],[-95.091483,35.508332],[-95.090944,35.510108],[-95.090925,35.51065],[-95.088602,35.510632],[-95.08831,35.512123],[-95.090022,35.515181],[-95.091196,35.516205],[-95.091692,35.516455],[-95.093222,35.516156],[-95.094303,35.516318],[-95.096268,35.517985],[-95.096696,35.519562],[-95.096658,35.521787],[-95.096108,35.522547],[-95.095998,35.522966],[-95.095687,35.522863],[-95.094154,35.523636],[-95.094144,35.525535],[-95.09729,35.525526],[-95.097148,35.52909],[-95.095539,35.529126],[-95.094715,35.530259],[-95.092863,35.530245],[-95.092117,35.53105],[-95.087445,35.531048],[-95.085297,35.532975],[-95.084802,35.53385],[-95.084688,35.541333],[-95.088576,35.543944],[-95.088554,35.545719],[-95.086549,35.545716],[-95.086517,35.547366],[-95.088464,35.547381],[-95.088434,35.551399],[-95.084396,35.549549],[-95.081453,35.547474],[-95.081488,35.536536],[-95.079628,35.53652],[-95.079751,35.529238]]],[[[-95.186077,35.597614],[-95.179569,35.597484],[-95.177891,35.59717],[-95.174136,35.594717],[-95.173689,35.594223],[-95.173225,35.593139],[-95.172887,35.591669],[-95.17265,35.589949],[-95.172552,35.586818],[-95.173118,35.58315],[-95.174586,35.580879],[-95.178471,35.580894],[-95.177938,35.581398],[-95.177925,35.582585],[-95.177392,35.583005],[-95.177276,35.584021],[-95.177895,35.585382],[-95.178078,35.588011],[-95.178699,35.589117],[-95.179208,35.590985],[-95.180247,35.592518],[-95.180771,35.592945],[-95.180745,35.595318],[-95.188774,35.595374],[-95.188677,35.594525],[-95.191213,35.594458],[-95.192895,35.595232],[-95.192875,35.597182],[-95.189482,35.597498],[-95.189046,35.597736],[-95.186077,35.597614]]],[[[-95.181219,35.610239],[-95.180071,35.60896],[-95.177571,35.605637],[-95.179682,35.605821],[-95.181375,35.605578],[-95.18305,35.607031],[-95.184721,35.608822],[-95.18478,35.609448],[-95.185122,35.609797],[-95.185149,35.612701],[-95.184165,35.612908],[-95.183905,35.612083],[-95.183885,35.610573],[-95.183455,35.61016],[-95.182955,35.61016],[-95.182735,35.611466],[-95.182887,35.613341],[-95.181957,35.61332],[-95.181865,35.612886],[-95.181406,35.612529],[-95.181569,35.611334],[-95.181219,35.610239]]],[[[-95.287227,35.607365],[-95.286997,35.604026],[-95.291655,35.600406],[-95.305076,35.600263],[-95.305203,35.600841],[-95.312088,35.603952],[-95.314835,35.603968],[-95.31485,35.602273],[-95.317702,35.602289],[-95.317794,35.6039],[-95.322548,35.603927],[-95.322855,35.606049],[-95.32025,35.607228],[-95.315154,35.607245],[-95.31514,35.607696],[-95.308928,35.607654],[-95.305942,35.605865],[-95.302245,35.605759],[-95.301836,35.604315],[-95.297927,35.604292],[-95.298023,35.60531],[-95.296755,35.605387],[-95.296741,35.606828],[-95.294936,35.607834],[-95.294901,35.611648],[-95.298577,35.614043],[-95.298548,35.617179],[-95.294427,35.617155],[-95.294447,35.615036],[-95.293784,35.613608],[-95.291079,35.613575],[-95.291117,35.609422],[-95.287227,35.607365]]],[[[-95.26035,35.606324],[-95.258813,35.604476],[-95.257469,35.602507],[-95.25632,35.601316],[-95.25364,35.599165],[-95.252373,35.598367],[-95.252005,35.597936],[-95.251374,35.597635],[-95.248645,35.595514],[-95.245327,35.593301],[-95.245214,35.592797],[-95.245607,35.592728],[-95.246503,35.592888],[-95.247513,35.593368],[-95.248438,35.594123],[-95.250559,35.594973],[-95.253324,35.596897],[-95.255622,35.597493],[-95.256266,35.597997],[-95.257191,35.599096],[-95.25946,35.600425],[-95.260777,35.600769],[-95.26128,35.602783],[-95.261693,35.603155],[-95.265063,35.605188],[-95.265147,35.605604],[-95.266958,35.605546],[-95.267688,35.606483],[-95.272144,35.615664],[-95.270136,35.615651],[-95.275231,35.624413],[-95.271955,35.624393],[-95.271669,35.623571],[-95.270343,35.621274],[-95.265507,35.614299],[-95.264163,35.611437],[-95.262314,35.608689],[-95.26035,35.606324]]],[[[-95.23756,35.696712],[-95.243588,35.680574],[-95.240605,35.68053],[-95.24052,35.675105],[-95.241232,35.675073],[-95.243069,35.668183],[-95.240431,35.668143],[-95.238331,35.669475],[-95.238281,35.671476],[-95.236101,35.671479],[-95.236096,35.669626],[-95.233941,35.669607],[-95.233953,35.666883],[-95.235979,35.66686],[-95.236016,35.666],[-95.245088,35.665976],[-95.245094,35.665394],[-95.244881,35.664984],[-95.244513,35.664721],[-95.242819,35.664203],[-95.24163,35.662511],[-95.240977,35.66053],[-95.239937,35.658747],[-95.239925,35.656902],[-95.236881,35.65687],[-95.236887,35.65339],[-95.240944,35.653532],[-95.244906,35.648677],[-95.248117,35.646374],[-95.251617,35.644188],[-95.251628,35.643027],[-95.256272,35.642359],[-95.259036,35.64133],[-95.269576,35.645346],[-95.269554,35.64767],[-95.277959,35.647721],[-95.26483,35.671576],[-95.273528,35.67163],[-95.276981,35.67444],[-95.27959,35.674572],[-95.280273,35.678991],[-95.278096,35.67921],[-95.273627,35.676511],[-95.271307,35.676496],[-95.271324,35.674754],[-95.266815,35.676236],[-95.266942,35.678096],[-95.254203,35.690914],[-95.254154,35.69591],[-95.247918,35.69587],[-95.247068,35.69389],[-95.240338,35.699773],[-95.240328,35.700818],[-95.236941,35.705909],[-95.237075,35.706955],[-95.23374,35.706934],[-95.23756,35.696712]]],[[[-95.278684,35.749547],[-95.27862,35.747971],[-95.27654,35.747954],[-95.276654,35.74403],[-95.274493,35.74402],[-95.272724,35.745101],[-95.272126,35.745732],[-95.26941,35.74602],[-95.269521,35.74147],[-95.26993,35.740013],[-95.271738,35.738852],[-95.272472,35.738643],[-95.275002,35.738605],[-95.278983,35.739855],[-95.280047,35.739968],[-95.280973,35.74056],[-95.281704,35.740671],[-95.284955,35.741757],[-95.287465,35.74369],[-95.287278,35.748129],[-95.28263,35.748091],[-95.282614,35.749517],[-95.278684,35.749547]]],[[[-95.427077,35.910208],[-95.427145,35.901258],[-95.414963,35.901199],[-95.414929,35.905603],[-95.411462,35.905586],[-95.406961,35.90123],[-95.403315,35.901212],[-95.403614,35.885799],[-95.398206,35.883925],[-95.3929,35.880417],[-95.391493,35.878563],[-95.390617,35.876995],[-95.389133,35.873578],[-95.39964,35.871216],[-95.403259,35.871213],[-95.403282,35.878234],[-95.411922,35.880583],[-95.412079,35.883284],[-95.41519,35.883299],[-95.415173,35.885501],[-95.419174,35.885521],[-95.420601,35.884817],[-95.426118,35.884205],[-95.430029,35.884152],[-95.431272,35.884371],[-95.434284,35.885806],[-95.440061,35.886047],[-95.440089,35.882211],[-95.441708,35.879661],[-95.444819,35.879676],[-95.444787,35.884009],[-95.443979,35.885213],[-95.443526,35.886276],[-95.442808,35.887267],[-95.441734,35.888257],[-95.44168,35.895573],[-95.442833,35.895934],[-95.443807,35.896507],[-95.445314,35.897082],[-95.446465,35.897798],[-95.448504,35.898589],[-95.455499,35.90267],[-95.450075,35.902645],[-95.450087,35.901082],[-95.445031,35.899283],[-95.438877,35.899056],[-95.438802,35.904865],[-95.436721,35.904856],[-95.436681,35.910254],[-95.427077,35.910208]]],[[[-95.462835,35.928329],[-95.462487,35.928288],[-95.460886,35.929394],[-95.459542,35.929388],[-95.458348,35.929184],[-95.45656,35.928579],[-95.45547,35.927858],[-95.454184,35.92662],[-95.453053,35.924627],[-95.452809,35.923361],[-95.453476,35.921429],[-95.454316,35.920545],[-95.455831,35.920068],[-95.457506,35.920221],[-95.459834,35.921291],[-95.460455,35.921347],[-95.461098,35.921134],[-95.461619,35.92086],[-95.462479,35.920047],[-95.464759,35.918659],[-95.466072,35.917477],[-95.466263,35.916673],[-95.466874,35.915704],[-95.468921,35.91554],[-95.468295,35.917036],[-95.467233,35.918113],[-95.467581,35.919243],[-95.469805,35.918747],[-95.47169,35.918784],[-95.47254,35.919393],[-95.472982,35.920948],[-95.472601,35.922069],[-95.471787,35.923335],[-95.470533,35.925058],[-95.469897,35.925573],[-95.468696,35.927436],[-95.46837,35.928477],[-95.468401,35.929342],[-95.468502,35.929689],[-95.469335,35.930766],[-95.464391,35.930744],[-95.463394,35.929733],[-95.463182,35.92853],[-95.462835,35.928329]]]]},"properties":{"name":"McClellan Kerr Wildlife Management Area","kind":"wma","designation":"Wildlife management area","manager":"SFW","access":"Restricted","acres":10081}},{"type":"Feature","geometry":{"type":"Polygon","coordinates":[[[-94.971808,35.903284],[-94.971703,35.902647],[-94.971285,35.902732],[-94.971304,35.900905],[-94.972055,35.900981],[-94.972455,35.904008],[-94.972303,35.904027],[-94.971808,35.903284]]]},"properties":{"name":"Felts Park","kind":"citypark","designation":"City park","manager":"CITY","access":"Open","acres":5}},{"type":"Feature","geometry":{"type":"Polygon","coordinates":[[[-95.12732,35.783786],[-95.127369,35.765645],[-95.127375,35.765284],[-95.127593,35.764983],[-95.127201,35.764821],[-95.127131,35.764031],[-95.127241,35.714006],[-95.126705,35.713534],[-95.127256,35.713238],[-95.127336,35.693499],[-95.127275,35.676035],[-95.126832,35.675378],[-95.126786,35.673988],[-95.127113,35.673658],[-95.127608,35.673555],[-95.127667,35.673389],[-95.127376,35.67312],[-95.127296,35.652667],[-95.127062,35.650622],[-95.127136,35.649251],[-95.126978,35.647471],[-95.127011,35.638799],[-95.127202,35.638795],[-95.127188,35.628125],[-95.133885,35.628126],[-95.133857,35.625129],[-95.133978,35.624282],[-95.136211,35.624264],[-95.136163,35.620585],[-95.140698,35.620581],[-95.140574,35.61323],[-95.145061,35.613287],[-95.145012,35.602491],[-95.162776,35.602505],[-95.162651,35.595273],[-95.169748,35.595326],[-95.170902,35.598426],[-95.171659,35.59972],[-95.171585,35.609736],[-95.173906,35.60975],[-95.173934,35.611564],[-95.171606,35.611534],[-95.171647,35.613327],[-95.184975,35.613386],[-95.184985,35.609789],[-95.189364,35.609768],[-95.189353,35.611594],[-95.191647,35.611624],[-95.191594,35.613407],[-95.189347,35.613399],[-95.189411,35.617028],[-95.193918,35.617045],[-95.193807,35.620619],[-95.191573,35.620617],[-95.191611,35.624346],[-95.198279,35.624354],[-95.198245,35.653277],[-95.187738,35.65327],[-95.187223,35.653398],[-95.193904,35.659442],[-95.193934,35.667912],[-95.202915,35.667839],[-95.205453,35.670152],[-95.206044,35.670162],[-95.213195,35.676437],[-95.216261,35.679357],[-95.215832,35.680565],[-95.216228,35.681555],[-95.216268,35.682334],[-95.216194,35.711275],[-95.221195,35.711213],[-95.21936,35.717325],[-95.217468,35.721522],[-95.215634,35.729601],[-95.215091,35.741325],[-95.21595,35.743417],[-95.218442,35.746987],[-95.21839,35.754846],[-95.211708,35.754811],[-95.2117,35.751165],[-95.198297,35.751204],[-95.198291,35.769348],[-95.200528,35.769365],[-95.200617,35.772073],[-95.198372,35.77207],[-95.198392,35.772983],[-95.184939,35.773025],[-95.184927,35.778533],[-95.187177,35.778503],[-95.187181,35.780182],[-95.17829,35.780206],[-95.178208,35.783807],[-95.12732,35.783786]]]},"properties":{"name":"National Guard Camp Gruber","kind":"military","designation":"Military land","manager":"DOD","access":"Closed","acres":33482}},{"type":"Feature","geometry":{"type":"Polygon","coordinates":[[[-95.07553,35.569087],[-95.080554,35.569068],[-95.08066,35.577157],[-95.069569,35.577104],[-95.069608,35.580732],[-95.062355,35.580752],[-95.062367,35.577315],[-95.065005,35.577236],[-95.06505,35.573541],[-95.067394,35.573526],[-95.067467,35.571658],[-95.069677,35.571663],[-95.069657,35.569882],[-95.075518,35.569726],[-95.07553,35.569087]]]},"properties":{"name":"Lower Illinois River Public Fishing and Hunting Area","kind":"wma","designation":"Wildlife management area","manager":"SFW","access":"Open","acres":324}},{"type":"Feature","geometry":{"type":"MultiPolygon","coordinates":[[[[-95.038526,35.65077],[-95.038516,35.649597],[-95.036356,35.649576],[-95.0354,35.648597],[-95.03467,35.647461],[-95.034629,35.647235],[-95.034781,35.647124],[-95.034527,35.646917],[-95.034562,35.646663],[-95.033964,35.646367],[-95.034396,35.645893],[-95.034625,35.645069],[-95.032684,35.645814],[-95.031261,35.645049],[-95.030399,35.644894],[-95.028666,35.644169],[-95.027664,35.643505],[-95.026967,35.642698],[-95.026146,35.642052],[-95.024812,35.641162],[-95.024494,35.639855],[-95.024251,35.63958],[-95.024234,35.639409],[-95.02447,35.639222],[-95.025618,35.638964],[-95.025801,35.638165],[-95.02721,35.637335],[-95.029112,35.637452],[-95.028558,35.636497],[-95.029116,35.635852],[-95.028753,35.635122],[-95.0288,35.634715],[-95.031652,35.632942],[-95.032017,35.631877],[-95.033297,35.630172],[-95.033228,35.629488],[-95.033499,35.628555],[-95.036494,35.628494],[-95.038681,35.63057],[-95.041602,35.632496],[-95.041491,35.634248],[-95.041654,35.635227],[-95.047036,35.633017],[-95.050657,35.632384],[-95.050776,35.631877],[-95.051674,35.630355],[-95.052293,35.630134],[-95.052581,35.628741],[-95.05373,35.627652],[-95.055807,35.627386],[-95.056275,35.62817],[-95.055899,35.629254],[-95.056864,35.629466],[-95.057628,35.629911],[-95.057807,35.630227],[-95.057874,35.631148],[-95.056911,35.63344],[-95.055143,35.635663],[-95.054341,35.63615],[-95.053781,35.637203],[-95.052751,35.639979],[-95.054773,35.638556],[-95.054632,35.638198],[-95.054683,35.637586],[-95.055507,35.63611],[-95.057187,35.63448],[-95.058545,35.633881],[-95.058858,35.633235],[-95.060068,35.631736],[-95.060326,35.631099],[-95.061191,35.630396],[-95.062721,35.630071],[-95.068849,35.630558],[-95.070255,35.630297],[-95.070908,35.629949],[-95.071553,35.629899],[-95.071764,35.63001],[-95.071756,35.630173],[-95.072372,35.630261],[-95.072438,35.630618],[-95.07278,35.630461],[-95.07277,35.63023],[-95.073341,35.630256],[-95.074358,35.631214],[-95.074679,35.631076],[-95.074252,35.629936],[-95.074801,35.629509],[-95.074591,35.629357],[-95.072861,35.629561],[-95.072373,35.629472],[-95.071788,35.629104],[-95.069775,35.629837],[-95.066861,35.630284],[-95.0662,35.630081],[-95.064825,35.629189],[-95.064196,35.629013],[-95.063097,35.628237],[-95.080882,35.628225],[-95.080912,35.629729],[-95.077964,35.629839],[-95.07606,35.630541],[-95.076372,35.631364],[-95.077661,35.632811],[-95.080483,35.632849],[-95.080388,35.633378],[-95.079513,35.633433],[-95.079287,35.634253],[-95.074106,35.634095],[-95.074,35.63601],[-95.065119,35.636147],[-95.065093,35.638674],[-95.056099,35.638663],[-95.056084,35.639091],[-95.055469,35.640145],[-95.054365,35.64132],[-95.053798,35.641848],[-95.05254,35.642495],[-95.050381,35.644556],[-95.048023,35.646265],[-95.046663,35.647475],[-95.046238,35.648042],[-95.045756,35.648944],[-95.045829,35.65245],[-95.045383,35.653512],[-95.043736,35.655034],[-95.042854,35.655646],[-95.040248,35.656932],[-95.038588,35.658257],[-95.038526,35.65077]]],[[[-95.024306,35.661939],[-95.021658,35.661828],[-95.021617,35.667697],[-95.031552,35.66777],[-95.031375,35.67477],[-95.029668,35.674776],[-95.029615,35.678003],[-95.031226,35.678085],[-95.031276,35.680181],[-95.036115,35.680277],[-95.036179,35.683691],[-95.033902,35.683716],[-95.033775,35.685658],[-95.025448,35.685559],[-95.025378,35.687613],[-95.021753,35.687654],[-95.021718,35.688592],[-95.020635,35.688601],[-95.020625,35.689397],[-95.018216,35.689395],[-95.018125,35.691092],[-95.016006,35.691095],[-95.016012,35.692061],[-95.013431,35.692069],[-95.013346,35.691084],[-95.014814,35.691014],[-95.014918,35.688725],[-95.016302,35.688706],[-95.0164,35.686061],[-95.019987,35.686943],[-95.020299,35.685534],[-95.021288,35.68425],[-95.021007,35.683752],[-95.021057,35.683327],[-95.021658,35.683013],[-95.021927,35.682661],[-95.02196,35.68192],[-95.022576,35.681475],[-95.022787,35.681551],[-95.022822,35.681814],[-95.022981,35.681689],[-95.023099,35.681813],[-95.023715,35.681258],[-95.024019,35.681228],[-95.023876,35.6811],[-95.02391,35.680736],[-95.024307,35.680193],[-95.023984,35.677897],[-95.0241,35.677314],[-95.024753,35.677404],[-95.025855,35.678513],[-95.027421,35.679703],[-95.028689,35.680033],[-95.029158,35.679577],[-95.027887,35.678283],[-95.02594,35.677281],[-95.025666,35.676046],[-95.024455,35.675102],[-95.023858,35.674467],[-95.023375,35.673623],[-95.023547,35.67221],[-95.022938,35.670728],[-95.02379,35.670488],[-95.024489,35.67115],[-95.024932,35.671058],[-95.026234,35.671443],[-95.026267,35.671319],[-95.025864,35.671311],[-95.025273,35.670986],[-95.025135,35.670756],[-95.025275,35.670486],[-95.024559,35.670092],[-95.025066,35.669523],[-95.026103,35.669552],[-95.024915,35.669104],[-95.024831,35.668717],[-95.024096,35.669631],[-95.022377,35.669579],[-95.019939,35.667817],[-95.019456,35.667135],[-95.01931,35.666635],[-95.01942,35.664619],[-95.019816,35.662782],[-95.01898,35.661574],[-95.02053,35.660579],[-95.022955,35.66073],[-95.026681,35.662434],[-95.0268,35.662208],[-95.027487,35.661909],[-95.027622,35.661625],[-95.027201,35.661452],[-95.026176,35.661605],[-95.02554,35.661485],[-95.025111,35.661271],[-95.024884,35.660842],[-95.024049,35.660793],[-95.022718,35.660083],[-95.020615,35.659985],[-95.018708,35.659219],[-95.018472,35.659038],[-95.018615,35.658797],[-95.020514,35.658362],[-95.019334,35.658201],[-95.018718,35.657768],[-95.019403,35.657348],[-95.019388,35.656833],[-95.020402,35.655599],[-95.01993,35.655406],[-95.019779,35.655061],[-95.019508,35.655866],[-95.018544,35.656606],[-95.017655,35.656889],[-95.016896,35.656888],[-95.016529,35.656664],[-95.015584,35.656867],[-95.015047,35.656015],[-95.014608,35.656214],[-95.013867,35.655652],[-95.012598,35.654037],[-95.012263,35.653384],[-95.012332,35.652188],[-95.012662,35.651653],[-95.013702,35.650678],[-95.01371,35.650362],[-95.014725,35.64966],[-95.014388,35.64901],[-95.014491,35.648558],[-95.014989,35.648358],[-95.015074,35.648062],[-95.017355,35.647932],[-95.017499,35.647765],[-95.01677,35.647503],[-95.016055,35.646828],[-95.016131,35.643372],[-95.017027,35.642493],[-95.019673,35.643036],[-95.02172,35.64306],[-95.023655,35.642854],[-95.025226,35.643198],[-95.027918,35.644664],[-95.029572,35.645832],[-95.030049,35.646519],[-95.030245,35.647709],[-95.029953,35.64911],[-95.030173,35.649541],[-95.025771,35.649513],[-95.025805,35.64554],[-95.020815,35.645446],[-95.020879,35.653113],[-95.022152,35.653133],[-95.022157,35.65921],[-95.029776,35.659276],[-95.029755,35.659774],[-95.034007,35.659913],[-95.034029,35.660678],[-95.036415,35.660784],[-95.036367,35.662604],[-95.031724,35.662497],[-95.031716,35.662966],[-95.029783,35.662968],[-95.029637,35.663807],[-95.025709,35.663782],[-95.025719,35.66274],[-95.024337,35.662701],[-95.024306,35.661939]]],[[[-95.024308,35.661939],[-95.02429,35.661482],[-95.024306,35.661939],[-95.024308,35.661939]]]]},"properties":{"name":"Tenkiller Wildlife Management Area","kind":"wma","designation":"Wildlife management area","manager":"SFW","access":"Restricted","acres":2510}},{"type":"Feature","geometry":{"type":"Polygon","coordinates":[[[-94.980654,35.877802],[-94.980987,35.87773],[-94.981701,35.878135],[-94.981034,35.878634],[-94.980297,35.87823],[-94.980654,35.877802]]]},"properties":{"name":"Southridge City Park","kind":"citypark","designation":"City park","manager":"CITY","access":"Open","acres":2}},{"type":"Feature","geometry":{"type":"MultiPolygon","coordinates":[[[[-95.247247,35.793227],[-95.247726,35.79384],[-95.247277,35.79408],[-95.247247,35.793227]]],[[[-95.250154,35.797165],[-95.250601,35.796971],[-95.25077,35.797233],[-95.250322,35.797427],[-95.250154,35.797165]]],[[[-95.254467,35.799579],[-95.254636,35.799537],[-95.254881,35.799909],[-95.254585,35.800018],[-95.254374,35.799698],[-95.254467,35.799579]]]]},"properties":{"name":"Unknown Park","kind":"citypark","designation":"City park","manager":"CITY","access":"Open","acres":1}},{"type":"Feature","geometry":{"type":"MultiPolygon","coordinates":[[[[-94.807761,35.645849],[-94.807763,35.638602],[-94.817633,35.638571],[-94.817622,35.642203],[-94.818843,35.642204],[-94.818832,35.645833],[-94.807761,35.645849]]],[[[-94.6571,35.725142],[-94.659341,35.725128],[-94.659351,35.726961],[-94.657108,35.726962],[-94.6571,35.725142]]],[[[-94.666098,35.725153],[-94.670549,35.725165],[-94.670569,35.728838],[-94.661602,35.728834],[-94.661584,35.725127],[-94.666098,35.725153]]],[[[-94.543732,35.732624],[-94.543742,35.729006],[-94.545968,35.729002],[-94.545972,35.727191],[-94.548198,35.727186],[-94.548201,35.725373],[-94.55264,35.725366],[-94.552633,35.728995],[-94.55042,35.728995],[-94.550413,35.732624],[-94.548187,35.732624],[-94.548198,35.730826],[-94.545964,35.730813],[-94.545959,35.732624],[-94.543732,35.732624]]],[[[-94.550408,35.736241],[-94.550414,35.732624],[-94.559261,35.732624],[-94.559269,35.736136],[-94.559135,35.736246],[-94.550408,35.736241]]],[[[-94.556095,35.73365],[-94.555392,35.733639],[-94.555393,35.734212],[-94.556096,35.734217],[-94.556095,35.73365]]],[[[-94.514977,35.754403],[-94.514976,35.756204],[-94.517161,35.756183],[-94.517177,35.75799],[-94.51057,35.758034],[-94.510583,35.754453],[-94.514977,35.754403]]],[[[-94.514977,35.754403],[-94.514869,35.747201],[-94.519276,35.747171],[-94.519227,35.74358],[-94.52364,35.74356],[-94.523598,35.739979],[-94.505924,35.740017],[-94.505934,35.736406],[-94.510362,35.736395],[-94.51042,35.725555],[-94.539388,35.725471],[-94.539346,35.729107],[-94.537117,35.72911],[-94.537074,35.732743],[-94.539303,35.732743],[-94.53926,35.73638],[-94.545956,35.736342],[-94.545986,35.745261],[-94.543743,35.745265],[-94.543725,35.743506],[-94.541483,35.743514],[-94.541552,35.750528],[-94.537095,35.750577],[-94.537106,35.759556],[-94.539325,35.759521],[-94.539323,35.759739],[-94.543769,35.75974],[-94.543769,35.76155],[-94.541538,35.761553],[-94.541537,35.763364],[-94.539313,35.763357],[-94.539311,35.76134],[-94.530451,35.761481],[-94.53045,35.757841],[-94.524896,35.757928],[-94.524904,35.759749],[-94.523795,35.759766],[-94.523724,35.750722],[-94.519293,35.750759],[-94.51931,35.754347],[-94.514977,35.754403]]],[[[-94.739175,35.763434],[-94.739186,35.761556],[-94.743633,35.761564],[-94.743616,35.763365],[-94.745828,35.763359],[-94.74579,35.768868],[-94.739143,35.768833],[-94.739175,35.763434]]],[[[-94.731925,35.780063],[-94.729952,35.780053],[-94.729958,35.776074],[-94.732179,35.776069],[-94.732174,35.777891],[-94.741048,35.777907],[-94.741029,35.783359],[-94.727732,35.783347],[-94.728995,35.782012],[-94.731921,35.782019],[-94.731925,35.780063]]],[[[-94.706241,36.322051],[-94.706266,36.314804],[-94.701785,36.314829],[-94.701799,36.307583],[-94.719738,36.30748],[-94.719727,36.309293],[-94.717488,36.309305],[-94.717478,36.311117],[-94.719716,36.311105],[-94.719705,36.312917],[-94.717468,36.31293],[-94.717457,36.314742],[-94.719694,36.314729],[-94.719673,36.318354],[-94.712965,36.318391],[-94.712946,36.322015],[-94.706241,36.322051]]],[[[-94.711123,36.316199],[-94.710607,36.315791],[-94.710601,36.318443],[-94.712192,36.318435],[-94.711641,36.317535],[-94.711123,36.316199]]],[[[-94.791323,36.336502],[-94.804711,36.336439],[-94.804789,36.347271],[-94.7914,36.347333],[-94.791323,36.336502]]],[[[-94.748115,36.682705],[-94.742743,36.682656],[-94.742703,36.678957],[-94.751692,36.678956],[-94.751725,36.681275],[-94.75079,36.680192],[-94.74992,36.681316],[-94.749628,36.682395],[-94.749665,36.682887],[-94.75008,36.683764],[-94.750769,36.684706],[-94.749596,36.685182],[-94.748115,36.682705]]]]},"properties":{"name":"Ozark Plateau National Wildlife Refuge","kind":"refuge","designation":"National wildlife refuge","manager":"FWS","access":"Restricted","acres":3824}},{"type":"Feature","geometry":{"type":"Polygon","coordinates":[[[-94.85837,35.463502],[-94.866006,35.463512],[-94.862888,35.464287],[-94.862858,35.465369],[-94.858399,35.465339],[-94.85837,35.463502]]]},"properties":{"name":"Sallisaw City Park Ii","kind":"citypark","designation":"City park","manager":"CITY","access":"Open","acres":24}},{"type":"Feature","geometry":{"type":"MultiPolygon","coordinates":[[[[-94.730586,35.349777],[-94.730983,35.349998],[-94.730739,35.349921],[-94.730586,35.349777]]],[[[-94.676047,35.305881],[-94.675576,35.304839],[-94.67406,35.30249],[-94.672583,35.300784],[-94.670197,35.298629],[-94.668908,35.297664],[-94.666848,35.296451],[-94.663579,35.294902],[-94.661755,35.294246],[-94.658801,35.293761],[-94.659764,35.29396],[-94.659808,35.294082],[-94.659896,35.29399],[-94.662246,35.294471],[-94.662389,35.29465],[-94.662913,35.29473],[-94.664887,35.295615],[-94.665122,35.295848],[-94.665278,35.295799],[-94.668572,35.297603],[-94.669165,35.298145],[-94.669425,35.298637],[-94.671302,35.299747],[-94.673612,35.302165],[-94.675071,35.304263],[-94.675563,35.305221],[-94.675012,35.305003],[-94.674609,35.304626],[-94.673877,35.303291],[-94.673394,35.303115],[-94.673211,35.302577],[-94.671105,35.300487],[-94.667432,35.29856],[-94.666144,35.297656],[-94.665797,35.297717],[-94.665782,35.297561],[-94.665551,35.297549],[-94.663529,35.296115],[-94.660333,35.294696],[-94.660123,35.294357],[-94.659158,35.294372],[-94.657666,35.293876],[-94.656394,35.293845],[-94.655928,35.293674],[-94.655675,35.293777],[-94.654281,35.293472],[-94.658023,35.293636],[-94.658332,35.293693],[-94.658398,35.293792],[-94.658141,35.293807],[-94.658446,35.294009],[-94.658448,35.293731],[-94.658671,35.293666],[-94.653956,35.293346],[-94.653334,35.293155],[-94.652387,35.293308],[-94.649587,35.292854],[-94.646331,35.293514],[-94.644786,35.293697],[-94.644448,35.293578],[-94.643382,35.293773],[-94.643184,35.29412],[-94.642018,35.294402],[-94.639487,35.295509],[-94.638406,35.295757],[-94.637069,35.2952],[-94.640937,35.294261],[-94.642714,35.29404],[-94.643105,35.293819],[-94.638944,35.294616],[-94.634847,35.295783],[-94.628405,35.298221],[-94.625602,35.299667],[-94.625628,35.299884],[-94.624131,35.301376],[-94.622794,35.30149],[-94.622769,35.301646],[-94.621819,35.301902],[-94.621569,35.302463],[-94.621632,35.302718],[-94.621402,35.302997],[-94.620742,35.303573],[-94.620112,35.303764],[-94.618285,35.305404],[-94.61599,35.307849],[-94.614348,35.309882],[-94.61362,35.310844],[-94.613704,35.311099],[-94.613107,35.312095],[-94.612256,35.312892],[-94.610961,35.31517],[-94.609479,35.31694],[-94.609088,35.318019],[-94.60954,35.317344],[-94.60957,35.317462],[-94.607741,35.319938],[-94.604808,35.322799],[-94.601481,35.325221],[-94.599051,35.326629],[-94.596845,35.327644],[-94.594643,35.328468],[-94.591519,35.329353],[-94.587453,35.330055],[-94.583323,35.330341],[-94.581363,35.330299],[-94.58549,35.330421],[-94.585872,35.330276],[-94.587403,35.330253],[-94.589392,35.329864],[-94.589581,35.329917],[-94.588792,35.330375],[-94.587127,35.330623],[-94.587113,35.330817],[-94.588742,35.330798],[-94.589919,35.330478],[-94.59117,35.33065],[-94.591723,35.330524],[-94.592025,35.33068],[-94.592223,35.331035],[-94.593133,35.331065],[-94.593455,35.33134],[-94.594006,35.330783],[-94.594003,35.330524],[-94.593736,35.330451],[-94.594691,35.329814],[-94.594642,35.329551],[-94.594111,35.329429],[-94.594186,35.329726],[-94.59381,35.330051],[-94.594111,35.329707],[-94.593999,35.329616],[-94.594088,35.329421],[-94.593444,35.329326],[-94.591489,35.330154],[-94.590693,35.329643],[-94.595216,35.328384],[-94.599986,35.326301],[-94.599295,35.327068],[-94.598651,35.327491],[-94.598727,35.327697],[-94.598515,35.327895],[-94.598836,35.327678],[-94.599215,35.327853],[-94.597417,35.329608],[-94.597497,35.32994],[-94.596627,35.330386],[-94.595937,35.331596],[-94.595303,35.332313],[-94.59463,35.332748],[-94.593253,35.333171],[-94.592778,35.333495],[-94.590863,35.333877],[-94.589087,35.333732],[-94.589097,35.333957],[-94.588662,35.334079],[-94.588502,35.333923],[-94.588208,35.334049],[-94.588174,35.333877],[-94.588363,35.33382],[-94.587741,35.333743],[-94.587897,35.333865],[-94.587838,35.334026],[-94.587069,35.33401],[-94.586892,35.333652],[-94.58496,35.333472],[-94.582072,35.332801],[-94.580758,35.332118],[-94.579776,35.331363],[-94.579524,35.330432],[-94.579421,35.330291],[-94.579169,35.330364],[-94.579137,35.330119],[-94.576939,35.330257],[-94.575435,35.329612],[-94.575032,35.329776],[-94.573478,35.329326],[-94.573367,35.329498],[-94.572789,35.329452],[-94.572165,35.328819],[-94.571103,35.328536],[-94.571193,35.328891],[-94.57076,35.329265],[-94.57075,35.329501],[-94.570439,35.329162],[-94.570756,35.329955],[-94.570151,35.330283],[-94.566769,35.331222],[-94.564008,35.332683],[-94.56132,35.333633],[-94.561333,35.333286],[-94.561002,35.332759],[-94.561086,35.332629],[-94.563365,35.331603],[-94.564935,35.331352],[-94.565169,35.33081],[-94.566121,35.330165],[-94.566626,35.32907],[-94.566403,35.328864],[-94.566016,35.329124],[-94.566327,35.328807],[-94.56569,35.328464],[-94.56615,35.328037],[-94.566615,35.328174],[-94.566851,35.328456],[-94.567736,35.327693],[-94.567771,35.327441],[-94.567651,35.327235],[-94.56749,35.327285],[-94.56717,35.326438],[-94.567345,35.326434],[-94.567145,35.326164],[-94.566371,35.325691],[-94.565596,35.324748],[-94.565457,35.324958],[-94.565196,35.324897],[-94.564887,35.32426],[-94.563605,35.323566],[-94.563432,35.323253],[-94.563191,35.3232],[-94.562718,35.322692],[-94.562445,35.322883],[-94.562154,35.322372],[-94.560321,35.320949],[-94.559243,35.320606],[-94.559081,35.320911],[-94.558751,35.32077],[-94.558406,35.320873],[-94.557441,35.320346],[-94.557202,35.319907],[-94.557034,35.319865],[-94.555812,35.32022],[-94.555642,35.319656],[-94.555693,35.3189],[-94.556216,35.318042],[-94.559697,35.315593],[-94.559857,35.31557],[-94.561316,35.317092],[-94.559668,35.315356],[-94.559983,35.31515],[-94.56041,35.315608],[-94.560651,35.315631],[-94.560193,35.315349],[-94.56045,35.315082],[-94.560921,35.315334],[-94.562173,35.316661],[-94.567256,35.321063],[-94.56753,35.321071],[-94.56775,35.321521],[-94.56866,35.321731],[-94.569007,35.322139],[-94.569035,35.322551],[-94.570424,35.323146],[-94.570538,35.323386],[-94.570363,35.323489],[-94.570376,35.323669],[-94.570878,35.323753],[-94.570866,35.323932],[-94.572007,35.324714],[-94.572947,35.32426],[-94.57338,35.324817],[-94.574134,35.325019],[-94.575234,35.325629],[-94.575286,35.325767],[-94.57504,35.325805],[-94.574879,35.325572],[-94.574422,35.325458],[-94.574361,35.32598],[-94.57537,35.326431],[-94.575829,35.326278],[-94.577012,35.326537],[-94.57869,35.327232],[-94.578782,35.327541],[-94.581338,35.327869],[-94.583218,35.327522],[-94.583964,35.327617],[-94.584086,35.327453],[-94.584035,35.327609],[-94.584185,35.327625],[-94.587401,35.32743],[-94.589444,35.326751],[-94.589907,35.326885],[-94.591489,35.326484],[-94.594004,35.32508],[-94.59521,35.324706],[-94.595288,35.324546],[-94.595153,35.32442],[-94.596436,35.323478],[-94.59788,35.321681],[-94.599213,35.320762],[-94.599715,35.319579],[-94.598683,35.318511],[-94.598138,35.318187],[-94.596803,35.317771],[-94.59677,35.316344],[-94.59718,35.315227],[-94.597926,35.314105],[-94.599011,35.312999],[-94.600526,35.311881],[-94.602197,35.311332],[-94.604539,35.31396],[-94.604592,35.314204],[-94.605138,35.314639],[-94.605141,35.314834],[-94.60617,35.315784],[-94.606309,35.31618],[-94.606486,35.316173],[-94.606988,35.316604],[-94.608378,35.313281],[-94.607632,35.314666],[-94.606946,35.316547],[-94.606139,35.315604],[-94.606833,35.31459],[-94.606925,35.314094],[-94.607274,35.313796],[-94.606454,35.313758],[-94.606076,35.314368],[-94.605346,35.314735],[-94.602336,35.311244],[-94.604136,35.3105],[-94.607087,35.308715],[-94.612155,35.304656],[-94.61319,35.304858],[-94.612773,35.305106],[-94.612944,35.30537],[-94.613707,35.304733],[-94.614306,35.304519],[-94.614404,35.304652],[-94.613816,35.305145],[-94.613868,35.305293],[-94.612832,35.306514],[-94.612576,35.306602],[-94.612618,35.306777],[-94.612067,35.307365],[-94.611607,35.308204],[-94.61494,35.304198],[-94.617575,35.301872],[-94.62128,35.299247],[-94.620921,35.297286],[-94.621308,35.295699],[-94.621722,35.2923],[-94.622107,35.292155],[-94.622254,35.29148],[-94.623338,35.289573],[-94.625972,35.286666],[-94.627253,35.285442],[-94.627833,35.285106],[-94.627885,35.284366],[-94.628966,35.284255],[-94.63071,35.283561],[-94.633382,35.283679],[-94.634856,35.283443],[-94.636378,35.281978],[-94.637627,35.281459],[-94.639535,35.281341],[-94.641778,35.281764],[-94.642064,35.281409],[-94.642787,35.281539],[-94.643218,35.281303],[-94.644399,35.28115],[-94.644637,35.281371],[-94.645278,35.281337],[-94.645701,35.28168],[-94.646262,35.2816],[-94.646951,35.281799],[-94.64815,35.282359],[-94.648347,35.282718],[-94.648557,35.282638],[-94.648127,35.283881],[-94.647649,35.283588],[-94.647689,35.283485],[-94.646932,35.283656],[-94.646163,35.283469],[-94.644181,35.283496],[-94.645463,35.284248],[-94.645867,35.284896],[-94.64617,35.286193],[-94.646827,35.2868],[-94.646924,35.287173],[-94.646264,35.288867],[-94.645533,35.289073],[-94.64449,35.28889],[-94.64417,35.289146],[-94.643926,35.289672],[-94.643058,35.289825],[-94.642472,35.289726],[-94.642335,35.288944],[-94.641707,35.288726],[-94.641272,35.288833],[-94.641044,35.289111],[-94.641478,35.289848],[-94.641427,35.290019],[-94.639741,35.290256],[-94.639459,35.289603],[-94.63893,35.289417],[-94.638648,35.289615],[-94.638507,35.290309],[-94.637448,35.290179],[-94.637231,35.289748],[-94.636639,35.289512],[-94.63638,35.28913],[-94.636067,35.28902],[-94.635751,35.289184],[-94.6351,35.290374],[-94.634473,35.290656],[-94.634209,35.290496],[-94.634408,35.290008],[-94.633923,35.289745],[-94.633635,35.289363],[-94.633113,35.289127],[-94.632697,35.289199],[-94.632073,35.289542],[-94.631984,35.28992],[-94.632867,35.29074],[-94.632911,35.290958],[-94.632777,35.291049],[-94.631087,35.29124],[-94.629973,35.291885],[-94.628304,35.292518],[-94.627202,35.293216],[-94.626096,35.293239],[-94.625735,35.294349],[-94.624984,35.294433],[-94.624451,35.294914],[-94.624471,35.296272],[-94.624678,35.296737],[-94.625005,35.29692],[-94.629056,35.29491],[-94.633014,35.293399],[-94.635701,35.292575],[-94.64021,35.291511],[-94.646333,35.290645],[-94.651713,35.290427],[-94.657744,35.290759],[-94.661654,35.291518],[-94.666516,35.293075],[-94.670356,35.295192],[-94.673081,35.297164],[-94.675506,35.29951],[-94.677831,35.302566],[-94.678052,35.302573],[-94.678052,35.303058],[-94.67962,35.306064],[-94.680352,35.308326],[-94.681054,35.313087],[-94.680785,35.314719],[-94.680877,35.315948],[-94.68146,35.318732],[-94.681901,35.319965],[-94.683692,35.323245],[-94.684171,35.323673],[-94.684913,35.324748],[-94.686345,35.325935],[-94.688678,35.327625],[-94.691703,35.329177],[-94.692885,35.329616],[-94.696208,35.330623],[-94.699853,35.331054],[-94.703498,35.331866],[-94.706221,35.332816],[-94.707992,35.333648],[-94.708718,35.333751],[-94.708924,35.334064],[-94.711257,35.335437],[-94.713618,35.337188],[-94.719752,35.343261],[-94.721721,35.344596],[-94.722915,35.345741],[-94.727078,35.348438],[-94.730586,35.349777],[-94.730372,35.349807],[-94.730422,35.350028],[-94.731063,35.35041],[-94.730664,35.350372],[-94.730498,35.350578],[-94.731461,35.350688],[-94.731343,35.350227],[-94.730996,35.350002],[-94.732062,35.350658],[-94.736617,35.352458],[-94.743607,35.354846],[-94.748107,35.355449],[-94.752316,35.355735],[-94.759093,35.354614],[-94.762345,35.353759],[-94.766648,35.352058],[-94.76975,35.350261],[-94.770677,35.349483],[-94.7713,35.348708],[-94.772557,35.346503],[-94.773416,35.345626],[-94.774543,35.344863],[-94.774747,35.344917],[-94.775113,35.344699],[-94.775798,35.345462],[-94.776168,35.345283],[-94.776204,35.345477],[-94.776286,35.345412],[-94.776322,35.345611],[-94.776406,35.345546],[-94.776404,35.345702],[-94.777093,35.346328],[-94.77703,35.346412],[-94.777114,35.346351],[-94.777148,35.346545],[-94.77723,35.346484],[-94.777266,35.346679],[-94.777348,35.346618],[-94.777385,35.346812],[-94.777469,35.346751],[-94.777503,35.346946],[-94.778155,35.34753],[-94.778092,35.347614],[-94.778274,35.347659],[-94.774604,35.349944],[-94.776471,35.348914],[-94.776687,35.349159],[-94.776425,35.349387],[-94.776578,35.349826],[-94.771302,35.352969],[-94.766234,35.35538],[-94.761167,35.356952],[-94.757407,35.357661],[-94.754769,35.357932],[-94.754554,35.358142],[-94.753789,35.358348],[-94.753419,35.358238],[-94.753135,35.358478],[-94.751185,35.35799],[-94.749635,35.358058],[-94.746306,35.357345],[-94.745229,35.357291],[-94.746026,35.357482],[-94.746039,35.357612],[-94.745595,35.357475],[-94.744988,35.357589],[-94.74351,35.357044],[-94.739163,35.356246],[-94.735251,35.355087],[-94.729482,35.352786],[-94.724194,35.349994],[-94.721076,35.347915],[-94.71806,35.345378],[-94.715014,35.342082],[-94.714957,35.342235],[-94.715089,35.342208],[-94.715197,35.342529],[-94.715489,35.342666],[-94.715785,35.343036],[-94.715743,35.343208],[-94.715915,35.343192],[-94.716449,35.343925],[-94.71707,35.344455],[-94.717053,35.344615],[-94.717721,35.345123],[-94.717759,35.345382],[-94.717975,35.345393],[-94.718514,35.345874],[-94.718366,35.345985],[-94.717528,35.345592],[-94.715453,35.343887],[-94.715222,35.343116],[-94.714866,35.342677],[-94.714991,35.342281],[-94.714612,35.342578],[-94.714229,35.342166],[-94.712056,35.341094],[-94.710515,35.339446],[-94.70955,35.339446],[-94.708083,35.338088],[-94.708028,35.337737],[-94.705123,35.335876],[-94.704871,35.335929],[-94.704936,35.336337],[-94.704827,35.336402],[-94.704373,35.335952],[-94.70427,35.335555],[-94.703992,35.335376],[-94.701743,35.335033],[-94.699115,35.334163],[-94.698808,35.334209],[-94.698714,35.334445],[-94.698096,35.333972],[-94.697169,35.333812],[-94.696816,35.333461],[-94.695289,35.3334],[-94.6932,35.332912],[-94.692891,35.332763],[-94.692695,35.332439],[-94.689166,35.331107],[-94.686541,35.32973],[-94.68373,35.327609],[-94.681302,35.325073],[-94.679986,35.323241],[-94.678616,35.320567],[-94.678016,35.318755],[-94.677586,35.316516],[-94.677489,35.312389],[-94.676846,35.311343],[-94.67673,35.31013],[-94.677052,35.309753],[-94.676749,35.308055],[-94.676438,35.307891],[-94.67668,35.30767],[-94.676047,35.305881]]],[[[-94.772019,35.351459],[-94.772002,35.351436],[-94.771747,35.35155],[-94.772019,35.351459]]],[[[-94.771501,35.350681],[-94.771483,35.350658],[-94.77123,35.350772],[-94.771501,35.350681]]],[[[-94.771016,35.349956],[-94.770999,35.349933],[-94.770745,35.350047],[-94.771016,35.349956]]],[[[-94.587222,35.333682],[-94.58706,35.333682],[-94.587159,35.333804],[-94.587628,35.333766],[-94.587222,35.333682]]],[[[-94.563601,35.332153],[-94.564614,35.331691],[-94.564303,35.331741],[-94.563601,35.332153]]],[[[-94.584502,35.331653],[-94.584573,35.331596],[-94.584491,35.331596],[-94.584502,35.331653]]],[[[-94.583499,35.331264],[-94.583484,35.331233],[-94.583396,35.331249],[-94.583499,35.331264]]],[[[-94.583674,35.331287],[-94.583659,35.331229],[-94.583518,35.331268],[-94.583674,35.331287]]],[[[-94.584018,35.331176],[-94.584048,35.331256],[-94.584109,35.331229],[-94.584018,35.331176]]],[[[-94.583747,35.331218],[-94.583844,35.331271],[-94.583814,35.331172],[-94.583747,35.331218]]],[[[-94.58334,35.331187],[-94.583316,35.331153],[-94.583159,35.331161],[-94.58334,35.331187]]],[[[-94.583669,35.331176],[-94.583722,35.331184],[-94.583741,35.331153],[-94.583669,35.331176]]],[[[-94.583926,35.331146],[-94.583987,35.331168],[-94.583953,35.331123],[-94.583926,35.331146]]],[[[-94.565511,35.331104],[-94.565596,35.330886],[-94.56544,35.330989],[-94.565511,35.331104]]],[[[-94.583623,35.331092],[-94.583682,35.331065],[-94.583567,35.331077],[-94.583623,35.331092]]],[[[-94.566214,35.330844],[-94.565671,35.331233],[-94.56626,35.331065],[-94.566214,35.330844]]],[[[-94.584271,35.331275],[-94.584088,35.330989],[-94.583943,35.331084],[-94.58417,35.331378],[-94.584021,35.33129],[-94.583243,35.331474],[-94.582934,35.331321],[-94.583005,35.331523],[-94.583541,35.331821],[-94.584205,35.331718],[-94.584088,35.331649],[-94.584254,35.331603],[-94.584271,35.331275]]],[[[-94.585168,35.330703],[-94.584782,35.330776],[-94.584903,35.330978],[-94.584563,35.330795],[-94.584708,35.330928],[-94.584475,35.331214],[-94.584687,35.331222],[-94.584536,35.331332],[-94.584655,35.331493],[-94.584983,35.33121],[-94.584822,35.331088],[-94.585158,35.331214],[-94.58624,35.330531],[-94.585904,35.33044],[-94.585168,35.330703]]],[[[-94.570075,35.330005],[-94.570279,35.329971],[-94.570193,35.329776],[-94.570075,35.330005]]],[[[-94.595155,35.330039],[-94.595271,35.330001],[-94.595218,35.329807],[-94.595065,35.329772],[-94.593968,35.330699],[-94.594754,35.330386],[-94.595155,35.330039]]],[[[-94.56733,35.32878],[-94.567588,35.328868],[-94.567656,35.328761],[-94.56733,35.32878]]],[[[-94.567483,35.328918],[-94.566214,35.328441],[-94.567216,35.329017],[-94.567452,35.329078],[-94.567483,35.328918]]],[[[-94.570052,35.329082],[-94.569354,35.329101],[-94.568967,35.328605],[-94.56899,35.327968],[-94.568131,35.32817],[-94.567778,35.329044],[-94.567403,35.329261],[-94.567134,35.329196],[-94.566354,35.330962],[-94.569508,35.329971],[-94.570052,35.329082]]],[[[-94.596663,35.329376],[-94.597007,35.329334],[-94.597016,35.328696],[-94.597892,35.327907],[-94.597144,35.328109],[-94.595591,35.329063],[-94.596387,35.329307],[-94.596717,35.32904],[-94.596532,35.329299],[-94.596663,35.329376]]],[[[-94.568658,35.327224],[-94.5679,35.326896],[-94.568208,35.326984],[-94.568335,35.326839],[-94.568564,35.327094],[-94.568595,35.32693],[-94.568229,35.326617],[-94.567681,35.32635],[-94.567454,35.326415],[-94.567403,35.32661],[-94.567834,35.327693],[-94.568539,35.327426],[-94.568734,35.327297],[-94.568658,35.327224]]],[[[-94.567422,35.326366],[-94.567475,35.32624],[-94.567296,35.326305],[-94.567422,35.326366]]],[[[-94.592362,35.326499],[-94.592467,35.326579],[-94.592482,35.326499],[-94.592362,35.326499]]],[[[-94.592828,35.326343],[-94.592952,35.326396],[-94.592934,35.326324],[-94.592828,35.326343]]],[[[-94.573561,35.325691],[-94.573731,35.32574],[-94.573739,35.325633],[-94.573561,35.325691]]],[[[-94.574063,35.325397],[-94.573596,35.325038],[-94.572697,35.324828],[-94.574063,35.325397]]],[[[-94.57029,35.326568],[-94.568547,35.325507],[-94.56672,35.323829],[-94.568034,35.325313],[-94.569598,35.326286],[-94.569163,35.326873],[-94.570302,35.32888],[-94.570264,35.329067],[-94.570893,35.329147],[-94.571034,35.328956],[-94.570479,35.32878],[-94.570536,35.328307],[-94.56984,35.327823],[-94.569341,35.326915],[-94.569331,35.326736],[-94.569724,35.326354],[-94.573413,35.328166],[-94.578063,35.329818],[-94.572915,35.327857],[-94.57029,35.326568]]],[[[-94.597747,35.323089],[-94.597163,35.323238],[-94.597272,35.323592],[-94.598189,35.322955],[-94.598063,35.322864],[-94.597747,35.323089]]],[[[-94.558471,35.320361],[-94.558205,35.320483],[-94.558675,35.320445],[-94.558471,35.320361]]],[[[-94.562838,35.318607],[-94.562686,35.318565],[-94.562674,35.318649],[-94.562838,35.318607]]],[[[-94.562213,35.318004],[-94.562173,35.317924],[-94.562093,35.317954],[-94.562213,35.318004]]],[[[-94.602549,35.318149],[-94.602218,35.318214],[-94.602216,35.31874],[-94.602065,35.318439],[-94.602162,35.317909],[-94.601825,35.317821],[-94.601802,35.318057],[-94.601579,35.31821],[-94.601596,35.318568],[-94.601147,35.318656],[-94.59995,35.321506],[-94.602725,35.320178],[-94.603335,35.319274],[-94.602858,35.319061],[-94.602843,35.318458],[-94.602549,35.318149]]],[[[-94.60456,35.318103],[-94.604083,35.318389],[-94.604207,35.318649],[-94.604657,35.318061],[-94.604606,35.317836],[-94.60456,35.318103]]],[[[-94.561629,35.317382],[-94.561518,35.317317],[-94.561517,35.317397],[-94.561629,35.317382]]],[[[-94.561213,35.315719],[-94.561198,35.315715],[-94.561194,35.31573],[-94.561213,35.315719]]],[[[-94.56092,35.315429],[-94.560925,35.315418],[-94.560901,35.315421],[-94.56092,35.315429]]],[[[-94.605433,35.316196],[-94.60545,35.315898],[-94.605267,35.315875],[-94.60521,35.316234],[-94.604756,35.316818],[-94.604207,35.317142],[-94.604024,35.317355],[-94.604075,35.317535],[-94.603431,35.317901],[-94.603444,35.318305],[-94.603906,35.318843],[-94.604056,35.318698],[-94.603883,35.318599],[-94.603894,35.318332],[-94.604438,35.317638],[-94.605143,35.31755],[-94.605635,35.317043],[-94.605744,35.316634],[-94.605433,35.316196]]],[[[-94.607322,35.313709],[-94.607438,35.313754],[-94.607493,35.313548],[-94.607322,35.313709]]],[[[-94.608451,35.313102],[-94.608357,35.313247],[-94.608418,35.313216],[-94.608451,35.313102]]],[[[-94.606654,35.312515],[-94.606652,35.312362],[-94.606564,35.312396],[-94.606654,35.312515]]],[[[-94.608914,35.310939],[-94.608411,35.311076],[-94.608239,35.310874],[-94.607426,35.311374],[-94.607034,35.311439],[-94.607581,35.312133],[-94.607842,35.312225],[-94.608968,35.311057],[-94.608914,35.310939]]],[[[-94.609624,35.310859],[-94.608435,35.313079],[-94.609788,35.310725],[-94.609624,35.310859]]],[[[-94.608151,35.308978],[-94.607539,35.309501],[-94.608363,35.309386],[-94.608409,35.309257],[-94.608151,35.308978]]],[[[-94.610629,35.309333],[-94.609824,35.310588],[-94.61159,35.308234],[-94.610629,35.309333]]],[[[-94.610822,35.307315],[-94.61082,35.307063],[-94.610564,35.306895],[-94.609528,35.30778],[-94.609864,35.30804],[-94.609504,35.307895],[-94.608588,35.308601],[-94.609158,35.309295],[-94.609515,35.310062],[-94.610997,35.308357],[-94.610764,35.307945],[-94.610934,35.307426],[-94.610822,35.307315]]],[[[-94.611007,35.306682],[-94.611289,35.307246],[-94.611539,35.306804],[-94.612788,35.30603],[-94.612807,35.305473],[-94.612552,35.30548],[-94.612506,35.305293],[-94.611764,35.305618],[-94.611668,35.305988],[-94.611007,35.306682]]],[[[-94.67608,35.305824],[-94.676095,35.305141],[-94.675853,35.304805],[-94.67608,35.305824]]],[[[-94.621589,35.30194],[-94.621608,35.301963],[-94.621701,35.301913],[-94.621589,35.30194]]],[[[-94.621228,35.301357],[-94.621137,35.301406],[-94.621249,35.301379],[-94.621228,35.301357]]],[[[-94.620654,35.300845],[-94.620766,35.300815],[-94.620746,35.300792],[-94.620654,35.300845]]],[[[-94.620814,35.300693],[-94.62082,35.300773],[-94.620919,35.300758],[-94.620814,35.300693]]],[[[-94.665809,35.296375],[-94.665965,35.296283],[-94.665568,35.296203],[-94.665809,35.296375]]],[[[-94.660643,35.29433],[-94.660798,35.294337],[-94.660851,35.294261],[-94.660643,35.29433]]],[[[-94.639142,35.289249],[-94.63943,35.289184],[-94.6391,35.289092],[-94.639142,35.289249]]],[[[-94.639712,35.288051],[-94.639417,35.287624],[-94.639445,35.287029],[-94.638665,35.286849],[-94.637467,35.287021],[-94.638118,35.28728],[-94.637763,35.287872],[-94.638057,35.288078],[-94.639813,35.288249],[-94.639712,35.288051]]],[[[-94.641051,35.287368],[-94.641101,35.287494],[-94.640944,35.287559],[-94.640607,35.287406],[-94.640696,35.287891],[-94.640872,35.287971],[-94.641393,35.28775],[-94.642756,35.287814],[-94.644107,35.287566],[-94.644849,35.28762],[-94.644976,35.287463],[-94.644439,35.286521],[-94.643737,35.285777],[-94.642562,35.285457],[-94.642325,35.285167],[-94.640599,35.285873],[-94.640799,35.286433],[-94.640664,35.286597],[-94.640765,35.287029],[-94.641051,35.287368]]],[[[-94.643491,35.285541],[-94.643695,35.285564],[-94.643691,35.285407],[-94.643411,35.285178],[-94.642917,35.284972],[-94.642634,35.285094],[-94.642669,35.285312],[-94.643491,35.285541]]],[[[-94.640179,35.283694],[-94.640054,35.283504],[-94.639411,35.283302],[-94.637833,35.283202],[-94.636184,35.283881],[-94.636693,35.28424],[-94.636575,35.284335],[-94.6358,35.284267],[-94.63573,35.284412],[-94.636771,35.284595],[-94.638205,35.284473],[-94.639321,35.284164],[-94.640179,35.283694]]],[[[-94.640286,35.283012],[-94.640429,35.283569],[-94.641429,35.28308],[-94.640542,35.282867],[-94.640286,35.283012]]],[[[-94.643227,35.282329],[-94.64251,35.282016],[-94.641721,35.282199],[-94.641801,35.282466],[-94.642192,35.28252],[-94.643227,35.282329]]],[[[-94.643182,35.282096],[-94.643304,35.282218],[-94.643773,35.282172],[-94.643924,35.28197],[-94.643546,35.281738],[-94.643203,35.281913],[-94.643182,35.282096]]],[[[-94.433579,35.379809],[-94.433189,35.378587],[-94.433478,35.376145],[-94.433299,35.374294],[-94.43228,35.371874],[-94.431603,35.369544],[-94.431763,35.368536],[-94.432245,35.367158],[-94.432982,35.366117],[-94.433382,35.365836],[-94.433277,35.365005],[-94.432584,35.36449],[-94.433009,35.364547],[-94.433379,35.365192],[-94.433615,35.365241],[-94.43545,35.364227],[-94.437182,35.362949],[-94.43768,35.363467],[-94.43772,35.364169],[-94.436572,35.364936],[-94.435605,35.364814],[-94.432875,35.366897],[-94.432185,35.368106],[-94.431903,35.369842],[-94.43376,35.374545],[-94.433839,35.375823],[-94.433543,35.378784],[-94.433879,35.378051],[-94.434825,35.376796],[-94.436385,35.37564],[-94.436612,35.375037],[-94.437302,35.374728],[-94.438172,35.37458],[-94.438496,35.374675],[-94.438561,35.375068],[-94.437623,35.3754],[-94.436869,35.375884],[-94.435647,35.3777],[-94.434138,35.378597],[-94.433579,35.379809]]],[[[-94.439168,35.38338],[-94.439283,35.383313],[-94.438921,35.383549],[-94.439168,35.38338]]],[[[-94.444344,35.383899],[-94.442688,35.381431],[-94.445288,35.380378],[-94.447713,35.379638],[-94.45171,35.378825],[-94.454579,35.378566],[-94.455045,35.378162],[-94.455436,35.378093],[-94.457949,35.377868],[-94.461783,35.377849],[-94.466742,35.376888],[-94.466645,35.376983],[-94.466761,35.377097],[-94.467387,35.377166],[-94.469598,35.377097],[-94.470744,35.376849],[-94.470446,35.377094],[-94.468646,35.377643],[-94.468182,35.377616],[-94.468116,35.377761],[-94.467654,35.377872],[-94.46592,35.377696],[-94.466134,35.378013],[-94.464341,35.378063],[-94.463698,35.378154],[-94.463151,35.378433],[-94.462352,35.37849],[-94.465371,35.378368],[-94.469172,35.377586],[-94.472171,35.376548],[-94.476174,35.374542],[-94.480181,35.372104],[-94.479981,35.371879],[-94.480117,35.371665],[-94.48119,35.37057],[-94.483136,35.369022],[-94.486226,35.366065],[-94.487277,35.364848],[-94.488068,35.363559],[-94.490088,35.361163],[-94.490311,35.36024],[-94.492377,35.357471],[-94.493819,35.354671],[-94.49384,35.354236],[-94.494019,35.354163],[-94.493893,35.354022],[-94.494427,35.351692],[-94.494412,35.350578],[-94.494761,35.349612],[-94.495034,35.345981],[-94.495559,35.346065],[-94.495658,35.34595],[-94.494538,35.338073],[-94.494437,35.336566],[-94.494542,35.333949],[-94.494813,35.332168],[-94.4954,35.330119],[-94.495272,35.330077],[-94.495408,35.330035],[-94.496316,35.327663],[-94.498154,35.324447],[-94.501878,35.319736],[-94.506205,35.315299],[-94.509606,35.312454],[-94.511418,35.311187],[-94.513871,35.309718],[-94.518479,35.307361],[-94.520945,35.306342],[-94.524199,35.305274],[-94.527137,35.304534],[-94.530038,35.304012],[-94.534976,35.303622],[-94.536841,35.303653],[-94.5404,35.303977],[-94.543494,35.304507],[-94.546332,35.305228],[-94.549573,35.306457],[-94.552087,35.307655],[-94.554427,35.309139],[-94.557343,35.311527],[-94.55877,35.313525],[-94.558549,35.313663],[-94.558333,35.313262],[-94.558312,35.313464],[-94.558587,35.313747],[-94.558297,35.313934],[-94.556727,35.312419],[-94.559426,35.315147],[-94.559684,35.315574],[-94.559462,35.315597],[-94.559344,35.315799],[-94.559277,35.315715],[-94.559319,35.315814],[-94.559094,35.315837],[-94.559136,35.315936],[-94.558869,35.315986],[-94.558953,35.316055],[-94.55873,35.316077],[-94.558429,35.316402],[-94.558364,35.316318],[-94.558404,35.316417],[-94.557999,35.316558],[-94.558041,35.316657],[-94.557814,35.31668],[-94.557515,35.317001],[-94.55725,35.316909],[-94.556243,35.315749],[-94.553572,35.311382],[-94.553075,35.310897],[-94.552419,35.310733],[-94.552052,35.310268],[-94.550706,35.309379],[-94.550305,35.309345],[-94.549989,35.309066],[-94.54777,35.308231],[-94.547406,35.307941],[-94.545241,35.307208],[-94.542535,35.306476],[-94.54197,35.306522],[-94.541188,35.306285],[-94.538501,35.305927],[-94.53707,35.306121],[-94.535521,35.305827],[-94.532227,35.306159],[-94.531432,35.306003],[-94.529898,35.306503],[-94.528552,35.306529],[-94.527983,35.306884],[-94.526713,35.306991],[-94.523257,35.307933],[-94.522015,35.308524],[-94.521134,35.308757],[-94.521209,35.309119],[-94.520957,35.309383],[-94.517684,35.31084],[-94.51756,35.310653],[-94.51726,35.310718],[-94.517079,35.310985],[-94.517161,35.311115],[-94.515065,35.312339],[-94.514672,35.312331],[-94.514458,35.312724],[-94.512444,35.313987],[-94.512309,35.313895],[-94.511962,35.314368],[-94.51019,35.315738],[-94.510199,35.315562],[-94.509961,35.315604],[-94.509774,35.316112],[-94.50771,35.317634],[-94.507727,35.317962],[-94.507497,35.318202],[-94.507159,35.318191],[-94.50583,35.319598],[-94.505597,35.320171],[-94.505236,35.320503],[-94.505051,35.320464],[-94.502473,35.323764],[-94.502497,35.32394],[-94.501773,35.325069],[-94.501109,35.325633],[-94.500989,35.326171],[-94.500222,35.326988],[-94.498967,35.329238],[-94.498513,35.330337],[-94.497994,35.332431],[-94.497765,35.334777],[-94.497786,35.33728],[-94.498431,35.343124],[-94.49833,35.346732],[-94.497599,35.351226],[-94.496581,35.354911],[-94.496629,35.355296],[-94.496775,35.355327],[-94.496732,35.355922],[-94.496213,35.356132],[-94.494199,35.36061],[-94.490969,35.365684],[-94.490926,35.366073],[-94.49047,35.366355],[-94.487164,35.370067],[-94.483214,35.373515],[-94.480458,35.375381],[-94.473779,35.378783],[-94.470929,35.379863],[-94.466788,35.380863],[-94.463841,35.381175],[-94.458707,35.381511],[-94.45171,35.381183],[-94.452256,35.381278],[-94.452422,35.382053],[-94.452231,35.382327],[-94.45064,35.382102],[-94.449185,35.382201],[-94.448575,35.382804],[-94.447339,35.382598],[-94.446263,35.382983],[-94.445992,35.383369],[-94.444344,35.383899]]],[[[-94.443956,35.384058],[-94.444166,35.383997],[-94.444098,35.38402],[-94.443956,35.384058]]],[[[-94.443761,35.384067],[-94.443736,35.384058],[-94.443783,35.384069],[-94.443761,35.384067]]],[[[-94.443098,35.384237],[-94.443125,35.384227],[-94.443,35.384283],[-94.443098,35.384237]]],[[[-94.442099,35.384704],[-94.442116,35.384696],[-94.442077,35.384715],[-94.442099,35.384704]]],[[[-94.44168,35.384921],[-94.441709,35.384905],[-94.441619,35.384954],[-94.44168,35.384921]]],[[[-94.437014,35.384925],[-94.437061,35.384888],[-94.436995,35.384942],[-94.437014,35.384925]]],[[[-94.436253,35.3856],[-94.436283,35.385576],[-94.436191,35.385665],[-94.436253,35.3856]]],[[[-94.439084,35.380443],[-94.439278,35.380508],[-94.438428,35.382388],[-94.437217,35.383663],[-94.436501,35.384013],[-94.43662,35.384391],[-94.436423,35.385207],[-94.436,35.385436],[-94.435575,35.38606],[-94.434929,35.384038],[-94.43641,35.382751],[-94.437157,35.381854],[-94.439084,35.380443]]],[[[-94.436049,35.385803],[-94.43608,35.385774],[-94.435614,35.386264],[-94.436049,35.385803]]],[[[-94.435226,35.386498],[-94.43528,35.386541],[-94.434784,35.38695],[-94.435226,35.386498]]],[[[-94.438402,35.387423],[-94.438403,35.387423],[-94.438447,35.387504],[-94.438402,35.387423]]],[[[-94.437998,35.388279],[-94.437998,35.388279],[-94.437991,35.388289],[-94.437998,35.388279]]],[[[-94.43723,35.389122],[-94.437245,35.389083],[-94.437378,35.389006],[-94.43723,35.389122]]],[[[-94.43723,35.389122],[-94.437224,35.389138],[-94.437226,35.389125],[-94.43723,35.389122]]],[[[-94.437224,35.389138],[-94.437208,35.389232],[-94.436822,35.389092],[-94.437224,35.389138]]],[[[-94.436692,35.38962],[-94.436869,35.389345],[-94.436856,35.389615],[-94.437092,35.389478],[-94.436606,35.389964],[-94.436692,35.38962]]],[[[-95.16817,35.554363],[-95.166738,35.552665],[-95.166555,35.552623],[-95.16554,35.551257],[-95.166656,35.552783],[-95.166364,35.552947],[-95.166095,35.552753],[-95.165998,35.552886],[-95.16279,35.54959],[-95.160939,35.548244],[-95.160114,35.54792],[-95.159312,35.547313],[-95.158244,35.54708],[-95.150836,35.543868],[-95.146493,35.54227],[-95.143418,35.540489],[-95.141048,35.538692],[-95.140998,35.538387],[-95.139997,35.537063],[-95.137237,35.534297],[-95.132308,35.530223],[-95.131078,35.528957],[-95.130693,35.528934],[-95.130122,35.528472],[-95.12676,35.525131],[-95.126489,35.524547],[-95.125966,35.524722],[-95.125344,35.524448],[-95.124972,35.523788],[-95.12543,35.524112],[-95.125569,35.523914],[-95.125375,35.52267],[-95.124232,35.521064],[-95.124158,35.520728],[-95.122134,35.517368],[-95.121253,35.513149],[-95.120242,35.510543],[-95.119451,35.509849],[-95.119062,35.509082],[-95.119035,35.508678],[-95.118516,35.50785],[-95.117828,35.507404],[-95.116077,35.505771],[-95.115682,35.505016],[-95.114101,35.503295],[-95.114038,35.503032],[-95.111632,35.501388],[-95.105189,35.497531],[-95.103782,35.498267],[-95.101085,35.498863],[-95.100305,35.499244],[-95.098376,35.499778],[-95.098193,35.500026],[-95.096912,35.500587],[-95.095273,35.499069],[-95.096837,35.498515],[-95.098142,35.497367],[-95.098598,35.496742],[-95.098832,35.49607],[-95.098842,35.495151],[-95.098455,35.493053],[-95.098977,35.49261],[-95.098668,35.492275],[-95.09888,35.49176],[-95.0988,35.491554],[-95.099216,35.491176],[-95.099822,35.491267],[-95.100345,35.491016],[-95.098748,35.489349],[-95.098848,35.489822],[-95.099261,35.490176],[-95.099479,35.490825],[-95.098891,35.490661],[-95.098487,35.491245],[-95.098579,35.491557],[-95.098302,35.491718],[-95.098518,35.491882],[-95.098161,35.491748],[-95.098285,35.492248],[-95.098468,35.492217],[-95.098504,35.492484],[-95.098718,35.492599],[-95.098407,35.492816],[-95.097282,35.490226],[-95.09694,35.490093],[-95.096603,35.489501],[-95.096227,35.489276],[-95.096414,35.489288],[-95.09625,35.488784],[-95.095664,35.48809],[-95.095107,35.48793],[-95.095096,35.487705],[-95.09429,35.486749],[-95.0913,35.488961],[-95.084716,35.485109],[-95.076934,35.482579],[-95.071853,35.482408],[-95.06346,35.480768],[-95.056716,35.480088],[-95.050597,35.478067],[-95.046111,35.477464],[-95.045615,35.476083],[-95.043502,35.473287],[-95.041854,35.472326],[-95.034568,35.471174],[-95.032355,35.470189],[-95.030196,35.468297],[-95.026649,35.460458],[-95.024558,35.457208],[-95.022323,35.456678],[-95.016112,35.456468],[-95.009811,35.458074],[-95.001182,35.460962],[-95.00064,35.461747],[-94.991996,35.460599],[-94.982673,35.45337],[-94.97985,35.44972],[-94.974952,35.449731],[-94.974952,35.454248],[-94.956122,35.454099],[-94.951578,35.449067],[-94.950824,35.448776],[-94.950652,35.448509],[-94.949328,35.448047],[-94.947118,35.446517],[-94.946204,35.446567],[-94.946126,35.44588],[-94.942256,35.443942],[-94.941203,35.443256],[-94.94077,35.442485],[-94.940883,35.442317],[-94.940637,35.442333],[-94.940448,35.442153],[-94.939323,35.440707],[-94.938132,35.440204],[-94.937751,35.439449],[-94.937039,35.438716],[-94.935973,35.438007],[-94.935689,35.437454],[-94.935607,35.436799],[-94.932372,35.437261],[-94.928893,35.438958],[-94.922545,35.441465],[-94.917205,35.446279],[-94.915343,35.449395],[-94.911811,35.451997],[-94.907867,35.45186],[-94.905631,35.451329],[-94.904822,35.445394],[-94.911368,35.439264],[-94.916099,35.435338],[-94.917342,35.433107],[-94.916923,35.430955],[-94.931491,35.426811],[-94.931411,35.426563],[-94.93089,35.426315],[-94.931024,35.426292],[-94.931066,35.42604],[-94.93086,35.425464],[-94.930656,35.425475],[-94.930593,35.425136],[-94.931026,35.424251],[-94.930345,35.42295],[-94.929694,35.422427],[-94.92969,35.421718],[-94.929366,35.421474],[-94.92917,35.420825],[-94.928891,35.420753],[-94.9287,35.421146],[-94.9283,35.421119],[-94.928023,35.421298],[-94.927358,35.420757],[-94.926801,35.420802],[-94.926621,35.420551],[-94.925267,35.420028],[-94.927672,35.419955],[-94.927995,35.41962],[-94.926766,35.415157],[-94.926475,35.413326],[-94.926642,35.412231],[-94.926536,35.412158],[-94.926707,35.411956],[-94.926665,35.411578],[-94.92682,35.411269],[-94.926702,35.411189],[-94.926841,35.411117],[-94.926908,35.410434],[-94.927041,35.410316],[-94.926976,35.410026],[-94.927299,35.409499],[-94.927287,35.409011],[-94.927671,35.408218],[-94.927537,35.408145],[-94.927629,35.407909],[-94.927793,35.407863],[-94.928079,35.407218],[-94.927947,35.406875],[-94.928319,35.406413],[-94.927966,35.406322],[-94.927972,35.406646],[-94.927293,35.406871],[-94.927081,35.406711],[-94.926156,35.406669],[-94.926091,35.406459],[-94.925958,35.406703],[-94.925672,35.406673],[-94.925704,35.406871],[-94.925431,35.40697],[-94.92501,35.406478],[-94.924861,35.406848],[-94.924529,35.406833],[-94.924344,35.406989],[-94.924106,35.406764],[-94.92401,35.406947],[-94.92348,35.406867],[-94.92349,35.406764],[-94.922801,35.406955],[-94.922627,35.406677],[-94.921496,35.407027],[-94.920718,35.406821],[-94.920171,35.40636],[-94.919265,35.406368],[-94.918481,35.405818],[-94.918,35.405792],[-94.917983,35.405612],[-94.917708,35.405887],[-94.917956,35.406429],[-94.91793,35.406894],[-94.918613,35.40771],[-94.91838,35.407878],[-94.918723,35.40826],[-94.918752,35.408557],[-94.919509,35.409206],[-94.919435,35.409499],[-94.919591,35.409831],[-94.921016,35.410514],[-94.922456,35.41167],[-94.92323,35.413352],[-94.924132,35.414275],[-94.924151,35.41452],[-94.92475,35.415199],[-94.924724,35.415653],[-94.925286,35.416732],[-94.925046,35.417106],[-94.924739,35.417251],[-94.924855,35.417423],[-94.924672,35.417594],[-94.924954,35.417445],[-94.925414,35.41796],[-94.925765,35.417846],[-94.926152,35.417983],[-94.926581,35.418521],[-94.92731,35.41896],[-94.927667,35.418906],[-94.927678,35.418666],[-94.927897,35.419471],[-94.9278,35.419627],[-94.927146,35.41983],[-94.925191,35.419757],[-94.924785,35.419925],[-94.924335,35.41986],[-94.924415,35.419738],[-94.92413,35.419524],[-94.923379,35.419379],[-94.923015,35.41907],[-94.922271,35.41883],[-94.921727,35.418262],[-94.921325,35.418109],[-94.920268,35.416938],[-94.920074,35.41603],[-94.920283,35.415183],[-94.918592,35.414996],[-94.917787,35.414409],[-94.917678,35.414157],[-94.917066,35.414119],[-94.915481,35.413539],[-94.915105,35.413192],[-94.913388,35.412326],[-94.912904,35.411811],[-94.911962,35.411746],[-94.911748,35.411678],[-94.911611,35.411399],[-94.911445,35.411491],[-94.910588,35.411254],[-94.909684,35.409503],[-94.908542,35.408542],[-94.90825,35.408084],[-94.906976,35.407165],[-94.906396,35.40639],[-94.904973,35.405376],[-94.904506,35.40472],[-94.902406,35.403335],[-94.900203,35.40137],[-94.899373,35.400462],[-94.899112,35.399764],[-94.898311,35.39857],[-94.897265,35.398212],[-94.895116,35.39709],[-94.893613,35.39603],[-94.890508,35.394256],[-94.889276,35.393367],[-94.889026,35.392982],[-94.888768,35.392921],[-94.886785,35.390472],[-94.88765,35.388068],[-94.887519,35.387443],[-94.887599,35.386913],[-94.887206,35.386253],[-94.886432,35.38557],[-94.88556,35.385223],[-94.884608,35.384261],[-94.883943,35.383853],[-94.883637,35.38298],[-94.883416,35.382831],[-94.883554,35.381965],[-94.883172,35.381511],[-94.883613,35.381187],[-94.883384,35.380367],[-94.883073,35.380145],[-94.883414,35.38],[-94.882934,35.378818],[-94.883054,35.378536],[-94.882928,35.378154],[-94.88313,35.378108],[-94.8831,35.377944],[-94.880773,35.375587],[-94.880036,35.375415],[-94.878993,35.375537],[-94.878474,35.375415],[-94.876683,35.375774],[-94.8761,35.376277],[-94.875596,35.376014],[-94.87501,35.376109],[-94.874393,35.376735],[-94.873866,35.376979],[-94.874045,35.377349],[-94.873746,35.377601],[-94.873034,35.37749],[-94.872935,35.376811],[-94.86984,35.376899],[-94.868482,35.377849],[-94.868196,35.378227],[-94.868196,35.378829],[-94.868684,35.379279],[-94.868709,35.379611],[-94.869115,35.380107],[-94.869819,35.379955],[-94.870402,35.380447],[-94.870166,35.381393],[-94.870214,35.381614],[-94.870458,35.381744],[-94.870427,35.382037],[-94.870679,35.382129],[-94.870706,35.382438],[-94.869992,35.383743],[-94.869945,35.384074],[-94.870156,35.384547],[-94.870925,35.385051],[-94.872708,35.385658],[-94.874944,35.38573],[-94.875426,35.387344],[-94.875718,35.387645],[-94.87552,35.387859],[-94.874593,35.388049],[-94.874501,35.388335],[-94.873851,35.38861],[-94.873408,35.38911],[-94.873103,35.390441],[-94.873269,35.390971],[-94.873206,35.391654],[-94.870244,35.393806],[-94.868831,35.394557],[-94.86826,35.395129],[-94.866769,35.397269],[-94.865176,35.400588],[-94.864562,35.401267],[-94.865169,35.40142],[-94.866818,35.400375],[-94.867291,35.400214],[-94.867526,35.40047],[-94.868388,35.400016],[-94.869552,35.401775],[-94.869666,35.402202],[-94.868999,35.402705],[-94.868831,35.404369],[-94.867791,35.405925],[-94.865933,35.406646],[-94.865247,35.407203],[-94.865058,35.40768],[-94.864749,35.407596],[-94.864039,35.40779],[-94.863992,35.408012],[-94.862393,35.409168],[-94.861882,35.409267],[-94.861531,35.409602],[-94.859906,35.410354],[-94.857909,35.410381],[-94.856269,35.410049],[-94.854497,35.40929],[-94.853082,35.408386],[-94.851428,35.407657],[-94.850568,35.407031],[-94.850215,35.40705],[-94.849833,35.406642],[-94.847417,35.406719],[-94.846011,35.407192],[-94.845866,35.407367],[-94.845181,35.407501],[-94.841907,35.405013],[-94.843375,35.404666],[-94.844924,35.404804],[-94.846442,35.404678],[-94.847716,35.404323],[-94.847951,35.404125],[-94.848268,35.403686],[-94.848136,35.403239],[-94.848304,35.403064],[-94.849084,35.403011],[-94.849313,35.403579],[-94.850392,35.403507],[-94.851325,35.403072],[-94.851445,35.402641],[-94.851777,35.402301],[-94.852017,35.402419],[-94.851878,35.402919],[-94.852298,35.403159],[-94.854524,35.402457],[-94.854735,35.402011],[-94.855081,35.402126],[-94.856051,35.401637],[-94.857102,35.401603],[-94.85719,35.401092],[-94.856971,35.400161],[-94.856742,35.399905],[-94.855395,35.399478],[-94.854735,35.397956],[-94.854524,35.39701],[-94.853951,35.396079],[-94.854512,35.394069],[-94.8548,35.393794],[-94.85563,35.393531],[-94.856101,35.393787],[-94.857066,35.393989],[-94.857932,35.393848],[-94.859551,35.393882],[-94.86152,35.393203],[-94.861932,35.392745],[-94.862233,35.392715],[-94.862241,35.392524],[-94.862582,35.392471],[-94.862451,35.391135],[-94.861909,35.390296],[-94.86197,35.389484],[-94.861732,35.389217],[-94.861629,35.38874],[-94.860534,35.387904],[-94.859107,35.387618],[-94.858083,35.3871],[-94.858094,35.386676],[-94.857713,35.385692],[-94.858033,35.384883],[-94.856507,35.383575],[-94.853726,35.382304],[-94.853515,35.381965],[-94.853009,35.38195],[-94.852475,35.382369],[-94.851855,35.382213],[-94.85101,35.381362],[-94.849004,35.380702],[-94.84747,35.37992],[-94.846732,35.379142],[-94.846581,35.37844],[-94.846223,35.377853],[-94.845532,35.377547],[-94.845555,35.377143],[-94.846471,35.376933],[-94.846034,35.375804],[-94.845332,35.375159],[-94.844962,35.375057],[-94.844663,35.375907],[-94.844031,35.375869],[-94.843883,35.375556],[-94.843944,35.375163],[-94.843638,35.374557],[-94.84376,35.374114],[-94.842826,35.373424],[-94.842372,35.373321],[-94.840198,35.373622],[-94.838283,35.372367],[-94.836846,35.372047],[-94.836272,35.371749],[-94.831918,35.371524],[-94.831758,35.371211],[-94.831464,35.371085],[-94.830647,35.371379],[-94.828591,35.37104],[-94.827172,35.371558],[-94.827067,35.371738],[-94.827165,35.3721],[-94.826571,35.372367],[-94.826556,35.372859],[-94.826262,35.373168],[-94.826423,35.373412],[-94.826121,35.374049],[-94.826268,35.37413],[-94.826135,35.374164],[-94.826222,35.374301],[-94.826072,35.374301],[-94.82603,35.374599],[-94.826184,35.374645],[-94.8264,35.375316],[-94.826276,35.375613],[-94.826581,35.375644],[-94.826308,35.375743],[-94.826169,35.376144],[-94.826701,35.376315],[-94.826053,35.376594],[-94.825788,35.377765],[-94.825625,35.37746],[-94.825242,35.377685],[-94.825467,35.377197],[-94.825267,35.377139],[-94.825446,35.377063],[-94.825503,35.376624],[-94.82528,35.376502],[-94.825368,35.376182],[-94.824882,35.375224],[-94.825025,35.37514],[-94.824973,35.374473],[-94.824622,35.374328],[-94.82307,35.374099],[-94.823094,35.374389],[-94.822677,35.374385],[-94.822333,35.374694],[-94.821414,35.374767],[-94.821549,35.374908],[-94.821477,35.375049],[-94.821261,35.374904],[-94.820952,35.375098],[-94.820386,35.375125],[-94.819913,35.375598],[-94.820067,35.375362],[-94.819957,35.375221],[-94.820188,35.37524],[-94.820365,35.374843],[-94.821279,35.374641],[-94.821334,35.374286],[-94.821731,35.374149],[-94.821643,35.373885],[-94.822093,35.373977],[-94.822936,35.373077],[-94.823907,35.372829],[-94.824325,35.372409],[-94.824388,35.372104],[-94.823358,35.371536],[-94.821118,35.371497],[-94.820662,35.371631],[-94.820489,35.371524],[-94.819871,35.372077],[-94.818583,35.37236],[-94.817897,35.372062],[-94.817798,35.372157],[-94.817525,35.371894],[-94.817037,35.371837],[-94.817027,35.371677],[-94.816781,35.371642],[-94.816916,35.371249],[-94.817328,35.371505],[-94.817441,35.371406],[-94.817801,35.371585],[-94.818208,35.37152],[-94.81832,35.371654],[-94.81887,35.371597],[-94.818892,35.3717],[-94.820083,35.370734],[-94.821362,35.3703],[-94.82207,35.370269],[-94.82235,35.369975],[-94.824845,35.369834],[-94.824998,35.370116],[-94.825238,35.370136],[-94.826825,35.369106],[-94.827952,35.369247],[-94.82865,35.369167],[-94.828809,35.368278],[-94.829419,35.368205],[-94.829663,35.368747],[-94.830569,35.368324],[-94.832345,35.368633],[-94.832507,35.368518],[-94.832095,35.368156],[-94.831864,35.368362],[-94.831286,35.368346],[-94.829143,35.36626],[-94.828958,35.366298],[-94.828998,35.366508],[-94.828717,35.366798],[-94.828078,35.366767],[-94.82759,35.366504],[-94.827384,35.365924],[-94.828114,35.365077],[-94.827918,35.364707],[-94.827655,35.364703],[-94.827334,35.365073],[-94.826177,35.365588],[-94.825946,35.365787],[-94.82591,35.366157],[-94.825738,35.366027],[-94.824733,35.365978],[-94.824189,35.366317],[-94.824132,35.366542],[-94.823798,35.366401],[-94.824069,35.366035],[-94.824014,35.36555],[-94.822761,35.365642],[-94.822541,35.365886],[-94.82244,35.365501],[-94.822564,35.365325],[-94.822255,35.36502],[-94.821334,35.364932],[-94.820888,35.365062],[-94.820844,35.364906],[-94.820228,35.36481],[-94.820895,35.364768],[-94.821147,35.364345],[-94.822055,35.364433],[-94.822238,35.364227],[-94.822558,35.364524],[-94.822991,35.364612],[-94.823251,35.364391],[-94.823548,35.364753],[-94.824861,35.364745],[-94.824885,35.364425],[-94.82459,35.364066],[-94.824624,35.363582],[-94.824044,35.363193],[-94.824174,35.362968],[-94.825147,35.363116],[-94.825538,35.363288],[-94.825763,35.363647],[-94.826547,35.363689],[-94.826756,35.363509],[-94.826549,35.362773],[-94.827105,35.362434],[-94.826985,35.362304],[-94.826129,35.362296],[-94.825982,35.361926],[-94.826262,35.361709],[-94.826638,35.361697],[-94.826764,35.361419],[-94.826961,35.361453],[-94.826831,35.36042],[-94.826354,35.360198],[-94.826255,35.359969],[-94.826365,35.35966],[-94.82664,35.359721],[-94.826657,35.358596],[-94.826383,35.358268],[-94.826331,35.358466],[-94.825561,35.358859],[-94.824887,35.358894],[-94.824655,35.358703],[-94.824437,35.358039],[-94.825999,35.35704],[-94.826287,35.356635],[-94.826507,35.356624],[-94.827115,35.355735],[-94.82721,35.355209],[-94.827685,35.354957],[-94.827502,35.354518],[-94.827807,35.354049],[-94.826463,35.352527],[-94.826341,35.351875],[-94.825921,35.351169],[-94.82525,35.350631],[-94.823976,35.350909],[-94.823365,35.350845],[-94.822682,35.351157],[-94.819211,35.351905],[-94.816113,35.352081],[-94.814105,35.352657],[-94.813838,35.352947],[-94.812652,35.352576],[-94.811624,35.35266],[-94.808669,35.352306],[-94.806945,35.352485],[-94.805465,35.352153],[-94.803597,35.352149],[-94.803159,35.352329],[-94.801522,35.352512],[-94.800446,35.352161],[-94.798966,35.352111],[-94.79699,35.352336],[-94.795808,35.352737],[-94.794885,35.352477],[-94.793794,35.352618],[-94.792577,35.352824],[-94.792521,35.352977],[-94.792117,35.353091],[-94.791055,35.353141],[-94.790914,35.353336],[-94.790181,35.353286],[-94.789216,35.353534],[-94.787822,35.353557],[-94.787213,35.353862],[-94.785415,35.353824],[-94.784331,35.354228],[-94.784163,35.354549],[-94.783755,35.354717],[-94.782908,35.354347],[-94.782124,35.353278],[-94.781753,35.352229],[-94.781543,35.351085],[-94.781701,35.348983],[-94.781615,35.348365],[-94.780126,35.349181],[-94.778962,35.347858],[-94.779473,35.347678],[-94.778531,35.348087],[-94.778291,35.347812],[-94.780438,35.346519],[-94.778787,35.347522],[-94.778335,35.347625],[-94.775205,35.344043],[-94.775491,35.343543],[-94.778869,35.341659],[-94.779817,35.34101],[-94.779889,35.340812],[-94.779569,35.34053],[-94.777493,35.341708],[-94.776671,35.341094],[-94.776162,35.340175],[-94.775161,35.339683],[-94.774968,35.339275],[-94.774997,35.338702],[-94.775504,35.338046],[-94.776473,35.337745],[-94.777877,35.337665],[-94.778485,35.337409],[-94.779414,35.33744],[-94.780425,35.336974],[-94.781171,35.336417],[-94.786332,35.335037],[-94.788747,35.333354],[-94.789119,35.332408],[-94.789302,35.330997],[-94.789292,35.330329],[-94.78902,35.32952],[-94.789231,35.328967],[-94.789048,35.32878],[-94.789164,35.328346],[-94.78778,35.326919],[-94.788022,35.326507],[-94.788341,35.326415],[-94.788573,35.326133],[-94.788247,35.325809],[-94.788236,35.325481],[-94.788775,35.324477],[-94.789393,35.324485],[-94.790225,35.324119],[-94.791018,35.324386],[-94.791318,35.324355],[-94.791327,35.324203],[-94.79116,35.324031],[-94.790935,35.324149],[-94.790147,35.323982],[-94.788968,35.322967],[-94.788283,35.32281],[-94.788098,35.322173],[-94.787818,35.321895],[-94.787364,35.321922],[-94.786733,35.321697],[-94.785783,35.322276],[-94.785605,35.322475],[-94.785672,35.322788],[-94.785289,35.323013],[-94.785359,35.322826],[-94.785117,35.32254],[-94.785178,35.322147],[-94.785432,35.321822],[-94.785386,35.321498],[-94.785047,35.321326],[-94.784781,35.320483],[-94.783221,35.319968],[-94.782657,35.31993],[-94.782428,35.320106],[-94.782567,35.319919],[-94.782456,35.319759],[-94.782121,35.319785],[-94.7816,35.31948],[-94.781505,35.319152],[-94.781728,35.318492],[-94.781331,35.318256],[-94.781074,35.318435],[-94.781138,35.318214],[-94.780654,35.318217],[-94.780972,35.318553],[-94.780774,35.31858],[-94.780467,35.318469],[-94.780219,35.31797],[-94.779456,35.318282],[-94.779393,35.318408],[-94.779578,35.318584],[-94.779258,35.318752],[-94.778556,35.318588],[-94.778499,35.318164],[-94.777976,35.318023],[-94.780166,35.317088],[-94.781714,35.317302],[-94.781821,35.317432],[-94.783143,35.317424],[-94.783355,35.317802],[-94.784974,35.318443],[-94.785842,35.31845],[-94.786725,35.318832],[-94.787002,35.318607],[-94.787057,35.319503],[-94.787673,35.319698],[-94.788863,35.319606],[-94.789588,35.319808],[-94.790122,35.319679],[-94.790261,35.31935],[-94.790471,35.319289],[-94.791322,35.319389],[-94.791194,35.31972],[-94.791182,35.319473],[-94.791041,35.319503],[-94.790971,35.32075],[-94.793879,35.322013],[-94.795352,35.322284],[-94.795905,35.322166],[-94.796155,35.321853],[-94.796866,35.321952],[-94.79725,35.321441],[-94.797513,35.321426],[-94.79782,35.321738],[-94.797694,35.322433],[-94.797162,35.322681],[-94.797088,35.322898],[-94.797492,35.323066],[-94.798041,35.322986],[-94.798068,35.323253],[-94.798718,35.323459],[-94.79893,35.323753],[-94.799979,35.324088],[-94.812022,35.322063],[-94.812262,35.321895],[-94.812333,35.321578],[-94.812116,35.32125],[-94.81211,35.32072],[-94.811971,35.320464],[-94.811391,35.320388],[-94.811221,35.320152],[-94.811318,35.319919],[-94.811746,35.319858],[-94.812457,35.31919],[-94.812322,35.319083],[-94.812381,35.318927],[-94.812745,35.318874],[-94.813039,35.319495],[-94.813771,35.319457],[-94.814221,35.319835],[-94.814097,35.32027],[-94.81449,35.320914],[-94.815982,35.321368],[-94.816136,35.321513],[-94.816068,35.321841],[-94.816855,35.321746],[-94.81783,35.322116],[-94.818873,35.322841],[-94.818953,35.323459],[-94.819356,35.323711],[-94.821069,35.323844],[-94.823897,35.324424],[-94.8234,35.32392],[-94.82404,35.323673],[-94.823342,35.322898],[-94.822497,35.322494],[-94.821412,35.322395],[-94.820935,35.322097],[-94.820922,35.321895],[-94.821235,35.321712],[-94.822011,35.321632],[-94.823224,35.32188],[-94.82389,35.321738],[-94.824563,35.321265],[-94.824002,35.321044],[-94.824229,35.320785],[-94.824176,35.320422],[-94.823623,35.320224],[-94.823016,35.319614],[-94.821818,35.319225],[-94.821841,35.318996],[-94.822152,35.318946],[-94.821771,35.318538],[-94.822164,35.318435],[-94.822284,35.31821],[-94.82195,35.31787],[-94.820729,35.317615],[-94.820428,35.317287],[-94.820857,35.316348],[-94.819806,35.315322],[-94.821128,35.314235],[-94.821555,35.314441],[-94.82307,35.314075],[-94.824317,35.314491],[-94.824763,35.314265],[-94.825145,35.314521],[-94.825152,35.31433],[-94.82537,35.314197],[-94.825566,35.314536],[-94.825562,35.314277],[-94.825788,35.314216],[-94.825961,35.314254],[-94.826014,35.314639],[-94.826261,35.314586],[-94.826474,35.314834],[-94.825746,35.315402],[-94.825446,35.316406],[-94.825608,35.316577],[-94.825234,35.316993],[-94.825305,35.317229],[-94.82462,35.317546],[-94.825568,35.318092],[-94.826276,35.318092],[-94.826735,35.318427],[-94.826159,35.318553],[-94.825608,35.319049],[-94.825959,35.319427],[-94.826371,35.319598],[-94.826505,35.32006],[-94.825828,35.320544],[-94.825578,35.320987],[-94.826026,35.321567],[-94.825744,35.321941],[-94.825791,35.322234],[-94.826726,35.322398],[-94.826989,35.32273],[-94.826819,35.323028],[-94.824824,35.323608],[-94.824859,35.323726],[-94.825711,35.323886],[-94.828109,35.323528],[-94.827733,35.323112],[-94.827842,35.322257],[-94.829625,35.320007],[-94.832011,35.318885],[-94.833005,35.319179],[-94.833327,35.319438],[-94.833047,35.320102],[-94.833005,35.320758],[-94.833493,35.321174],[-94.832562,35.32384],[-94.831662,35.324786],[-94.831977,35.32553],[-94.831994,35.326087],[-94.831735,35.326469],[-94.831315,35.326423],[-94.831353,35.327445],[-94.831807,35.327823],[-94.83398,35.327663],[-94.836287,35.327018],[-94.838649,35.326896],[-94.842059,35.326968],[-94.84266,35.326793],[-94.843966,35.326854],[-94.845145,35.326644],[-94.847104,35.326778],[-94.847592,35.326644],[-94.848372,35.326152],[-94.848464,35.325912],[-94.848741,35.325946],[-94.849004,35.325736],[-94.849734,35.326225],[-94.85048,35.326465],[-94.850711,35.326728],[-94.851569,35.326778],[-94.853314,35.327827],[-94.853398,35.32814],[-94.85423,35.328136],[-94.854981,35.328479],[-94.857318,35.327953],[-94.857753,35.327586],[-94.857968,35.327663],[-94.85843,35.327453],[-94.858954,35.327445],[-94.85979,35.327792],[-94.860169,35.328513],[-94.860072,35.328777],[-94.860238,35.328895],[-94.865014,35.328502],[-94.865756,35.328288],[-94.867024,35.328269],[-94.874269,35.327377],[-94.879199,35.32756],[-94.88491,35.328719],[-94.885631,35.329189],[-94.886384,35.328956],[-94.887765,35.328956],[-94.891788,35.329311],[-94.894643,35.328971],[-94.896617,35.328399],[-94.896737,35.32767],[-94.897847,35.32682],[-94.898149,35.326415],[-94.896596,35.325797],[-94.896459,35.326057],[-94.896075,35.3259],[-94.895843,35.325587],[-94.895928,35.325248],[-94.895179,35.324619],[-94.894683,35.324474],[-94.893645,35.324626],[-94.893703,35.324828],[-94.893437,35.324893],[-94.893329,35.324771],[-94.893302,35.324992],[-94.893086,35.32513],[-94.892848,35.324802],[-94.892713,35.325381],[-94.892549,35.325359],[-94.89235,35.325206],[-94.892356,35.324764],[-94.89272,35.324336],[-94.893176,35.32431],[-94.895398,35.323211],[-94.897676,35.322826],[-94.898238,35.322982],[-94.898898,35.322803],[-94.899879,35.322364],[-94.900521,35.321593],[-94.901391,35.321422],[-94.901845,35.321067],[-94.902284,35.320953],[-94.902371,35.321075],[-94.902114,35.32125],[-94.902335,35.321426],[-94.902038,35.321571],[-94.90158,35.322253],[-94.901992,35.323573],[-94.901143,35.324638],[-94.902299,35.324535],[-94.903985,35.324016],[-94.904492,35.324111],[-94.904607,35.324252],[-94.904456,35.324344],[-94.905538,35.32392],[-94.907969,35.322265],[-94.908814,35.32138],[-94.909101,35.320834],[-94.909072,35.32072],[-94.908574,35.320956],[-94.908231,35.320804],[-94.907937,35.320186],[-94.90805,35.319694],[-94.907647,35.319648],[-94.907792,35.319068],[-94.908465,35.31832],[-94.908658,35.318301],[-94.909369,35.317619],[-94.910636,35.316943],[-94.912698,35.316543],[-94.912477,35.315646],[-94.912782,35.315383],[-94.91306,35.31549],[-94.913365,35.315307],[-94.913455,35.314891],[-94.913297,35.314594],[-94.913878,35.313998],[-94.913856,35.313777],[-94.914031,35.313621],[-94.915423,35.313331],[-94.916503,35.312782],[-94.916892,35.312728],[-94.917331,35.312911],[-94.918002,35.312759],[-94.918195,35.312385],[-94.918962,35.312316],[-94.91966,35.311877],[-94.921172,35.310512],[-94.922023,35.310115],[-94.922376,35.309783],[-94.922338,35.30944],[-94.922881,35.309192],[-94.923753,35.307895],[-94.923749,35.307601],[-94.924544,35.30672],[-94.925229,35.304881],[-94.925616,35.302978],[-94.92467,35.303886],[-94.924045,35.304183],[-94.922297,35.305755],[-94.921741,35.306037],[-94.92126,35.306636],[-94.920709,35.306842],[-94.921044,35.306632],[-94.920653,35.306247],[-94.920867,35.306186],[-94.9215,35.305377],[-94.921292,35.304839],[-94.920856,35.304881],[-94.920897,35.304534],[-94.921603,35.304305],[-94.921334,35.303569],[-94.921601,35.30371],[-94.921958,35.303477],[-94.921731,35.302673],[-94.920972,35.301608],[-94.921296,35.301494],[-94.920989,35.300838],[-94.92129,35.299411],[-94.921506,35.299209],[-94.921601,35.298797],[-94.921618,35.297569],[-94.920909,35.296809],[-94.920579,35.296104],[-94.919223,35.295139],[-94.919244,35.294475],[-94.918426,35.294021],[-94.918567,35.293456],[-94.918256,35.293304],[-94.91817,35.29251],[-94.918353,35.291854],[-94.917815,35.29129],[-94.917665,35.290782],[-94.917371,35.290611],[-94.917398,35.289668],[-94.916045,35.28934],[-94.916104,35.288036],[-94.917996,35.286971],[-94.918084,35.286254],[-94.91846,35.286117],[-94.918395,35.286353],[-94.918839,35.286941],[-94.919108,35.287852],[-94.919475,35.287704],[-94.919902,35.287952],[-94.91974,35.288116],[-94.919795,35.288722],[-94.920184,35.288963],[-94.920449,35.289577],[-94.921081,35.290076],[-94.921283,35.291095],[-94.921744,35.291908],[-94.922034,35.292136],[-94.921987,35.292281],[-94.923854,35.29341],[-94.92563,35.293708],[-94.928927,35.295814],[-94.932012,35.298106],[-94.932567,35.297981],[-94.932652,35.297748],[-94.932523,35.297557],[-94.929084,35.295619],[-94.926826,35.294177],[-94.92682,35.293971],[-94.927896,35.293639],[-94.928164,35.293254],[-94.928035,35.293002],[-94.928391,35.292751],[-94.928411,35.292957],[-94.928828,35.293246],[-94.929324,35.293243],[-94.930076,35.292888],[-94.9306,35.292434],[-94.93094,35.291846],[-94.93138,35.291801],[-94.931392,35.291572],[-94.931676,35.291415],[-94.932078,35.291614],[-94.93221,35.292407],[-94.932744,35.291919],[-94.93402,35.291923],[-94.934463,35.29293],[-94.934796,35.29251],[-94.935245,35.292472],[-94.936105,35.291831],[-94.936942,35.290935],[-94.938172,35.289035],[-94.937823,35.289191],[-94.936849,35.290336],[-94.9364,35.290569],[-94.93613,35.290485],[-94.936248,35.29],[-94.935706,35.289729],[-94.935903,35.288886],[-94.936185,35.288585],[-94.936555,35.288528],[-94.93654,35.287605],[-94.936862,35.287334],[-94.937182,35.287387],[-94.937282,35.286929],[-94.937095,35.286643],[-94.937243,35.286044],[-94.937926,35.285423],[-94.939023,35.285354],[-94.93912,35.285136],[-94.939439,35.285163],[-94.939538,35.284953],[-94.940316,35.284652],[-94.940732,35.284766],[-94.941035,35.284633],[-94.941142,35.284293],[-94.940864,35.28387],[-94.94098,35.283328],[-94.942595,35.281562],[-94.942788,35.281539],[-94.94288,35.280399],[-94.94312,35.280036],[-94.943812,35.279929],[-94.94637,35.281654],[-94.946448,35.281909],[-94.946776,35.281814],[-94.949229,35.282569],[-94.949451,35.28255],[-94.949672,35.282279],[-94.949426,35.281982],[-94.947282,35.281367],[-94.947278,35.281024],[-94.946189,35.280868],[-94.944377,35.279666],[-94.942527,35.277454],[-94.941525,35.275783],[-94.941482,35.275253],[-94.940749,35.274699],[-94.940429,35.274024],[-94.940188,35.274001],[-94.939929,35.273341],[-94.939639,35.273193],[-94.939418,35.272636],[-94.93887,35.272151],[-94.938676,35.271709],[-94.938691,35.271583],[-94.939069,35.271487],[-94.940024,35.271503],[-94.941281,35.272117],[-94.942294,35.2723],[-94.942945,35.271915],[-94.942754,35.271457],[-94.942269,35.271587],[-94.941567,35.2714],[-94.941079,35.271476],[-94.940499,35.271213],[-94.940925,35.271243],[-94.941394,35.270862],[-94.94181,35.270896],[-94.942336,35.270385],[-94.942811,35.269588],[-94.942864,35.268798],[-94.943643,35.267894],[-94.94365,35.267699],[-94.942992,35.267131],[-94.941922,35.266902],[-94.9427,35.266124],[-94.942626,35.265811],[-94.944173,35.264655],[-94.944747,35.264835],[-94.946124,35.264678],[-94.946349,35.264754],[-94.947553,35.267074],[-94.946687,35.265125],[-94.947534,35.265639],[-94.94752,35.265884],[-94.947707,35.266002],[-94.949382,35.266116],[-94.949765,35.266586],[-94.950343,35.266818],[-94.950545,35.267127],[-94.951573,35.26752],[-94.951623,35.267703],[-94.952115,35.267966],[-94.952502,35.267799],[-94.952338,35.26741],[-94.952876,35.267154],[-94.953736,35.267272],[-94.954225,35.267577],[-94.954196,35.267932],[-94.954391,35.26834],[-94.95427,35.268844],[-94.953906,35.268867],[-94.954417,35.269027],[-94.954772,35.269515],[-94.954171,35.269962],[-94.953561,35.269691],[-94.952775,35.269618],[-94.952659,35.270152],[-94.952191,35.270629],[-94.95255,35.27172],[-94.953509,35.272437],[-94.952472,35.273433],[-94.952115,35.273978],[-94.952519,35.274699],[-94.952588,35.275195],[-94.95246,35.27571],[-94.952205,35.275714],[-94.952384,35.276084],[-94.95223,35.276653],[-94.953017,35.276515],[-94.953784,35.275687],[-94.954347,35.275512],[-94.954316,35.2751],[-94.954606,35.274986],[-94.954742,35.275138],[-94.955352,35.27452],[-94.955865,35.274551],[-94.955903,35.27476],[-94.956611,35.274497],[-94.959775,35.273036],[-94.960616,35.272445],[-94.961167,35.271613],[-94.961572,35.269954],[-94.961957,35.26926],[-94.962888,35.265968],[-94.963109,35.264667],[-94.962985,35.264373],[-94.962739,35.264259],[-94.961194,35.264548],[-94.960746,35.264213],[-94.960706,35.263442],[-94.961185,35.262523],[-94.960713,35.261249],[-94.959708,35.259601],[-94.959725,35.258044],[-94.960029,35.257796],[-94.960475,35.257915],[-94.960471,35.257701],[-94.962464,35.257903],[-94.965499,35.25843],[-94.969003,35.259311],[-94.969256,35.2592],[-94.96938,35.25883],[-94.969201,35.258601],[-94.968839,35.258506],[-94.959678,35.257293],[-94.959289,35.256541],[-94.959495,35.255958],[-94.958802,35.255584],[-94.958798,35.255153],[-94.958404,35.254913],[-94.958756,35.254398],[-94.958339,35.252979],[-94.958043,35.252692],[-94.957612,35.252589],[-94.956729,35.252719],[-94.955976,35.252555],[-94.955989,35.251147],[-94.956174,35.250167],[-94.95654,35.250034],[-94.957202,35.250182],[-94.957736,35.249454],[-94.957868,35.248992],[-94.958083,35.248862],[-94.958007,35.248622],[-94.958316,35.248611],[-94.959262,35.249381],[-94.959689,35.250083],[-94.961053,35.250014],[-94.960713,35.248702],[-94.960923,35.248546],[-94.96067,35.248328],[-94.960794,35.247993],[-94.960498,35.247508],[-94.961095,35.247764],[-94.961255,35.247668],[-94.960967,35.247264],[-94.961652,35.247607],[-94.962674,35.247398],[-94.964089,35.246169],[-94.964982,35.244857],[-94.965095,35.244262],[-94.965453,35.243961],[-94.965869,35.243198],[-94.965642,35.2424],[-94.964662,35.241248],[-94.965245,35.241367],[-94.965232,35.241058],[-94.965503,35.241027],[-94.965549,35.240825],[-94.966163,35.240928],[-94.966201,35.240379],[-94.96697,35.240306],[-94.967214,35.239963],[-94.967832,35.239658],[-94.969676,35.239494],[-94.970645,35.238937],[-94.971128,35.238929],[-94.971309,35.23878],[-94.971957,35.238921],[-94.971751,35.239108],[-94.971864,35.239536],[-94.972066,35.239574],[-94.972411,35.239398],[-94.972905,35.23854],[-94.97326,35.238467],[-94.972915,35.238986],[-94.973065,35.239219],[-94.972943,35.239505],[-94.973172,35.239631],[-94.973353,35.239471],[-94.973474,35.239711],[-94.973428,35.239932],[-94.973151,35.240066],[-94.973411,35.240211],[-94.973271,35.240585],[-94.972674,35.24076],[-94.971992,35.240619],[-94.97177,35.240752],[-94.972638,35.241214],[-94.973134,35.241233],[-94.97339,35.241519],[-94.9735,35.241256],[-94.973842,35.241244],[-94.974891,35.241748],[-94.976441,35.241824],[-94.976525,35.242053],[-94.975848,35.242351],[-94.975959,35.242522],[-94.975331,35.242847],[-94.974851,35.242648],[-94.97428,35.242137],[-94.973599,35.242],[-94.973138,35.242183],[-94.973231,35.24258],[-94.973159,35.242477],[-94.97281,35.242644],[-94.972251,35.242561],[-94.972119,35.24274],[-94.971843,35.242747],[-94.972175,35.242892],[-94.972186,35.242763],[-94.972428,35.243213],[-94.97302,35.243331],[-94.973804,35.243743],[-94.973327,35.243869],[-94.972831,35.243777],[-94.972234,35.243388],[-94.971927,35.243377],[-94.971437,35.243659],[-94.972158,35.244033],[-94.973743,35.244197],[-94.975635,35.243873],[-94.977019,35.242847],[-94.977914,35.24192],[-94.978946,35.241672],[-94.979791,35.241141],[-94.980319,35.240787],[-94.980229,35.24044],[-94.980388,35.240241],[-94.980811,35.24047],[-94.983615,35.238311],[-94.984956,35.237064],[-94.984656,35.235561],[-94.984717,35.234405],[-94.984578,35.234061],[-94.984996,35.233958],[-94.986707,35.231742],[-94.987594,35.231219],[-94.988193,35.231151],[-94.989114,35.231952],[-94.98969,35.230972],[-94.989463,35.230251],[-94.98953,35.229823],[-94.98985,35.22956],[-94.99051,35.229419],[-94.991191,35.227958],[-94.992013,35.225299],[-94.992559,35.222575],[-94.992095,35.220958],[-94.99248,35.220771],[-94.992913,35.22124],[-94.993421,35.221492],[-94.993972,35.222503],[-94.994016,35.223613],[-94.993266,35.226615],[-94.990493,35.231513],[-94.990548,35.232055],[-94.99038,35.232494],[-94.989932,35.23265],[-94.988362,35.234775],[-94.985898,35.237571],[-94.985946,35.237731],[-94.986226,35.237716],[-94.986623,35.238017],[-94.987113,35.238738],[-94.986943,35.239482],[-94.987206,35.239497],[-94.98729,35.239249],[-94.987323,35.239478],[-94.986976,35.239585],[-94.986869,35.239787],[-94.987578,35.240249],[-94.987868,35.240142],[-94.988616,35.240516],[-94.988801,35.240363],[-94.988616,35.240062],[-94.988729,35.239837],[-94.988996,35.239761],[-94.989211,35.238742],[-94.990027,35.238921],[-94.990172,35.239494],[-94.990348,35.238986],[-94.990726,35.239017],[-94.990724,35.238643],[-94.991019,35.238193],[-94.991914,35.237884],[-94.992082,35.23727],[-94.993596,35.236633],[-94.993669,35.237441],[-94.993289,35.237991],[-94.993512,35.238048],[-94.993537,35.23833],[-94.992412,35.239036],[-94.992284,35.239349],[-94.992497,35.239844],[-94.992244,35.239787],[-94.992164,35.239307],[-94.991813,35.239028],[-94.991618,35.23907],[-94.991759,35.239223],[-94.991464,35.239509],[-94.991355,35.239894],[-94.990943,35.239852],[-94.990781,35.239654],[-94.990665,35.239932],[-94.989484,35.24015],[-94.990016,35.240256],[-94.989505,35.240356],[-94.989373,35.240627],[-94.989482,35.240813],[-94.989999,35.240829],[-94.989896,35.240962],[-94.990182,35.241237],[-94.990596,35.241328],[-94.991521,35.241187],[-94.992078,35.241428],[-94.990081,35.241611],[-94.990459,35.242065],[-94.989015,35.241626],[-94.98907,35.242648],[-94.989793,35.242912],[-94.988832,35.243137],[-94.988261,35.242526],[-94.98833,35.241924],[-94.986836,35.241401],[-94.986665,35.241],[-94.986783,35.240688],[-94.986598,35.240379],[-94.986678,35.240001],[-94.986486,35.239875],[-94.986148,35.240089],[-94.985723,35.239803],[-94.985505,35.239906],[-94.985503,35.240276],[-94.985654,35.240707],[-94.985885,35.240829],[-94.985894,35.241309],[-94.985845,35.241531],[-94.985366,35.241889],[-94.983449,35.242053],[-94.982175,35.242919],[-94.981292,35.243098],[-94.980741,35.242976],[-94.979699,35.242343],[-94.978465,35.24311],[-94.978742,35.243255],[-94.979358,35.243037],[-94.979981,35.243087],[-94.980645,35.243304],[-94.980792,35.243644],[-94.981263,35.243716],[-94.981195,35.243827],[-94.981444,35.243987],[-94.981641,35.243861],[-94.981757,35.24409],[-94.982461,35.243957],[-94.982551,35.243713],[-94.982696,35.243884],[-94.982831,35.24372],[-94.983089,35.243751],[-94.983279,35.243457],[-94.983401,35.24361],[-94.983844,35.243392],[-94.983996,35.24351],[-94.984036,35.243346],[-94.985896,35.243285],[-94.987029,35.243755],[-94.988217,35.244685],[-94.988639,35.244693],[-94.988845,35.244861],[-94.989345,35.244575],[-94.989728,35.244792],[-94.989692,35.244933],[-94.989953,35.244929],[-94.990054,35.245357],[-94.989852,35.246307],[-94.989211,35.246551],[-94.989059,35.24689],[-94.987422,35.246642],[-94.987086,35.244933],[-94.986692,35.243961],[-94.984368,35.244361],[-94.983586,35.245357],[-94.983224,35.245467],[-94.982976,35.246036],[-94.982717,35.246055],[-94.982839,35.246589],[-94.981988,35.248454],[-94.982089,35.248954],[-94.981483,35.249046],[-94.981967,35.246375],[-94.981473,35.245403],[-94.981111,35.245147],[-94.980392,35.245162],[-94.979297,35.24435],[-94.978519,35.24401],[-94.977147,35.244151],[-94.976544,35.244941],[-94.976325,35.244659],[-94.975818,35.245403],[-94.975429,35.245597],[-94.97425,35.247356],[-94.973805,35.24834],[-94.973838,35.248645],[-94.973565,35.248897],[-94.97277,35.251632],[-94.972888,35.251804],[-94.97364,35.251636],[-94.97462,35.250926],[-94.974824,35.250541],[-94.974793,35.250091],[-94.974164,35.249675],[-94.973989,35.248737],[-94.974303,35.249187],[-94.974959,35.24948],[-94.97523,35.24977],[-94.97721,35.250358],[-94.977336,35.25056],[-94.975871,35.251983],[-94.975343,35.252895],[-94.97294,35.252517],[-94.97269,35.252254],[-94.973031,35.252765],[-94.973048,35.25336],[-94.972545,35.255275],[-94.972224,35.255836],[-94.972243,35.256271],[-94.971997,35.256614],[-94.971139,35.256881],[-94.97252,35.257095],[-94.97251,35.257922],[-94.970811,35.258041],[-94.970767,35.258201],[-94.971385,35.258643],[-94.971465,35.258887],[-94.970647,35.259036],[-94.970527,35.259532],[-94.971459,35.259822],[-94.971574,35.260001],[-94.970283,35.260081],[-94.971288,35.260364],[-94.971257,35.260501],[-94.970616,35.260513],[-94.971601,35.261222],[-94.971692,35.261489],[-94.970546,35.261493],[-94.970351,35.261855],[-94.9698,35.26179],[-94.969678,35.26192],[-94.969712,35.262111],[-94.970433,35.262244],[-94.97037,35.262477],[-94.969613,35.262344],[-94.969552,35.262836],[-94.970239,35.263007],[-94.970384,35.26319],[-94.971654,35.263408],[-94.972226,35.263782],[-94.971845,35.26456],[-94.972728,35.265079],[-94.973279,35.264976],[-94.973887,35.264266],[-94.973205,35.263656],[-94.973187,35.263469],[-94.97387,35.263122],[-94.97511,35.263141],[-94.975043,35.262744],[-94.975276,35.262504],[-94.975465,35.262607],[-94.975621,35.262431],[-94.975789,35.262569],[-94.977136,35.262576],[-94.977258,35.262752],[-94.977643,35.262687],[-94.978282,35.262973],[-94.97845,35.263183],[-94.978482,35.263934],[-94.978864,35.264007],[-94.979018,35.264117],[-94.978995,35.264362],[-94.979224,35.264445],[-94.979581,35.264404],[-94.97988,35.264632],[-94.980056,35.264507],[-94.980475,35.264602],[-94.980552,35.26443],[-94.980737,35.26469],[-94.9812,35.264388],[-94.982223,35.264735],[-94.982261,35.268462],[-94.981889,35.270541],[-94.980624,35.272227],[-94.980437,35.272952],[-94.97964,35.273921],[-94.979198,35.274757],[-94.978417,35.275226],[-94.976951,35.275596],[-94.976285,35.276057],[-94.975856,35.27663],[-94.974927,35.277206],[-94.97466,35.277625],[-94.971669,35.279449],[-94.970382,35.27896],[-94.96972,35.278255],[-94.969668,35.277946],[-94.970092,35.276839],[-94.970067,35.276382],[-94.969882,35.276134],[-94.970162,35.275893],[-94.970513,35.275985],[-94.970607,35.275455],[-94.970454,35.275455],[-94.970176,35.275844],[-94.969808,35.275878],[-94.969256,35.276416],[-94.96798,35.276424],[-94.967156,35.276801],[-94.96692,35.277091],[-94.967114,35.277476],[-94.966088,35.277732],[-94.965968,35.278117],[-94.965583,35.278415],[-94.965491,35.278667],[-94.965865,35.278789],[-94.965972,35.279269],[-94.965179,35.280017],[-94.96506,35.280643],[-94.962527,35.282539],[-94.961881,35.28326],[-94.961865,35.283549],[-94.961091,35.284064],[-94.960788,35.283958],[-94.960774,35.283588],[-94.960372,35.28334],[-94.960145,35.282817],[-94.959493,35.28247],[-94.959636,35.281905],[-94.959424,35.281825],[-94.959147,35.282111],[-94.959435,35.282664],[-94.958865,35.282298],[-94.959275,35.282775],[-94.959361,35.283263],[-94.960126,35.283923],[-94.959998,35.284167],[-94.959476,35.28411],[-94.958758,35.283572],[-94.957379,35.284114],[-94.951596,35.282523],[-94.950795,35.282485],[-94.950646,35.282783],[-94.950875,35.282996],[-94.956698,35.284476],[-94.957002,35.285144],[-94.956784,35.286014],[-94.956304,35.286304],[-94.956346,35.286788],[-94.958207,35.28659],[-94.958526,35.286983],[-94.958312,35.287234],[-94.958402,35.287463],[-94.957219,35.288383],[-94.957534,35.289161],[-94.957557,35.290847],[-94.957946,35.290759],[-94.95814,35.291076],[-94.958474,35.291068],[-94.958419,35.291225],[-94.958615,35.291446],[-94.958602,35.291957],[-94.958331,35.291881],[-94.957923,35.292136],[-94.958232,35.292762],[-94.958304,35.293304],[-94.958127,35.293521],[-94.958177,35.293723],[-94.957784,35.293933],[-94.957719,35.294334],[-94.957194,35.294551],[-94.956767,35.294482],[-94.956431,35.294734],[-94.956388,35.294582],[-94.956046,35.294624],[-94.955394,35.295062],[-94.955243,35.294883],[-94.954959,35.295684],[-94.954289,35.296039],[-94.954185,35.296478],[-94.954371,35.29758],[-94.954162,35.298743],[-94.954272,35.298927],[-94.953656,35.29977],[-94.952132,35.30033],[-94.950332,35.300441],[-94.95032,35.300788],[-94.949794,35.300811],[-94.948659,35.300616],[-94.947696,35.300143],[-94.947097,35.300075],[-94.945989,35.300334],[-94.945024,35.300319],[-94.944636,35.300006],[-94.944688,35.298907],[-94.944022,35.298667],[-94.941901,35.298572],[-94.941186,35.298728],[-94.940839,35.299216],[-94.9413,35.299472],[-94.941264,35.300056],[-94.940375,35.300189],[-94.940471,35.300376],[-94.939757,35.300605],[-94.939116,35.301143],[-94.938148,35.301494],[-94.938392,35.302215],[-94.938748,35.302325],[-94.939502,35.303024],[-94.94024,35.303195],[-94.940385,35.303081],[-94.94053,35.303199],[-94.941649,35.303096],[-94.941411,35.30331],[-94.941796,35.303935],[-94.942273,35.304229],[-94.941766,35.304568],[-94.940122,35.305122],[-94.939487,35.305137],[-94.939429,35.305545],[-94.938787,35.306113],[-94.938159,35.306129],[-94.938041,35.306056],[-94.937968,35.301845],[-94.93698,35.300735],[-94.934676,35.298976],[-94.933974,35.298476],[-94.933478,35.298545],[-94.933332,35.298835],[-94.933532,35.299098],[-94.936374,35.300658],[-94.937268,35.301467],[-94.93768,35.302352],[-94.937758,35.303859],[-94.937675,35.30622],[-94.936934,35.306247],[-94.936177,35.305556],[-94.935491,35.30574],[-94.935039,35.305637],[-94.935586,35.306739],[-94.934846,35.307174],[-94.935531,35.307998],[-94.936502,35.308295],[-94.93682,35.308822],[-94.936706,35.309005],[-94.936606,35.308776],[-94.936444,35.309241],[-94.935117,35.309161],[-94.935012,35.309398],[-94.93526,35.310302],[-94.935121,35.310847],[-94.934779,35.310992],[-94.934419,35.31087],[-94.933061,35.309455],[-94.932448,35.309131],[-94.932078,35.309333],[-94.931508,35.3101],[-94.932857,35.31187],[-94.933009,35.312255],[-94.93294,35.312526],[-94.933208,35.312671],[-94.932471,35.312759],[-94.931865,35.312461],[-94.931584,35.312667],[-94.931382,35.313159],[-94.931531,35.313503],[-94.931291,35.314201],[-94.931191,35.315307],[-94.931834,35.316833],[-94.931525,35.317573],[-94.932899,35.318839],[-94.933366,35.31895],[-94.93332,35.318687],[-94.933623,35.31858],[-94.934152,35.3189],[-94.934241,35.319438],[-94.933604,35.319934],[-94.933871,35.3203],[-94.93378,35.320831],[-94.933476,35.321227],[-94.933198,35.321326],[-94.932876,35.321021],[-94.931775,35.321151],[-94.931418,35.320991],[-94.930947,35.321296],[-94.930684,35.321231],[-94.93015,35.321449],[-94.929631,35.321834],[-94.929479,35.32217],[-94.929605,35.322299],[-94.929606,35.322952],[-94.929317,35.323165],[-94.929267,35.323825],[-94.928584,35.325172],[-94.927669,35.325961],[-94.927527,35.326324],[-94.927472,35.326102],[-94.926904,35.326049],[-94.925967,35.325652],[-94.925313,35.325725],[-94.92501,35.325946],[-94.925475,35.327037],[-94.925336,35.328002],[-94.924819,35.328414],[-94.924596,35.32838],[-94.923821,35.329189],[-94.922122,35.329784],[-94.920928,35.330661],[-94.920438,35.331397],[-94.920104,35.332587],[-94.918704,35.33419],[-94.917985,35.335643],[-94.917039,35.336314],[-94.916808,35.337028],[-94.915727,35.338603],[-94.914964,35.339111],[-94.913367,35.339217],[-94.912076,35.340385],[-94.910489,35.340396],[-94.909554,35.340003],[-94.908109,35.339748],[-94.907458,35.339404],[-94.906898,35.33969],[-94.903955,35.339034],[-94.903699,35.338901],[-94.903604,35.338573],[-94.902484,35.338027],[-94.901889,35.337489],[-94.900514,35.337302],[-94.900128,35.337558],[-94.899787,35.338416],[-94.899095,35.339313],[-94.898587,35.340736],[-94.89778,35.341621],[-94.896056,35.342136],[-94.893706,35.342117],[-94.893481,35.342311],[-94.892884,35.342403],[-94.891528,35.342063],[-94.890292,35.341529],[-94.888537,35.340232],[-94.888417,35.340057],[-94.888495,35.339736],[-94.887996,35.339381],[-94.887618,35.339469],[-94.887485,35.33929],[-94.887271,35.339328],[-94.887013,35.339057],[-94.886918,35.339298],[-94.88737,35.339771],[-94.887389,35.340324],[-94.887723,35.340636],[-94.887872,35.341094],[-94.887733,35.341186],[-94.887858,35.341193],[-94.887893,35.341453],[-94.887664,35.341621],[-94.88771,35.341949],[-94.887429,35.342303],[-94.886588,35.342559],[-94.886044,35.342986],[-94.886449,35.344127],[-94.887399,35.345218],[-94.889159,35.346492],[-94.890063,35.346442],[-94.890382,35.346839],[-94.891431,35.346938],[-94.892472,35.346942],[-94.893249,35.34674],[-94.893422,35.346797],[-94.893569,35.34727],[-94.893806,35.347491],[-94.89545,35.348098],[-94.895804,35.348041],[-94.895776,35.347804],[-94.897294,35.34732],[-94.897645,35.346751],[-94.897717,35.345901],[-94.898313,35.345313],[-94.90174,35.344207],[-94.90239,35.344215],[-94.90355,35.345004],[-94.905013,35.345138],[-94.905757,35.344978],[-94.906899,35.344451],[-94.907939,35.344501],[-94.908219,35.344669],[-94.909043,35.344581],[-94.90989,35.345073],[-94.91081,35.34518],[-94.911235,35.345443],[-94.911883,35.345329],[-94.912148,35.345062],[-94.91207,35.344714],[-94.912429,35.344585],[-94.912942,35.344711],[-94.91295,35.345325],[-94.914514,35.345706],[-94.914863,35.34613],[-94.915685,35.346488],[-94.918773,35.347339],[-94.921426,35.34761],[-94.923844,35.349216],[-94.924485,35.349445],[-94.926362,35.349509],[-94.929202,35.348476],[-94.929873,35.348956],[-94.931233,35.349086],[-94.933335,35.349727],[-94.934384,35.350192],[-94.934699,35.350551],[-94.93538,35.350894],[-94.935948,35.350845],[-94.936269,35.350345],[-94.936915,35.350417],[-94.937064,35.350723],[-94.936692,35.350963],[-94.937112,35.351489],[-94.937396,35.351558],[-94.937835,35.352309],[-94.938058,35.352271],[-94.938603,35.352897],[-94.939185,35.353179],[-94.940295,35.352058],[-94.940934,35.351768],[-94.941167,35.351356],[-94.941934,35.350772],[-94.942266,35.35036],[-94.942273,35.350036],[-94.942508,35.349963],[-94.942813,35.349551],[-94.943515,35.349361],[-94.943761,35.349628],[-94.943553,35.349845],[-94.943778,35.350173],[-94.943362,35.350551],[-94.943313,35.351024],[-94.943748,35.351127],[-94.943757,35.350982],[-94.946778,35.351028],[-94.947003,35.35073],[-94.947387,35.350616],[-94.947673,35.350734],[-94.948159,35.350547],[-94.949168,35.350677],[-94.950269,35.351543],[-94.950446,35.351512],[-94.950482,35.351665],[-94.950948,35.351588],[-94.951114,35.351958],[-94.950591,35.352767],[-94.951322,35.353221],[-94.951856,35.353351],[-94.953528,35.353046],[-94.954618,35.353271],[-94.955445,35.352912],[-94.955947,35.352493],[-94.956784,35.351268],[-94.956868,35.35062],[-94.956487,35.350013],[-94.956944,35.350093],[-94.957282,35.35049],[-94.957646,35.350597],[-94.959014,35.350353],[-94.959788,35.35004],[-94.95988,35.349654],[-94.959249,35.348521],[-94.958127,35.347995],[-94.958026,35.347598],[-94.957454,35.347408],[-94.957238,35.346729],[-94.957439,35.34653],[-94.957713,35.346595],[-94.957891,35.346202],[-94.958386,35.346153],[-94.958491,35.34674],[-94.958808,35.346862],[-94.95921,35.346755],[-94.959291,35.34621],[-94.959661,35.345817],[-94.959664,35.34542],[-94.959842,35.345283],[-94.959752,35.345107],[-94.960465,35.344829],[-94.960757,35.344886],[-94.960753,35.344611],[-94.960958,35.344653],[-94.961085,35.344333],[-94.961068,35.345069],[-94.961333,35.345489],[-94.961608,35.345702],[-94.962142,35.345645],[-94.962218,35.345256],[-94.962846,35.344821],[-94.962762,35.344379],[-94.962911,35.344222],[-94.964917,35.344074],[-94.965098,35.34386],[-94.965724,35.343635],[-94.965915,35.343715],[-94.966012,35.343543],[-94.966279,35.344104],[-94.966897,35.344295],[-94.967761,35.343909],[-94.967597,35.343501],[-94.967948,35.343406],[-94.96775,35.343089],[-94.968959,35.343677],[-94.969907,35.343608],[-94.970412,35.343013],[-94.971101,35.342757],[-94.97189,35.342822],[-94.972095,35.342571],[-94.972814,35.342468],[-94.973065,35.342117],[-94.97331,35.342345],[-94.973439,35.342281],[-94.973277,35.342654],[-94.973361,35.343047],[-94.973571,35.343112],[-94.973931,35.342803],[-94.97409,35.342426],[-94.974565,35.342448],[-94.974599,35.342292],[-94.975108,35.342033],[-94.975068,35.342174],[-94.975511,35.34246],[-94.975373,35.342902],[-94.975949,35.342994],[-94.976434,35.343635],[-94.976953,35.343539],[-94.976745,35.343772],[-94.977029,35.343902],[-94.977847,35.343761],[-94.978545,35.344375],[-94.979014,35.345096],[-94.978854,35.345313],[-94.978019,35.345512],[-94.977199,35.345306],[-94.976733,35.345351],[-94.97601,35.346355],[-94.974359,35.347228],[-94.974622,35.348106],[-94.974261,35.349002],[-94.973964,35.34922],[-94.97339,35.349204],[-94.972976,35.348624],[-94.972032,35.34901],[-94.97169,35.348907],[-94.971479,35.348594],[-94.97099,35.348853],[-94.970311,35.348804],[-94.970069,35.348468],[-94.969623,35.34885],[-94.969708,35.34946],[-94.969308,35.349445],[-94.969195,35.349162],[-94.968776,35.349612],[-94.96853,35.34967],[-94.96786,35.350482],[-94.964282,35.3516],[-94.96407,35.351951],[-94.963487,35.352191],[-94.963403,35.352462],[-94.963605,35.35266],[-94.963256,35.35284],[-94.96322,35.353416],[-94.963111,35.353172],[-94.962911,35.353267],[-94.96124,35.352645],[-94.960837,35.352905],[-94.960895,35.353191],[-94.960725,35.353309],[-94.96087,35.353393],[-94.960835,35.353885],[-94.959304,35.354404],[-94.958341,35.353854],[-94.957925,35.353343],[-94.957297,35.353152],[-94.957255,35.353362],[-94.956101,35.35432],[-94.953332,35.354934],[-94.953919,35.355178],[-94.953868,35.355415],[-94.95456,35.35601],[-94.954587,35.356448],[-94.954923,35.356685],[-94.954951,35.356918],[-94.955358,35.356967],[-94.955476,35.357188],[-94.955239,35.357402],[-94.954984,35.357356],[-94.955308,35.358176],[-94.955359,35.359019],[-94.95608,35.360793],[-94.956363,35.362132],[-94.957229,35.363765],[-94.957463,35.364944],[-94.9575,35.365566],[-94.957372,35.365802],[-94.957528,35.365947],[-94.957578,35.366752],[-94.957786,35.367252],[-94.958737,35.368087],[-94.959937,35.369769],[-94.961007,35.371875],[-94.961547,35.372279],[-94.961793,35.372676],[-94.961787,35.373058],[-94.962146,35.373496],[-94.962211,35.374377],[-94.963138,35.376357],[-94.965074,35.378181],[-94.965583,35.378494],[-94.966334,35.378543],[-94.967183,35.379138],[-94.966991,35.380309],[-94.967435,35.381747],[-94.96778,35.382308],[-94.967853,35.383186],[-94.967446,35.385909],[-94.966971,35.387065],[-94.966672,35.388854],[-94.966174,35.390353],[-94.966334,35.391113],[-94.96622,35.391944],[-94.966416,35.392871],[-94.966905,35.393516],[-94.967137,35.394389],[-94.967399,35.394588],[-94.967687,35.395347],[-94.968566,35.396747],[-94.96897,35.397094],[-94.969586,35.397224],[-94.969869,35.398093],[-94.970479,35.398311],[-94.971002,35.398822],[-94.971803,35.399238],[-94.97302,35.399547],[-94.973119,35.399459],[-94.973714,35.399764],[-94.975387,35.400138],[-94.978282,35.400439],[-94.979482,35.400775],[-94.979844,35.401237],[-94.980201,35.401386],[-94.980491,35.401199],[-94.980985,35.401248],[-94.981265,35.400092],[-94.981225,35.399436],[-94.981393,35.399162],[-94.981874,35.398921],[-94.981818,35.399207],[-94.982293,35.399116],[-94.982286,35.399444],[-94.982682,35.399669],[-94.98322,35.399684],[-94.983357,35.400012],[-94.983768,35.399913],[-94.983781,35.400283],[-94.98331,35.400382],[-94.983108,35.399894],[-94.981715,35.399657],[-94.981881,35.40018],[-94.981168,35.401664],[-94.984132,35.401527],[-94.986484,35.402076],[-94.987443,35.402599],[-94.987733,35.402953],[-94.987945,35.402957],[-94.988061,35.403274],[-94.989055,35.403861],[-94.991962,35.406326],[-94.991994,35.406467],[-94.99137,35.406013],[-94.991223,35.406062],[-94.991277,35.405944],[-94.990966,35.40578],[-94.989524,35.405719],[-94.98924,35.405406],[-94.988938,35.405383],[-94.988959,35.405177],[-94.98805,35.404239],[-94.986465,35.403098],[-94.985749,35.403217],[-94.985023,35.40401],[-94.982997,35.403106],[-94.982556,35.403663],[-94.983497,35.404407],[-94.983401,35.405021],[-94.982757,35.405349],[-94.982198,35.405402],[-94.98175,35.405135],[-94.98136,35.40525],[-94.981126,35.405521],[-94.979085,35.405036],[-94.978534,35.404105],[-94.978143,35.404258],[-94.97788,35.404678],[-94.977168,35.404548],[-94.976781,35.403697],[-94.976779,35.403075],[-94.976398,35.402713],[-94.975884,35.402877],[-94.975482,35.402793],[-94.97516,35.402515],[-94.974879,35.402526],[-94.974019,35.403381],[-94.974355,35.403808],[-94.975177,35.404422],[-94.975846,35.404487],[-94.976186,35.40488],[-94.976796,35.405185],[-94.977464,35.405914],[-94.978929,35.405833],[-94.981561,35.406234],[-94.98248,35.406032],[-94.983346,35.406093],[-94.984416,35.405872],[-94.985845,35.405868],[-94.98628,35.406131],[-94.986907,35.406101],[-94.987468,35.406451],[-94.987739,35.406284],[-94.989318,35.406852],[-94.989959,35.406677],[-94.990924,35.406894],[-94.991687,35.407272],[-94.993333,35.407542],[-94.995671,35.409438],[-94.996097,35.409602],[-94.997407,35.409858],[-95.000726,35.409938],[-95.001288,35.410114],[-95.003285,35.410197],[-95.004045,35.410354],[-95.00521,35.410983],[-95.005466,35.411353],[-95.006806,35.411666],[-95.007831,35.412235],[-95.007924,35.412498],[-95.008613,35.413036],[-95.009248,35.412936],[-95.010362,35.413833],[-95.010854,35.414939],[-95.012836,35.416229],[-95.013133,35.416274],[-95.0144,35.418227],[-95.014699,35.418449],[-95.014714,35.41872],[-95.015636,35.419841],[-95.020406,35.423255],[-95.022433,35.425025],[-95.02288,35.425185],[-95.026282,35.424104],[-95.031257,35.426091],[-95.036735,35.429452],[-95.04103,35.433686],[-95.045173,35.438118],[-95.047469,35.437259],[-95.050132,35.437015],[-95.051307,35.436462],[-95.05325,35.436282],[-95.054656,35.435939],[-95.056552,35.435077],[-95.059102,35.435069],[-95.061736,35.435565],[-95.06557,35.435954],[-95.066632,35.435878],[-95.068982,35.435252],[-95.073753,35.433463],[-95.074689,35.434073],[-95.079024,35.430864],[-95.085364,35.42835],[-95.083892,35.435113],[-95.080726,35.441823],[-95.076491,35.447133],[-95.076873,35.45078],[-95.077788,35.4549],[-95.078771,35.4559],[-95.081205,35.456432],[-95.083173,35.457126],[-95.085107,35.458316],[-95.0862,35.459209],[-95.086553,35.459071],[-95.088544,35.460052],[-95.088508,35.460628],[-95.088151,35.46096],[-95.089782,35.463027],[-95.090459,35.464397],[-95.092219,35.470204],[-95.095458,35.474107],[-95.100745,35.481096],[-95.101264,35.482023],[-95.098937,35.483308],[-95.097972,35.484023],[-95.10077,35.487472],[-95.104594,35.489536],[-95.105575,35.48965],[-95.107144,35.49026],[-95.108195,35.491203],[-95.108792,35.491435],[-95.110305,35.492904],[-95.110793,35.493629],[-95.112615,35.495246],[-95.112579,35.495406],[-95.117631,35.499927],[-95.120114,35.502509],[-95.121219,35.503997],[-95.123185,35.505763],[-95.125186,35.508983],[-95.12548,35.509837],[-95.125934,35.510387],[-95.125945,35.510707],[-95.126189,35.51089],[-95.126109,35.511092],[-95.126706,35.511607],[-95.126664,35.511802],[-95.127025,35.512321],[-95.127011,35.512515],[-95.126733,35.512603],[-95.127063,35.512756],[-95.127174,35.513183],[-95.126876,35.513789],[-95.126723,35.514819],[-95.127456,35.516715],[-95.12832,35.517673],[-95.128522,35.518146],[-95.12901,35.518371],[-95.129575,35.518234],[-95.129808,35.518646],[-95.129739,35.519065],[-95.129052,35.519294],[-95.130452,35.519195],[-95.131066,35.518871],[-95.131383,35.518859],[-95.131534,35.519061],[-95.131566,35.519321],[-95.131383,35.51945],[-95.129634,35.519901],[-95.129335,35.520168],[-95.131009,35.521831],[-95.132276,35.521686],[-95.132651,35.521941],[-95.133084,35.522842],[-95.132131,35.522758],[-95.131736,35.522868],[-95.131608,35.523185],[-95.132333,35.523589],[-95.133498,35.523803],[-95.135013,35.525443],[-95.136527,35.527572],[-95.13919,35.530845],[-95.143024,35.534507],[-95.145282,35.536346],[-95.149991,35.539127],[-95.153451,35.540828],[-95.154258,35.541183],[-95.156673,35.541801],[-95.156432,35.5419],[-95.156884,35.542098],[-95.159576,35.542712],[-95.162894,35.544715],[-95.164077,35.545757],[-95.164474,35.546191],[-95.164371,35.546348],[-95.165874,35.547679],[-95.165895,35.547862],[-95.168739,35.550773],[-95.170592,35.552314],[-95.17044,35.552623],[-95.169881,35.552917],[-95.170148,35.553294],[-95.169395,35.553577],[-95.169467,35.553664],[-95.168891,35.553851],[-95.168962,35.553935],[-95.168725,35.553943],[-95.168792,35.554027],[-95.168555,35.554035],[-95.168628,35.554115],[-95.168388,35.554126],[-95.16833,35.554275],[-95.168266,35.554191],[-95.16817,35.554363]]],[[[-95.130305,35.522754],[-95.130382,35.522582],[-95.13014,35.522056],[-95.129932,35.521816],[-95.129604,35.521827],[-95.129493,35.522365],[-95.129815,35.522842],[-95.13029,35.522971],[-95.130305,35.522754]]],[[[-95.124164,35.520492],[-95.124059,35.520408],[-95.124128,35.520511],[-95.124164,35.520492]]],[[[-95.124452,35.520339],[-95.124347,35.520255],[-95.124416,35.520358],[-95.124452,35.520339]]],[[[-95.124721,35.520187],[-95.124616,35.520103],[-95.124684,35.520206],[-95.124721,35.520187]]],[[[-95.125005,35.52003],[-95.124932,35.519927],[-95.124898,35.519946],[-95.125005,35.52003]]],[[[-95.125283,35.519874],[-95.125178,35.51979],[-95.125247,35.519893],[-95.125283,35.519874]]],[[[-95.125556,35.519725],[-95.125449,35.519641],[-95.12552,35.519744],[-95.125556,35.519725]]],[[[-95.125837,35.519573],[-95.125764,35.51947],[-95.12573,35.519489],[-95.125837,35.519573]]],[[[-95.126249,35.519454],[-95.126353,35.519481],[-95.126369,35.51942],[-95.126249,35.519454]]],[[[-95.126229,35.519347],[-95.126268,35.519328],[-95.126163,35.519244],[-95.126229,35.519347]]],[[[-95.127431,35.518871],[-95.127404,35.518802],[-95.12732,35.518825],[-95.127431,35.518871]]],[[[-95.127326,35.518752],[-95.127256,35.518649],[-95.127219,35.518668],[-95.127326,35.518752]]],[[[-95.127898,35.518432],[-95.127793,35.518348],[-95.127862,35.518451],[-95.127898,35.518432]]],[[[-95.128175,35.518283],[-95.128106,35.518184],[-95.12807,35.518203],[-95.128175,35.518283]]],[[[-95.128467,35.518142],[-95.128362,35.518058],[-95.128429,35.518161],[-95.128467,35.518142]]],[[[-95.103229,35.495338],[-95.102559,35.495242],[-95.102286,35.495784],[-95.101722,35.495742],[-95.099872,35.494735],[-95.099254,35.493957],[-95.099378,35.494735],[-95.09986,35.495441],[-95.100421,35.495834],[-95.100831,35.496612],[-95.100511,35.497226],[-95.100707,35.496799],[-95.099998,35.496425],[-95.099641,35.496787],[-95.099504,35.497314],[-95.099652,35.497455],[-95.099481,35.497512],[-95.099748,35.497638],[-95.103723,35.49736],[-95.104089,35.496856],[-95.104205,35.496059],[-95.103788,35.495597],[-95.103229,35.495338]]],[[[-95.099446,35.497577],[-95.099353,35.497535],[-95.099269,35.497691],[-95.099446,35.497577]]],[[[-95.099059,35.497573],[-95.099111,35.497451],[-95.099082,35.497646],[-95.099059,35.497573]]],[[[-95.099404,35.497314],[-95.099399,35.497298],[-95.099372,35.497298],[-95.099404,35.497314]]],[[[-95.099794,35.496436],[-95.099691,35.496238],[-95.099677,35.496482],[-95.099794,35.496436]]],[[[-95.095208,35.487651],[-95.095121,35.487487],[-95.095069,35.487506],[-95.095208,35.487651]]],[[[-95.095954,35.487369],[-95.095866,35.487205],[-95.095815,35.487224],[-95.095954,35.487369]]],[[[-95.096681,35.487094],[-95.096593,35.486934],[-95.096542,35.486953],[-95.096681,35.487094]]],[[[-95.097314,35.486911],[-95.097442,35.486964],[-95.097417,35.486888],[-95.097314,35.486911]]],[[[-95.097333,35.48685],[-95.097194,35.486709],[-95.097282,35.486869],[-95.097333,35.48685]]],[[[-95.098489,35.486575],[-95.098361,35.486522],[-95.098394,35.486602],[-95.098489,35.486575]]],[[[-95.09839,35.486457],[-95.098251,35.486312],[-95.098336,35.486476],[-95.09839,35.486457]]],[[[-95.098966,35.486243],[-95.098878,35.486079],[-95.098827,35.486099],[-95.098966,35.486243]]],[[[-95.070705,35.43687],[-95.070949,35.436347],[-95.071281,35.436061],[-95.070979,35.435962],[-95.067876,35.436794],[-95.064626,35.437034],[-95.063462,35.436984],[-95.060397,35.436424],[-95.058284,35.436366],[-95.056819,35.436675],[-95.053376,35.437827],[-95.05306,35.437995],[-95.052726,35.438781],[-95.053607,35.438224],[-95.052278,35.439246],[-95.050925,35.439807],[-95.050017,35.439903],[-95.049469,35.440284],[-95.050834,35.440828],[-95.060958,35.441621],[-95.069633,35.437818],[-95.07067,35.437049],[-95.070705,35.43687]]],[[[-95.049461,35.439906],[-95.050216,35.43951],[-95.05066,35.439082],[-95.050262,35.43951],[-95.050416,35.43959],[-95.049913,35.439739],[-95.051133,35.439544],[-95.05222,35.43904],[-95.05268,35.438468],[-95.053073,35.437553],[-95.050136,35.438071],[-95.047437,35.43814],[-95.045836,35.438827],[-95.049321,35.440225],[-95.049461,35.439906]]],[[[-95.071139,35.436626],[-95.072017,35.436052],[-95.071559,35.436252],[-95.071139,35.436626]]],[[[-95.01415,35.425365],[-95.011628,35.423175],[-95.011012,35.422828],[-95.010146,35.422893],[-95.0092,35.422691],[-95.008613,35.422832],[-95.0083,35.423087],[-95.007501,35.42319],[-95.005258,35.423061],[-95.003991,35.422595],[-95.00302,35.421745],[-95.00262,35.421588],[-95.002185,35.421733],[-95.001836,35.422424],[-95.002009,35.422874],[-95.002553,35.423034],[-95.002761,35.423454],[-95.003524,35.423473],[-95.003882,35.423656],[-95.003768,35.424143],[-95.006988,35.425725],[-95.012572,35.426824],[-95.015376,35.426471],[-95.01415,35.425365]]],[[[-94.937827,35.42443],[-94.937682,35.423816],[-94.937331,35.423782],[-94.937423,35.423469],[-94.937797,35.423358],[-94.937886,35.423084],[-94.937795,35.42295],[-94.937379,35.42295],[-94.937261,35.422057],[-94.936933,35.421985],[-94.937079,35.422225],[-94.936893,35.422519],[-94.937003,35.422817],[-94.936887,35.423507],[-94.937131,35.425207],[-94.938252,35.424888],[-94.937827,35.42443]]],[[[-94.942752,35.423423],[-94.942774,35.423601],[-94.943008,35.423535],[-94.943156,35.423171],[-94.942752,35.423423]]],[[[-94.940198,35.423473],[-94.940026,35.42366],[-94.940148,35.423927],[-94.939965,35.424186],[-94.940018,35.424385],[-94.940364,35.424175],[-94.94019,35.423938],[-94.940198,35.423473]]],[[[-95.002051,35.421672],[-95.002086,35.421329],[-95.001588,35.421294],[-95.000857,35.420955],[-95.00032,35.421203],[-95.000398,35.42142],[-95.000184,35.421756],[-95.000747,35.422088],[-95.001416,35.422145],[-95.001788,35.422019],[-95.002051,35.421672]]],[[[-94.997476,35.421104],[-94.997663,35.420814],[-94.997329,35.420715],[-94.997592,35.420676],[-94.997796,35.42036],[-94.998469,35.420177],[-94.998086,35.420032],[-94.998746,35.42015],[-94.999084,35.419742],[-94.997783,35.419433],[-94.996984,35.419593],[-94.996825,35.419795],[-94.997146,35.420913],[-94.997476,35.421104]]],[[[-94.996678,35.420066],[-94.996581,35.419872],[-94.996446,35.420378],[-94.996553,35.420458],[-94.996575,35.42031],[-94.996901,35.42072],[-94.996678,35.420066]]],[[[-94.95099,35.419742],[-94.951566,35.418601],[-94.95115,35.41769],[-94.950948,35.417636],[-94.950799,35.41735],[-94.950929,35.416801],[-94.951381,35.416408],[-94.951486,35.416038],[-94.951266,35.413963],[-94.950942,35.412948],[-94.949714,35.411277],[-94.946914,35.411006],[-94.9462,35.411258],[-94.946059,35.411796],[-94.945478,35.411891],[-94.946107,35.412803],[-94.945794,35.413425],[-94.946101,35.413867],[-94.945434,35.414645],[-94.945691,35.414798],[-94.945722,35.415214],[-94.9453,35.415767],[-94.945062,35.416808],[-94.946382,35.417732],[-94.947873,35.418403],[-94.948783,35.418636],[-94.948897,35.418861],[-94.949485,35.419204],[-94.950458,35.419299],[-94.950702,35.41962],[-94.950664,35.419852],[-94.95099,35.419742]]],[[[-94.993077,35.414306],[-94.992517,35.414428],[-94.9913,35.414298],[-94.990844,35.414516],[-94.988927,35.414333],[-94.98835,35.414484],[-94.989463,35.415136],[-94.994308,35.418773],[-94.99467,35.418735],[-94.994697,35.418559],[-94.994882,35.418716],[-94.996123,35.418624],[-94.996236,35.418388],[-94.996459,35.418601],[-94.997197,35.418281],[-94.997296,35.418407],[-94.998462,35.418365],[-94.998637,35.418678],[-94.99982,35.418678],[-94.999738,35.418517],[-94.999866,35.41843],[-95.000196,35.41846],[-95.000194,35.418651],[-95.000947,35.418742],[-95.002221,35.418426],[-95.002778,35.417873],[-95.000218,35.416747],[-94.999501,35.416232],[-94.998117,35.415782],[-94.996711,35.414779],[-94.995954,35.414569],[-94.993077,35.414306]]],[[[-94.959655,35.418494],[-94.958867,35.418365],[-94.957566,35.418929],[-94.957271,35.419399],[-94.956799,35.419612],[-94.959606,35.418813],[-94.959754,35.418601],[-94.959655,35.418494]]],[[[-95.003236,35.419002],[-95.001447,35.419677],[-94.999509,35.419711],[-94.999078,35.420211],[-94.999787,35.420085],[-95.000703,35.420196],[-95.002297,35.420547],[-95.002742,35.420875],[-95.00373,35.420329],[-95.004649,35.420429],[-95.005469,35.419997],[-95.005811,35.420032],[-95.006,35.420245],[-95.005176,35.420348],[-95.006862,35.420417],[-95.007402,35.420173],[-95.006757,35.419566],[-95.005298,35.419078],[-95.003236,35.419002]]],[[[-95.007363,35.420409],[-95.005702,35.4206],[-95.003688,35.420532],[-95.00311,35.420856],[-95.003812,35.421405],[-95.004232,35.422069],[-95.005666,35.422694],[-95.006349,35.422813],[-95.009196,35.422473],[-95.010543,35.422683],[-95.010703,35.422481],[-95.00879,35.421062],[-95.007905,35.420497],[-95.007363,35.420409]]],[[[-94.995548,35.419704],[-94.995725,35.419601],[-94.995338,35.419546],[-94.995548,35.419704]]],[[[-94.995771,35.419871],[-94.996056,35.420086],[-94.99599,35.419772],[-94.995771,35.419871]]],[[[-94.957559,35.418422],[-94.956973,35.418315],[-94.956363,35.418544],[-94.956523,35.418788],[-94.956763,35.418807],[-94.957559,35.418422]]],[[[-94.954413,35.406554],[-94.954471,35.406364],[-94.952439,35.404929],[-94.95184,35.404762],[-94.950681,35.404819],[-94.949275,35.404628],[-94.947007,35.403178],[-94.946437,35.402992],[-94.945846,35.403049],[-94.945579,35.403518],[-94.946204,35.404056],[-94.950353,35.405639],[-94.951882,35.405776],[-94.953475,35.406429],[-94.954413,35.406554]]],[[[-94.966924,35.403247],[-94.967097,35.403449],[-94.967858,35.40361],[-94.968411,35.403495],[-94.968278,35.403079],[-94.967704,35.402843],[-94.967729,35.403007],[-94.967231,35.402969],[-94.966813,35.402507],[-94.966924,35.402305],[-94.966779,35.402396],[-94.966563,35.402255],[-94.966949,35.402698],[-94.966924,35.403247]]],[[[-94.967668,35.402274],[-94.967872,35.402297],[-94.967691,35.402213],[-94.967668,35.402274]]],[[[-94.967855,35.402175],[-94.968133,35.402251],[-94.967929,35.40211],[-94.967855,35.402175]]],[[[-94.967979,35.402068],[-94.968196,35.402164],[-94.968089,35.402042],[-94.967979,35.402068]]],[[[-94.967893,35.402683],[-94.967629,35.402721],[-94.968198,35.402881],[-94.968139,35.402618],[-94.967872,35.402454],[-94.967893,35.402683]]],[[[-94.968082,35.401698],[-94.967887,35.401473],[-94.967837,35.401607],[-94.967563,35.401599],[-94.967958,35.401817],[-94.968082,35.401698]]],[[[-94.956868,35.388614],[-94.956698,35.388561],[-94.956531,35.388824],[-94.956273,35.389907],[-94.956582,35.390819],[-94.956655,35.39178],[-94.956925,35.392043],[-94.956906,35.392314],[-94.957683,35.391746],[-94.957477,35.391235],[-94.957444,35.388953],[-94.956868,35.388614]]],[[[-94.930875,35.380816],[-94.930944,35.380405],[-94.93152,35.380244],[-94.931922,35.380244],[-94.932729,35.380714],[-94.933326,35.380771],[-94.933969,35.380283],[-94.934331,35.380405],[-94.934278,35.380248],[-94.933455,35.379886],[-94.93328,35.37939],[-94.933034,35.379245],[-94.93143,35.379604],[-94.929149,35.379291],[-94.928489,35.379535],[-94.928027,35.379245],[-94.926412,35.379169],[-94.926755,35.379504],[-94.927085,35.379501],[-94.927127,35.379947],[-94.928056,35.380149],[-94.928445,35.380157],[-94.928531,35.379993],[-94.929122,35.380248],[-94.930371,35.380294],[-94.930875,35.380816]]],[[[-94.934478,35.378867],[-94.935422,35.37952],[-94.935807,35.379527],[-94.935939,35.379817],[-94.935903,35.379646],[-94.936244,35.37955],[-94.936519,35.379752],[-94.936456,35.37952],[-94.936608,35.379245],[-94.93679,35.379218],[-94.936786,35.378947],[-94.93715,35.378696],[-94.937923,35.378417],[-94.938745,35.378467],[-94.938672,35.37833],[-94.938912,35.378227],[-94.93924,35.378444],[-94.939069,35.378124],[-94.939157,35.377986],[-94.939649,35.378055],[-94.93987,35.377746],[-94.940145,35.377879],[-94.939866,35.377254],[-94.940351,35.376804],[-94.940713,35.376727],[-94.940789,35.376529],[-94.941533,35.376304],[-94.941937,35.376598],[-94.94276,35.376098],[-94.943067,35.376319],[-94.942988,35.376079],[-94.943173,35.376041],[-94.943297,35.375659],[-94.943294,35.37506],[-94.943955,35.374664],[-94.944369,35.374702],[-94.944135,35.374229],[-94.943328,35.373359],[-94.943372,35.372878],[-94.942802,35.371986],[-94.942889,35.371627],[-94.942349,35.370673],[-94.941312,35.369582],[-94.939368,35.36877],[-94.938159,35.367908],[-94.937509,35.367824],[-94.937285,35.367568],[-94.936551,35.367236],[-94.936215,35.36671],[-94.935412,35.36618],[-94.935067,35.365756],[-94.933402,35.36486],[-94.93222,35.363811],[-94.931567,35.363502],[-94.931531,35.363307],[-94.930549,35.362518],[-94.929713,35.361247],[-94.929458,35.361102],[-94.929309,35.359851],[-94.927716,35.359229],[-94.92723,35.358699],[-94.927259,35.358428],[-94.926097,35.35852],[-94.92464,35.358001],[-94.923387,35.35847],[-94.922458,35.35942],[-94.921739,35.360637],[-94.921018,35.361106],[-94.92085,35.361453],[-94.921069,35.36177],[-94.921342,35.362071],[-94.921868,35.36214],[-94.922334,35.362445],[-94.922513,35.362621],[-94.922565,35.363052],[-94.923677,35.362804],[-94.924853,35.363002],[-94.926192,35.363635],[-94.926686,35.364177],[-94.92698,35.36481],[-94.927396,35.364726],[-94.928393,35.365211],[-94.930186,35.365413],[-94.930856,35.365939],[-94.931161,35.365993],[-94.931577,35.366634],[-94.931846,35.366702],[-94.931781,35.366878],[-94.932033,35.367027],[-94.932015,35.367168],[-94.931453,35.367282],[-94.931176,35.366954],[-94.930945,35.366912],[-94.931035,35.367301],[-94.93061,35.368381],[-94.930499,35.369186],[-94.930284,35.369685],[-94.929885,35.369949],[-94.929896,35.370116],[-94.93056,35.370986],[-94.930966,35.371234],[-94.931747,35.371177],[-94.932281,35.371501],[-94.933188,35.371421],[-94.934049,35.372009],[-94.93587,35.372451],[-94.936669,35.373279],[-94.93653,35.373443],[-94.936,35.373523],[-94.935432,35.373176],[-94.934728,35.373084],[-94.934676,35.372825],[-94.934535,35.372951],[-94.933162,35.372668],[-94.932427,35.372108],[-94.931792,35.372668],[-94.931026,35.372203],[-94.930766,35.372218],[-94.930259,35.372691],[-94.929837,35.372543],[-94.929751,35.372672],[-94.929938,35.37276],[-94.929555,35.372836],[-94.929824,35.373092],[-94.929534,35.373615],[-94.931132,35.373832],[-94.932025,35.37437],[-94.932933,35.374633],[-94.933646,35.375385],[-94.933623,35.375533],[-94.933288,35.375648],[-94.933673,35.376285],[-94.933246,35.376952],[-94.933846,35.377773],[-94.933291,35.377654],[-94.932923,35.377361],[-94.932458,35.377349],[-94.93187,35.377597],[-94.931731,35.377483],[-94.931155,35.377719],[-94.930242,35.377551],[-94.930911,35.377776],[-94.930903,35.37791],[-94.931584,35.377986],[-94.932023,35.378379],[-94.933578,35.378463],[-94.934255,35.378646],[-94.934478,35.378867]]],[[[-94.825099,35.370281],[-94.825089,35.370246],[-94.825055,35.370284],[-94.825099,35.370281]]],[[[-94.825309,35.370166],[-94.82532,35.370124],[-94.825274,35.370155],[-94.825309,35.370166]]],[[[-94.82554,35.370036],[-94.825543,35.370002],[-94.825492,35.370025],[-94.82554,35.370036]]],[[[-94.825751,35.369914],[-94.825761,35.369876],[-94.825715,35.369907],[-94.825751,35.369914]]],[[[-94.825992,35.369781],[-94.825974,35.369746],[-94.825936,35.369762],[-94.825992,35.369781]]],[[[-94.826207,35.369666],[-94.826211,35.369628],[-94.826165,35.369659],[-94.826207,35.369666]]],[[[-94.826434,35.369533],[-94.826417,35.369498],[-94.826379,35.369533],[-94.826434,35.369533]]],[[[-94.826615,35.369418],[-94.826646,35.369373],[-94.826602,35.369384],[-94.826615,35.369418]]],[[[-94.826097,35.364955],[-94.825944,35.364673],[-94.825015,35.365009],[-94.82517,35.365291],[-94.826097,35.364955]]],[[[-94.824437,35.364955],[-94.824103,35.364925],[-94.824058,35.365264],[-94.824391,35.365295],[-94.824437,35.364955]]],[[[-94.823485,35.365249],[-94.823672,35.364906],[-94.823335,35.364829],[-94.823268,35.365199],[-94.823485,35.365249]]],[[[-94.822965,35.365073],[-94.823056,35.364738],[-94.822911,35.364715],[-94.82278,35.365047],[-94.822965,35.365073]]],[[[-94.822663,35.364871],[-94.822753,35.364673],[-94.8226,35.364627],[-94.822513,35.364825],[-94.822663,35.364871]]],[[[-94.825177,35.364623],[-94.825067,35.364402],[-94.824925,35.364436],[-94.825044,35.364661],[-94.825177,35.364623]]],[[[-94.824977,35.364154],[-94.824811,35.364036],[-94.824899,35.364185],[-94.824977,35.364154]]],[[[-94.945291,35.358257],[-94.945722,35.358432],[-94.945825,35.358245],[-94.945472,35.357436],[-94.94556,35.356944],[-94.945195,35.356323],[-94.944377,35.355708],[-94.943547,35.355537],[-94.944018,35.355739],[-94.944463,35.356193],[-94.944398,35.356769],[-94.94373,35.356906],[-94.943652,35.357043],[-94.944209,35.357185],[-94.944381,35.357459],[-94.945169,35.357948],[-94.945291,35.358257]]],[[[-94.945075,35.363349],[-94.94576,35.365489],[-94.94564,35.366008],[-94.945735,35.366336],[-94.946322,35.367072],[-94.9467,35.3679],[-94.947595,35.368324],[-94.947742,35.368793],[-94.948997,35.369445],[-94.948934,35.369819],[-94.949397,35.369891],[-94.949653,35.370273],[-94.949981,35.370315],[-94.950172,35.370685],[-94.95083,35.371143],[-94.950906,35.371394],[-94.951207,35.371455],[-94.952069,35.372722],[-94.952491,35.372859],[-94.952506,35.373359],[-94.95267,35.373336],[-94.953071,35.372752],[-94.953084,35.371715],[-94.952529,35.371639],[-94.952289,35.371215],[-94.9519,35.371352],[-94.951493,35.371059],[-94.951732,35.370616],[-94.951753,35.370063],[-94.95197,35.369949],[-94.951137,35.370097],[-94.950213,35.369796],[-94.949861,35.369373],[-94.949847,35.36864],[-94.948945,35.367702],[-94.949126,35.367324],[-94.948583,35.366725],[-94.947434,35.364787],[-94.946904,35.364738],[-94.946532,35.36436],[-94.945952,35.364238],[-94.945075,35.363349]]],[[[-94.945388,35.366622],[-94.944829,35.366256],[-94.944354,35.364894],[-94.943646,35.363528],[-94.943471,35.363761],[-94.943122,35.36378],[-94.943345,35.364001],[-94.943355,35.364284],[-94.944245,35.366016],[-94.94505,35.366626],[-94.945159,35.366985],[-94.945676,35.367286],[-94.945647,35.366889],[-94.945388,35.366622]]],[[[-94.953727,35.374671],[-94.954015,35.375076],[-94.954614,35.376807],[-94.954972,35.376552],[-94.954724,35.376472],[-94.954831,35.376052],[-94.954505,35.3758],[-94.954677,35.375503],[-94.954076,35.374992],[-94.953973,35.374233],[-94.953229,35.37424],[-94.953727,35.374671]]],[[[-94.955459,35.37725],[-94.955649,35.377189],[-94.955693,35.376922],[-94.955459,35.37725]]],[[[-94.963386,35.352592],[-94.963388,35.352554],[-94.963294,35.352561],[-94.963386,35.352592]]],[[[-94.978452,35.344474],[-94.977578,35.344566],[-94.977305,35.344733],[-94.978375,35.345294],[-94.978795,35.345042],[-94.978452,35.344474]]],[[[-94.977141,35.344989],[-94.977056,35.344897],[-94.976775,35.345084],[-94.977971,35.345222],[-94.977141,35.344989]]],[[[-94.976899,35.344779],[-94.976823,35.344737],[-94.976649,35.344886],[-94.976899,35.344779]]],[[[-94.977004,35.344718],[-94.977094,35.344653],[-94.97693,35.344672],[-94.977004,35.344718]]],[[[-94.977149,35.344493],[-94.977559,35.344234],[-94.977004,35.344436],[-94.977149,35.344493]]],[[[-94.973802,35.34428],[-94.974015,35.3441],[-94.973851,35.343993],[-94.973577,35.343188],[-94.97338,35.343093],[-94.972899,35.343627],[-94.973525,35.344424],[-94.973802,35.34428]]],[[[-94.977746,35.344096],[-94.977901,35.344123],[-94.977801,35.34402],[-94.977746,35.344096]]],[[[-94.977168,35.344196],[-94.977466,35.344188],[-94.977344,35.344157],[-94.977168,35.344196]]],[[[-94.978122,35.344188],[-94.978103,35.344348],[-94.978236,35.344177],[-94.978122,35.344188]]],[[[-94.977792,35.344375],[-94.977849,35.344432],[-94.977931,35.344421],[-94.977792,35.344375]]],[[[-94.779651,35.339343],[-94.779382,35.339488],[-94.779761,35.339519],[-94.779651,35.339343]]],[[[-94.914771,35.329658],[-94.914979,35.329551],[-94.915378,35.32965],[-94.914941,35.329402],[-94.915204,35.328304],[-94.914474,35.328483],[-94.914462,35.328849],[-94.913928,35.329322],[-94.914144,35.329658],[-94.914771,35.329658]]],[[[-94.901372,35.324821],[-94.901381,35.32479],[-94.90133,35.32479],[-94.901372,35.324821]]],[[[-94.912164,35.320052],[-94.912097,35.319999],[-94.912099,35.320056],[-94.912164,35.320052]]],[[[-94.912349,35.319823],[-94.912339,35.319762],[-94.912274,35.319778],[-94.912349,35.319823]]],[[[-94.912667,35.319423],[-94.912652,35.319362],[-94.912597,35.319373],[-94.912667,35.319423]]],[[[-94.913001,35.318977],[-94.912915,35.318999],[-94.912974,35.31903],[-94.913001,35.318977]]],[[[-94.913322,35.318614],[-94.913302,35.318561],[-94.913241,35.31858],[-94.913322,35.318614]]],[[[-94.92405,35.311485],[-94.924039,35.311481],[-94.924041,35.311492],[-94.92405,35.311485]]],[[[-94.926885,35.31116],[-94.926879,35.311153],[-94.926875,35.31116],[-94.926885,35.31116]]],[[[-94.931886,35.310664],[-94.931876,35.310661],[-94.931876,35.310672],[-94.931886,35.310664]]],[[[-94.933421,35.298522],[-94.933337,35.29856],[-94.933364,35.298579],[-94.933421,35.298522]]],[[[-94.936889,35.299728],[-94.936994,35.299846],[-94.93723,35.299705],[-94.937093,35.299472],[-94.936889,35.299728]]],[[[-94.932673,35.298038],[-94.932588,35.298076],[-94.932616,35.298095],[-94.932673,35.298038]]],[[[-94.936839,35.29724],[-94.93661,35.297092],[-94.936013,35.297237],[-94.936795,35.297935],[-94.937097,35.297523],[-94.936839,35.29724]]],[[[-94.939418,35.294742],[-94.940196,35.293952],[-94.940131,35.29309],[-94.939675,35.293945],[-94.93924,35.294204],[-94.938592,35.294986],[-94.938605,35.295383],[-94.938964,35.295249],[-94.939418,35.294742]]],[[[-94.943055,35.285083],[-94.942298,35.285403],[-94.94196,35.285964],[-94.942605,35.285697],[-94.943055,35.285083]]],[[[-94.948468,35.283988],[-94.948257,35.283908],[-94.947827,35.284209],[-94.94731,35.284812],[-94.948039,35.284778],[-94.948346,35.284618],[-94.948468,35.283988]]],[[[-94.944373,35.284053],[-94.944964,35.283454],[-94.945071,35.283061],[-94.943887,35.284175],[-94.94411,35.284229],[-94.944373,35.284053]]],[[[-94.958564,35.282005],[-94.958529,35.281966],[-94.958472,35.281966],[-94.958564,35.282005]]],[[[-94.958432,35.281867],[-94.958222,35.281707],[-94.95844,35.281921],[-94.958432,35.281867]]],[[[-94.957099,35.280597],[-94.956265,35.279708],[-94.95621,35.279723],[-94.957099,35.280597]]],[[[-94.94838,35.280269],[-94.94806,35.280185],[-94.948054,35.28046],[-94.948253,35.280482],[-94.94838,35.280269]]],[[[-94.955678,35.279121],[-94.954513,35.278026],[-94.955859,35.279388],[-94.955678,35.279121]]],[[[-94.949901,35.278514],[-94.949391,35.278426],[-94.94884,35.278892],[-94.948981,35.278991],[-94.949891,35.278678],[-94.949901,35.278514]]],[[[-94.962789,35.277152],[-94.962993,35.277015],[-94.963353,35.276153],[-94.96375,35.275779],[-94.963857,35.275203],[-94.963491,35.27552],[-94.962375,35.277206],[-94.961961,35.277557],[-94.962789,35.277152]]],[[[-94.966504,35.272266],[-94.965859,35.272315],[-94.965051,35.272742],[-94.964774,35.2732],[-94.96485,35.273395],[-94.965312,35.273761],[-94.965591,35.273772],[-94.966109,35.273338],[-94.966649,35.273158],[-94.966689,35.272628],[-94.966504,35.272266]]],[[[-94.970849,35.266578],[-94.96948,35.266444],[-94.969047,35.266685],[-94.969068,35.266917],[-94.968799,35.267043],[-94.968747,35.267364],[-94.968528,35.26757],[-94.970315,35.26789],[-94.970845,35.267741],[-94.971032,35.266978],[-94.970849,35.266578]]],[[[-94.967937,35.263889],[-94.967973,35.26366],[-94.96774,35.263698],[-94.967725,35.263904],[-94.967937,35.263889]]],[[[-94.970099,35.263],[-94.970098,35.262984],[-94.970071,35.263],[-94.970099,35.263]]],[[[-94.969743,35.26295],[-94.969764,35.262939],[-94.969731,35.262939],[-94.969743,35.26295]]],[[[-94.969541,35.262923],[-94.969558,35.262901],[-94.969523,35.262908],[-94.969541,35.262923]]],[[[-94.968438,35.259505],[-94.961101,35.257972],[-94.961469,35.258163],[-94.969033,35.259788],[-94.968438,35.259505]]],[[[-94.97047,35.259185],[-94.970428,35.259177],[-94.970405,35.259261],[-94.97047,35.259185]]],[[[-94.96956,35.259002],[-94.96952,35.258994],[-94.969497,35.259078],[-94.96956,35.259002]]],[[[-94.964213,35.256602],[-94.964257,35.256812],[-94.964322,35.256713],[-94.964213,35.256602]]],[[[-94.961413,35.255794],[-94.961823,35.255614],[-94.96247,35.255756],[-94.962747,35.255641],[-94.962464,35.254527],[-94.962096,35.254367],[-94.962325,35.253867],[-94.962705,35.253692],[-94.962583,35.253547],[-94.960444,35.253482],[-94.960151,35.253699],[-94.960027,35.25394],[-94.960397,35.254398],[-94.961572,35.255393],[-94.961659,35.255599],[-94.961371,35.255748],[-94.96132,35.255958],[-94.961392,35.256122],[-94.961833,35.256],[-94.961478,35.255981],[-94.961413,35.255794]]],[[[-94.974093,35.245647],[-94.975137,35.244376],[-94.973186,35.244525],[-94.971337,35.244029],[-94.970861,35.24425],[-94.971257,35.243934],[-94.970958,35.243545],[-94.970975,35.242923],[-94.970834,35.242763],[-94.970271,35.242995],[-94.969888,35.242927],[-94.969369,35.242667],[-94.968873,35.241988],[-94.968461,35.241954],[-94.96841,35.24258],[-94.969359,35.243098],[-94.968402,35.244594],[-94.969085,35.244773],[-94.969434,35.244605],[-94.969836,35.244632],[-94.970058,35.244777],[-94.970098,35.245292],[-94.969888,35.246074],[-94.97034,35.246322],[-94.97041,35.246749],[-94.971387,35.245948],[-94.971952,35.245811],[-94.971923,35.246181],[-94.972388,35.24652],[-94.971768,35.248103],[-94.971896,35.248511],[-94.971269,35.249339],[-94.971746,35.250301],[-94.971677,35.251441],[-94.972861,35.24784],[-94.974093,35.245647]]],[[[-94.963691,35.249904],[-94.963529,35.249538],[-94.963332,35.249667],[-94.963561,35.249923],[-94.963506,35.250076],[-94.963685,35.250049],[-94.963691,35.249904]]],[[[-94.963311,35.24895],[-94.963166,35.248923],[-94.963405,35.249362],[-94.963311,35.24895]]],[[[-94.963416,35.24784],[-94.963162,35.248283],[-94.963229,35.248416],[-94.963416,35.24784]]],[[[-94.961265,35.24789],[-94.96115,35.247981],[-94.961301,35.248042],[-94.961265,35.24789]]],[[[-94.964746,35.247077],[-94.965024,35.246864],[-94.965072,35.247024],[-94.965289,35.247024],[-94.965251,35.24689],[-94.965772,35.246761],[-94.965961,35.246478],[-94.966472,35.246303],[-94.966481,35.246123],[-94.966769,35.246066],[-94.966798,35.245673],[-94.964732,35.246936],[-94.964597,35.247062],[-94.964746,35.247077]]],[[[-94.966374,35.245277],[-94.966744,35.244189],[-94.966563,35.243842],[-94.966439,35.243903],[-94.966413,35.244109],[-94.966607,35.244159],[-94.96627,35.2452],[-94.966374,35.245277]]],[[[-94.967387,35.24509],[-94.967864,35.245109],[-94.967851,35.244731],[-94.967387,35.24509]]],[[[-94.968274,35.244868],[-94.968368,35.244826],[-94.968276,35.24475],[-94.968274,35.244868]]],[[[-94.967269,35.241935],[-94.967401,35.241801],[-94.966867,35.241389],[-94.96684,35.241759],[-94.967134,35.242042],[-94.967269,35.241935]]],[[[-94.967458,35.241603],[-94.968261,35.241531],[-94.969144,35.241153],[-94.969174,35.241714],[-94.969619,35.242061],[-94.969886,35.242568],[-94.970798,35.242419],[-94.971164,35.242561],[-94.971734,35.24224],[-94.971515,35.241889],[-94.970954,35.241756],[-94.970681,35.240958],[-94.970254,35.240985],[-94.969441,35.240607],[-94.96835,35.24063],[-94.96804,35.240401],[-94.967799,35.240421],[-94.966943,35.24108],[-94.966929,35.241306],[-94.967458,35.241603]]],[[[-94.971551,35.243209],[-94.97214,35.243091],[-94.971442,35.242854],[-94.971402,35.243167],[-94.971551,35.243209]]],[[[-94.981071,35.242664],[-94.981854,35.242686],[-94.983129,35.241832],[-94.98544,35.241378],[-94.984664,35.240741],[-94.984553,35.240329],[-94.984736,35.23989],[-94.985074,35.239593],[-94.986701,35.239108],[-94.986625,35.238437],[-94.986131,35.237983],[-94.985597,35.237785],[-94.981893,35.240874],[-94.980022,35.242061],[-94.981071,35.242664]]],[[[-94.986728,35.239516],[-94.986651,35.2396],[-94.986795,35.239597],[-94.986728,35.239516]]],[[[-94.986552,35.239581],[-94.985875,35.239631],[-94.986152,35.239864],[-94.986552,35.239581]]],[[[-94.99145,35.239055],[-94.990991,35.239368],[-94.991164,35.239616],[-94.99145,35.239055]]],[[[-94.988959,35.232211],[-94.988372,35.231548],[-94.987927,35.231448],[-94.9868,35.23204],[-94.985173,35.234363],[-94.985051,35.23566],[-94.985204,35.236549],[-94.985547,35.236526],[-94.986251,35.235835],[-94.988959,35.232211]]],[[[-94.990348,35.229694],[-94.990083,35.229629],[-94.989772,35.229934],[-94.990033,35.230365],[-94.990348,35.229694]]],[[[-94.951169,35.274184],[-94.951318,35.274669],[-94.951932,35.275497],[-94.951169,35.274184]]],[[[-94.788632,35.326438],[-94.788382,35.326396],[-94.789212,35.326827],[-94.789653,35.326804],[-94.789061,35.326713],[-94.788632,35.326438]]],[[[-94.778844,35.318347],[-94.778981,35.318401],[-94.77896,35.318324],[-94.778844,35.318347]]],[[[-94.863755,35.401695],[-94.863242,35.402366],[-94.863187,35.40256],[-94.863376,35.402801],[-94.864221,35.402286],[-94.864402,35.402007],[-94.864106,35.401611],[-94.863755,35.401695]]],[[[-95.098439,35.49776],[-95.097913,35.497867],[-95.097903,35.498264],[-95.098537,35.497951],[-95.098439,35.49776]]],[[[-95.097293,35.499809],[-95.097205,35.499851],[-95.097306,35.499828],[-95.097293,35.499809]]],[[[-95.096851,35.499992],[-95.096486,35.500171],[-95.096913,35.50011],[-95.096851,35.499992]]],[[[-95.270236,35.635528],[-95.270295,35.635486],[-95.270377,35.635528],[-95.270236,35.635528]]],[[[-95.270236,35.635528],[-95.270212,35.635545],[-95.270227,35.635528],[-95.270236,35.635528]]],[[[-95.322421,35.839309],[-95.322414,35.839202],[-95.322448,35.839263],[-95.322421,35.839309]]],[[[-95.369513,35.855704],[-95.369754,35.856143],[-95.369397,35.856319],[-95.368694,35.855472],[-95.369348,35.856258],[-95.368959,35.856079],[-95.365478,35.851882],[-95.362684,35.849407],[-95.361566,35.84867],[-95.359598,35.847766],[-95.356759,35.846961],[-95.354707,35.846748],[-95.350311,35.84719],[-95.346095,35.847858],[-95.340461,35.84901],[-95.339528,35.849037],[-95.335885,35.849674],[-95.331783,35.849746],[-95.328647,35.8488],[-95.327152,35.848068],[-95.325013,35.846347],[-95.323983,35.84497],[-95.323434,35.844573],[-95.323049,35.844577],[-95.322913,35.844814],[-95.323163,35.845394],[-95.322444,35.84563],[-95.322717,35.844379],[-95.322524,35.843616],[-95.322765,35.84328],[-95.322788,35.842681],[-95.322536,35.841258],[-95.322387,35.839397],[-95.322587,35.839298],[-95.322412,35.839176],[-95.322065,35.834773],[-95.322309,35.833576],[-95.323715,35.830394],[-95.324361,35.828334],[-95.324624,35.826259],[-95.324333,35.823062],[-95.324682,35.821956],[-95.324716,35.821246],[-95.32427,35.818847],[-95.32343,35.815585],[-95.322934,35.814288],[-95.321203,35.811183],[-95.319734,35.809623],[-95.317329,35.807533],[-95.315778,35.806396],[-95.312129,35.804126],[-95.310006,35.80223],[-95.307731,35.800712],[-95.305465,35.799716],[-95.301847,35.798938],[-95.300285,35.798267],[-95.298509,35.797252],[-95.297635,35.796562],[-95.296403,35.795158],[-95.296319,35.794952],[-95.296497,35.795116],[-95.295152,35.79306],[-95.293887,35.794418],[-95.292508,35.79552],[-95.291299,35.796172],[-95.28882,35.796966],[-95.285638,35.797313],[-95.282602,35.797397],[-95.278161,35.797981],[-95.275697,35.798583],[-95.275033,35.796436],[-95.276389,35.796382],[-95.281661,35.795234],[-95.285312,35.794845],[-95.288675,35.794216],[-95.291559,35.793178],[-95.29371,35.791545],[-95.293477,35.791301],[-95.293573,35.790573],[-95.293456,35.789527],[-95.293008,35.789146],[-95.293264,35.788917],[-95.293365,35.787197],[-95.293554,35.786521],[-95.293334,35.786155],[-95.294433,35.784061],[-95.294509,35.783687],[-95.294378,35.783344],[-95.294986,35.782863],[-95.296417,35.780799],[-95.296314,35.780547],[-95.296907,35.778995],[-95.297241,35.77745],[-95.297246,35.776393],[-95.297731,35.773742],[-95.297586,35.772567],[-95.297883,35.770732],[-95.298085,35.770336],[-95.298208,35.768344],[-95.298402,35.767989],[-95.298168,35.767925],[-95.298049,35.765994],[-95.297126,35.766506],[-95.297336,35.766826],[-95.29734,35.767402],[-95.296489,35.767551],[-95.296386,35.766906],[-95.295913,35.76691],[-95.295949,35.767574],[-95.295617,35.767791],[-95.292131,35.767711],[-95.291969,35.767448],[-95.292026,35.766754],[-95.291847,35.766696],[-95.293557,35.76604],[-95.296069,35.765743],[-95.296596,35.766319],[-95.296943,35.766384],[-95.298101,35.765621],[-95.298141,35.764938],[-95.298364,35.764831],[-95.298198,35.764694],[-95.298059,35.7634],[-95.297881,35.76292],[-95.297767,35.762931],[-95.29786,35.762603],[-95.2972,35.760188],[-95.296228,35.757896],[-95.293769,35.753692],[-95.290946,35.749622],[-95.288661,35.747154],[-95.286851,35.744499],[-95.2856,35.74332],[-95.284265,35.742576],[-95.282354,35.741832],[-95.280431,35.741355],[-95.279798,35.740993],[-95.278367,35.740665],[-95.275811,35.740527],[-95.274177,35.740619],[-95.271482,35.741168],[-95.271745,35.741458],[-95.271705,35.741767],[-95.271648,35.741367],[-95.271419,35.741535],[-95.271289,35.741252],[-95.268729,35.741966],[-95.26871,35.741817],[-95.269035,35.741615],[-95.268905,35.741565],[-95.267724,35.741706],[-95.264686,35.742801],[-95.266668,35.74261],[-95.26703,35.742717],[-95.26588,35.742919],[-95.259996,35.744823],[-95.257312,35.746219],[-95.257573,35.746013],[-95.257451,35.745948],[-95.25649,35.746372],[-95.255437,35.746494],[-95.255546,35.746612],[-95.255204,35.746929],[-95.256147,35.746879],[-95.254138,35.747894],[-95.254264,35.748035],[-95.255803,35.747192],[-95.256728,35.747253],[-95.257205,35.746887],[-95.259485,35.746055],[-95.260154,35.746093],[-95.261825,35.7452],[-95.262119,35.745117],[-95.261777,35.745479],[-95.262059,35.745471],[-95.268184,35.743499],[-95.2693,35.743331],[-95.269325,35.743808],[-95.269189,35.743881],[-95.267999,35.743987],[-95.264962,35.745025],[-95.264783,35.745273],[-95.264617,35.7452],[-95.260442,35.746753],[-95.26023,35.746974],[-95.258544,35.747672],[-95.258447,35.747871],[-95.260431,35.747199],[-95.260989,35.747093],[-95.261596,35.747199],[-95.264116,35.746765],[-95.265926,35.746024],[-95.264173,35.747062],[-95.264041,35.747333],[-95.265352,35.746803],[-95.266778,35.746452],[-95.26525,35.747295],[-95.262254,35.748248],[-95.262298,35.74842],[-95.262677,35.748489],[-95.262195,35.748538],[-95.26193,35.748348],[-95.255082,35.749431],[-95.244148,35.75011],[-95.240295,35.750129],[-95.234313,35.749526],[-95.231588,35.749526],[-95.230132,35.749328],[-95.229615,35.749114],[-95.228765,35.749141],[-95.227458,35.748916],[-95.222495,35.747577],[-95.22067,35.746906],[-95.218715,35.745685],[-95.218389,35.745685],[-95.218251,35.745868],[-95.217815,35.745574],[-95.216499,35.743759],[-95.215631,35.742133],[-95.215324,35.739822],[-95.216069,35.73495],[-95.216007,35.730152],[-95.216598,35.726913],[-95.217469,35.724555],[-95.217519,35.723598],[-95.217845,35.722415],[-95.217616,35.722476],[-95.217515,35.722267],[-95.217717,35.721881],[-95.217912,35.722202],[-95.218595,35.719951],[-95.220405,35.715743],[-95.2205,35.714561],[-95.221128,35.713374],[-95.221229,35.712558],[-95.221851,35.71051],[-95.223397,35.706188],[-95.225566,35.70203],[-95.22737,35.699073],[-95.228334,35.698451],[-95.228896,35.697738],[-95.231313,35.695567],[-95.234124,35.693523],[-95.232129,35.694106],[-95.231471,35.69466],[-95.23105,35.694328],[-95.230853,35.693706],[-95.233798,35.692653],[-95.234426,35.692493],[-95.234847,35.692584],[-95.235477,35.692134],[-95.236325,35.691093],[-95.236928,35.690646],[-95.238851,35.688197],[-95.240806,35.686366],[-95.242055,35.68439],[-95.24254,35.684036],[-95.243039,35.683078],[-95.243316,35.682967],[-95.24373,35.681999],[-95.244067,35.681777],[-95.244214,35.681266],[-95.243848,35.68003],[-95.244092,35.679603],[-95.244542,35.679115],[-95.244888,35.679004],[-95.244867,35.678863],[-95.245757,35.678138],[-95.246127,35.677532],[-95.246328,35.67749],[-95.246293,35.677329],[-95.246728,35.676921],[-95.24674,35.676578],[-95.247237,35.675723],[-95.247827,35.675151],[-95.247787,35.67496],[-95.248269,35.674159],[-95.24937,35.672645],[-95.250425,35.671573],[-95.250627,35.671531],[-95.25085,35.670902],[-95.251483,35.670177],[-95.251825,35.670017],[-95.252168,35.669353],[-95.253192,35.668678],[-95.25364,35.667995],[-95.253774,35.667213],[-95.254108,35.666816],[-95.25435,35.666877],[-95.254255,35.66632],[-95.255807,35.664501],[-95.256284,35.664363],[-95.256585,35.664058],[-95.257129,35.66304],[-95.257095,35.662738],[-95.258092,35.661826],[-95.258687,35.660693],[-95.258912,35.659511],[-95.259418,35.658321],[-95.260112,35.657249],[-95.26048,35.657272],[-95.260341,35.656974],[-95.261155,35.655925],[-95.26131,35.655387],[-95.262162,35.654746],[-95.262681,35.654567],[-95.26303,35.654121],[-95.26348,35.654048],[-95.263692,35.653686],[-95.264117,35.653636],[-95.264959,35.653201],[-95.265956,35.652339],[-95.266441,35.652335],[-95.267196,35.651866],[-95.267307,35.651714],[-95.267068,35.651359],[-95.270004,35.64867],[-95.271276,35.649879],[-95.272397,35.649562],[-95.273048,35.64904],[-95.273971,35.646976],[-95.274263,35.644485],[-95.274112,35.644031],[-95.274219,35.642684],[-95.272901,35.639144],[-95.271493,35.636695],[-95.271251,35.636497],[-95.270818,35.636474],[-95.270641,35.636794],[-95.270793,35.636951],[-95.270015,35.636768],[-95.26982,35.63713],[-95.269635,35.636188],[-95.269321,35.636077],[-95.269857,35.635768],[-95.269895,35.635394],[-95.26992,35.635738],[-95.270047,35.63568],[-95.269975,35.635536],[-95.270286,35.635612],[-95.270112,35.635684],[-95.270202,35.635749],[-95.270566,35.635745],[-95.270549,35.635181],[-95.270276,35.635028],[-95.270192,35.634559],[-95.2688,35.632541],[-95.268825,35.632114],[-95.268327,35.631683],[-95.268306,35.631198],[-95.26847,35.631057],[-95.268195,35.630889],[-95.267947,35.629924],[-95.266395,35.627235],[-95.265809,35.626674],[-95.26506,35.626247],[-95.263597,35.624484],[-95.263101,35.624198],[-95.262473,35.624099],[-95.26168,35.623473],[-95.261682,35.623294],[-95.260829,35.622482],[-95.260829,35.622299],[-95.260501,35.622192],[-95.26056,35.621658],[-95.260293,35.621352],[-95.25998,35.621436],[-95.259734,35.620784],[-95.259238,35.620609],[-95.25892,35.6202],[-95.258912,35.61996],[-95.258346,35.61972],[-95.258247,35.619384],[-95.257747,35.619373],[-95.257556,35.619148],[-95.25764,35.618831],[-95.256482,35.618156],[-95.256156,35.617599],[-95.254846,35.617091],[-95.254394,35.616363],[-95.253665,35.615764],[-95.253555,35.615341],[-95.252374,35.615062],[-95.251933,35.614555],[-95.251872,35.614253],[-95.252408,35.61428],[-95.252376,35.614162],[-95.251575,35.613929],[-95.25043,35.613326],[-95.2488,35.611617],[-95.247775,35.61095],[-95.246213,35.61024],[-95.245172,35.608871],[-95.244422,35.609149],[-95.242433,35.609386],[-95.242112,35.609664],[-95.241599,35.609794],[-95.240905,35.60979],[-95.240594,35.609622],[-95.239122,35.610019],[-95.23784,35.61],[-95.237352,35.61037],[-95.236545,35.610648],[-95.235383,35.610488],[-95.234929,35.610168],[-95.234491,35.610076],[-95.234559,35.61032],[-95.234052,35.610515],[-95.232984,35.610359],[-95.231265,35.609775],[-95.229209,35.608394],[-95.227332,35.60749],[-95.225784,35.607101],[-95.223911,35.606357],[-95.223222,35.605899],[-95.222146,35.605583],[-95.221259,35.60482],[-95.218255,35.602985],[-95.216016,35.602424],[-95.214664,35.602298],[-95.213609,35.601787],[-95.213149,35.601955],[-95.210452,35.602245],[-95.206954,35.602317],[-95.203679,35.60313],[-95.198323,35.605102],[-95.194862,35.605407],[-95.190179,35.606239],[-95.189803,35.606246],[-95.189174,35.605892],[-95.186689,35.60543],[-95.185004,35.605304],[-95.1827,35.605628],[-95.184776,35.608009],[-95.185384,35.608497],[-95.186061,35.610286],[-95.186208,35.611369],[-95.186069,35.61182],[-95.186197,35.612022],[-95.185991,35.612228],[-95.185893,35.612933],[-95.184676,35.612903],[-95.184581,35.612464],[-95.184743,35.609744],[-95.184406,35.60902],[-95.183894,35.608905],[-95.184079,35.608562],[-95.183917,35.608337],[-95.18255,35.606818],[-95.18192,35.606391],[-95.180677,35.606468],[-95.180022,35.606296],[-95.178567,35.606689],[-95.17781,35.606204],[-95.176585,35.605846],[-95.17529,35.604778],[-95.174197,35.603099],[-95.173564,35.60268],[-95.173106,35.602119],[-95.170898,35.597469],[-95.170226,35.595638],[-95.169933,35.594203],[-95.169662,35.591358],[-95.169652,35.583358],[-95.169936,35.57875],[-95.169872,35.575488],[-95.169606,35.573306],[-95.169627,35.572212],[-95.169976,35.571616],[-95.17016,35.57048],[-95.169332,35.56924],[-95.169315,35.568927],[-95.169484,35.567104],[-95.17014,35.565624],[-95.170779,35.563113],[-95.170722,35.562202],[-95.171437,35.561824],[-95.171548,35.561599],[-95.17114,35.560806],[-95.170535,35.560119],[-95.169744,35.558318],[-95.16916,35.557395],[-95.168365,35.556766],[-95.168107,35.55677],[-95.168384,35.557487],[-95.168399,35.558498],[-95.168611,35.558482],[-95.168487,35.558532],[-95.168691,35.559413],[-95.168662,35.561233],[-95.168494,35.561752],[-95.168689,35.562442],[-95.168685,35.562804],[-95.168533,35.562923],[-95.168714,35.563335],[-95.16843,35.564021],[-95.168523,35.564426],[-95.168372,35.565318],[-95.167773,35.566798],[-95.167958,35.567703],[-95.167829,35.567756],[-95.167239,35.566181],[-95.16739,35.566367],[-95.167596,35.566184],[-95.1676,35.565711],[-95.167306,35.565646],[-95.167237,35.566123],[-95.167127,35.565814],[-95.167588,35.564708],[-95.167184,35.563674],[-95.166457,35.563251],[-95.166597,35.562766],[-95.16561,35.560249],[-95.165651,35.559902],[-95.165359,35.559673],[-95.164687,35.559894],[-95.1643,35.559776],[-95.163251,35.558547],[-95.1632,35.558234],[-95.163387,35.558292],[-95.163537,35.558036],[-95.165328,35.557067],[-95.165282,35.556762],[-95.166131,35.5559],[-95.166598,35.555816],[-95.167136,35.556331],[-95.167636,35.556083],[-95.167569,35.555854],[-95.16768,35.555793],[-95.16727,35.555423],[-95.167798,35.554939],[-95.168044,35.555171],[-95.167577,35.554515],[-95.167922,35.554328],[-95.16899,35.55556],[-95.168153,35.554466],[-95.171617,35.552631],[-95.174257,35.554618],[-95.175576,35.555381],[-95.176126,35.555492],[-95.17665,35.556213],[-95.180076,35.559062],[-95.181077,35.560294],[-95.181682,35.560714],[-95.181598,35.560832],[-95.182023,35.561347],[-95.182573,35.561366],[-95.182632,35.561744],[-95.182908,35.561897],[-95.182695,35.562301],[-95.183315,35.562534],[-95.183776,35.562919],[-95.183109,35.563125],[-95.182655,35.563091],[-95.182622,35.563213],[-95.18299,35.563525],[-95.183238,35.56433],[-95.183955,35.565177],[-95.183866,35.565864],[-95.184016,35.566669],[-95.184959,35.566978],[-95.185582,35.566947],[-95.184837,35.567161],[-95.184581,35.567737],[-95.184169,35.56779],[-95.183292,35.56824],[-95.18304,35.568149],[-95.18266,35.568267],[-95.182502,35.56845],[-95.182578,35.568752],[-95.182193,35.569419],[-95.18177,35.56974],[-95.181667,35.570117],[-95.181337,35.570304],[-95.181306,35.570709],[-95.180652,35.571105],[-95.180671,35.571487],[-95.179889,35.573245],[-95.180041,35.573848],[-95.179435,35.573974],[-95.179128,35.57421],[-95.178823,35.574897],[-95.178802,35.575874],[-95.178294,35.576904],[-95.178353,35.577209],[-95.17781,35.578697],[-95.17761,35.579902],[-95.177236,35.580356],[-95.175803,35.580707],[-95.175519,35.581313],[-95.175307,35.581409],[-95.175393,35.581546],[-95.175168,35.581748],[-95.175199,35.582225],[-95.174737,35.583164],[-95.174436,35.584956],[-95.173883,35.585353],[-95.173198,35.588146],[-95.173488,35.589332],[-95.173137,35.590858],[-95.173188,35.592304],[-95.173625,35.593383],[-95.174216,35.594058],[-95.176971,35.596004],[-95.179279,35.596759],[-95.179551,35.596977],[-95.182967,35.597373],[-95.185403,35.597247],[-95.185785,35.597415],[-95.189294,35.597499],[-95.1902,35.597179],[-95.191577,35.597331],[-95.193927,35.597305],[-95.198486,35.597019],[-95.200149,35.596488],[-95.201875,35.595603],[-95.20703,35.592208],[-95.208505,35.591502],[-95.209264,35.591319],[-95.209773,35.59085],[-95.211868,35.589652],[-95.212562,35.588958],[-95.21363,35.588401],[-95.214036,35.587051],[-95.215169,35.586334],[-95.215244,35.585956],[-95.21573,35.585201],[-95.216151,35.584869],[-95.217618,35.584743],[-95.218465,35.584873],[-95.219438,35.584655],[-95.221225,35.584617],[-95.222125,35.58477],[-95.226997,35.584663],[-95.227098,35.584609],[-95.226979,35.584308],[-95.227693,35.584228],[-95.227821,35.584342],[-95.227742,35.584464],[-95.228454,35.584918],[-95.232282,35.585742],[-95.233884,35.586276],[-95.237651,35.586952],[-95.238416,35.587573],[-95.240117,35.588031],[-95.241485,35.588191],[-95.242542,35.588126],[-95.246562,35.588943],[-95.247478,35.588939],[-95.248561,35.589355],[-95.249179,35.589862],[-95.253577,35.592059],[-95.257783,35.593494],[-95.260965,35.594913],[-95.261243,35.594901],[-95.260228,35.59407],[-95.260637,35.593192],[-95.260831,35.593993],[-95.260684,35.594081],[-95.26115,35.594096],[-95.261602,35.594337],[-95.261602,35.594806],[-95.261796,35.594817],[-95.262088,35.59452],[-95.262161,35.593948],[-95.262399,35.594554],[-95.263288,35.593967],[-95.26254,35.594856],[-95.264171,35.595035],[-95.263923,35.595107],[-95.263927,35.595367],[-95.263788,35.595428],[-95.263696,35.595264],[-95.262363,35.595172],[-95.262101,35.595607],[-95.262151,35.595882],[-95.262874,35.59671],[-95.26373,35.597156],[-95.26415,35.596916],[-95.264638,35.597038],[-95.265001,35.596557],[-95.26616,35.596675],[-95.265645,35.59674],[-95.265535,35.597141],[-95.265212,35.597038],[-95.264997,35.59735],[-95.264333,35.597286],[-95.264207,35.597427],[-95.265441,35.598083],[-95.266027,35.59811],[-95.265939,35.598304],[-95.266397,35.598705],[-95.266727,35.599403],[-95.266822,35.60025],[-95.267085,35.600208],[-95.267089,35.599628],[-95.26728,35.599296],[-95.26814,35.599998],[-95.267961,35.601253],[-95.267211,35.601035],[-95.267055,35.600738],[-95.266322,35.600593],[-95.265729,35.600127],[-95.265445,35.599014],[-95.265151,35.598914],[-95.264819,35.598468],[-95.264518,35.598525],[-95.264364,35.598205],[-95.263805,35.597926],[-95.264148,35.598632],[-95.264173,35.599319],[-95.264655,35.600799],[-95.264791,35.60226],[-95.265292,35.603744],[-95.265208,35.604434],[-95.265414,35.604659],[-95.265535,35.605682],[-95.265012,35.606159],[-95.26407,35.606178],[-95.263517,35.605605],[-95.263377,35.60485],[-95.262264,35.60482],[-95.261359,35.604148],[-95.260808,35.60295],[-95.260682,35.601444],[-95.259979,35.601444],[-95.258807,35.600955],[-95.257997,35.600295],[-95.256931,35.599853],[-95.256248,35.599288],[-95.255721,35.598331],[-95.254356,35.598113],[-95.253335,35.597698],[-95.252597,35.596668],[-95.251662,35.59637],[-95.250919,35.595847],[-95.250196,35.595058],[-95.249433,35.595119],[-95.248243,35.594447],[-95.247649,35.594474],[-95.248479,35.595474],[-95.250915,35.596393],[-95.252305,35.597686],[-95.25419,35.598548],[-95.255809,35.599952],[-95.256316,35.601321],[-95.257724,35.602416],[-95.258374,35.603496],[-95.258355,35.603774],[-95.259105,35.604522],[-95.259412,35.605686],[-95.259885,35.606296],[-95.259975,35.606838],[-95.260152,35.607105],[-95.260619,35.607333],[-95.262674,35.610015],[-95.263786,35.611747],[-95.264507,35.613284],[-95.265907,35.615638],[-95.268619,35.61954],[-95.269067,35.620433],[-95.271093,35.622939],[-95.272315,35.624915],[-95.27231,35.625186],[-95.273208,35.626361],[-95.273298,35.627277],[-95.273603,35.627807],[-95.274127,35.629707],[-95.274106,35.630168],[-95.274608,35.631549],[-95.2753,35.634643],[-95.275928,35.635749],[-95.276855,35.638831],[-95.277131,35.639198],[-95.277719,35.64083],[-95.277877,35.640792],[-95.278766,35.643081],[-95.279233,35.645194],[-95.279409,35.648761],[-95.279786,35.650333],[-95.279779,35.650977],[-95.279252,35.651679],[-95.278932,35.652854],[-95.278466,35.653571],[-95.27828,35.65377],[-95.277927,35.653629],[-95.277715,35.653766],[-95.276954,35.655227],[-95.275028,35.65705],[-95.273875,35.658611],[-95.273103,35.659087],[-95.271308,35.661826],[-95.270271,35.664447],[-95.269918,35.665759],[-95.270026,35.665984],[-95.269529,35.666763],[-95.269065,35.669566],[-95.268287,35.670829],[-95.267919,35.670944],[-95.267329,35.67155],[-95.267642,35.671462],[-95.267663,35.671645],[-95.267078,35.672191],[-95.266412,35.672546],[-95.265786,35.673766],[-95.261457,35.672992],[-95.261838,35.672378],[-95.262462,35.671958],[-95.26255,35.671748],[-95.262382,35.671554],[-95.260341,35.672069],[-95.259675,35.672744],[-95.258394,35.67311],[-95.257863,35.673061],[-95.255964,35.674377],[-95.254649,35.676761],[-95.25381,35.677955],[-95.253007,35.678768],[-95.253001,35.679576],[-95.25263,35.679946],[-95.252473,35.679679],[-95.252601,35.680248],[-95.251914,35.680705],[-95.25191,35.681011],[-95.250655,35.682952],[-95.247651,35.686855],[-95.246473,35.687946],[-95.246011,35.68859],[-95.244338,35.689899],[-95.241075,35.693096],[-95.238199,35.69654],[-95.237052,35.696822],[-95.233888,35.699542],[-95.231572,35.702232],[-95.231118,35.703254],[-95.22927,35.705627],[-95.228532,35.707492],[-95.226995,35.71236],[-95.226146,35.714408],[-95.224096,35.718395],[-95.223726,35.719566],[-95.222989,35.720619],[-95.220248,35.727008],[-95.22021,35.728317],[-95.21963,35.730781],[-95.219264,35.733558],[-95.219072,35.737506],[-95.21907,35.738693],[-95.219255,35.739684],[-95.220065,35.741378],[-95.222005,35.743251],[-95.223912,35.744438],[-95.226159,35.745468],[-95.228868,35.746246],[-95.23368,35.746738],[-95.244298,35.746944],[-95.247211,35.746787],[-95.249748,35.746066],[-95.255708,35.743404],[-95.258579,35.741737],[-95.262763,35.740005],[-95.263133,35.73962],[-95.263606,35.739509],[-95.263713,35.739608],[-95.264737,35.739112],[-95.266826,35.737808],[-95.268655,35.736888],[-95.270984,35.736553],[-95.273185,35.736484],[-95.273917,35.735999],[-95.274616,35.735793],[-95.274551,35.735992],[-95.27729,35.736423],[-95.278466,35.736877],[-95.280486,35.737365],[-95.282373,35.737632],[-95.284107,35.738273],[-95.286783,35.739585],[-95.288699,35.741153],[-95.289539,35.74155],[-95.290977,35.742866],[-95.291656,35.743709],[-95.293687,35.746906],[-95.294069,35.747772],[-95.296233,35.74977],[-95.296899,35.751243],[-95.296916,35.751632],[-95.298309,35.754302],[-95.298616,35.7555],[-95.299964,35.756267],[-95.300885,35.757537],[-95.301441,35.759803],[-95.301498,35.760982],[-95.30166,35.761436],[-95.301553,35.764236],[-95.302429,35.765884],[-95.302554,35.766521],[-95.302429,35.766757],[-95.302287,35.769115],[-95.302146,35.769161],[-95.301938,35.769813],[-95.302022,35.770694],[-95.301898,35.770786],[-95.30186,35.772361],[-95.301626,35.773872],[-95.301635,35.775333],[-95.301297,35.77713],[-95.30133,35.777713],[-95.300815,35.778518],[-95.300016,35.780815],[-95.29943,35.782012],[-95.299506,35.782523],[-95.300067,35.782794],[-95.299999,35.782897],[-95.299539,35.782596],[-95.299375,35.782642],[-95.298467,35.785259],[-95.298061,35.786929],[-95.297904,35.790428],[-95.298286,35.791137],[-95.298347,35.791583],[-95.298667,35.791908],[-95.298572,35.792076],[-95.29873,35.792838],[-95.299346,35.794048],[-95.300662,35.795631],[-95.302263,35.796798],[-95.302522,35.796825],[-95.302306,35.796649],[-95.302444,35.796642],[-95.302779,35.797023],[-95.303651,35.797263],[-95.304178,35.797122],[-95.305141,35.797351],[-95.305848,35.797134],[-95.305856,35.79737],[-95.306291,35.797477],[-95.30611,35.797241],[-95.308858,35.797588],[-95.30948,35.797523],[-95.309755,35.797283],[-95.309951,35.797584],[-95.31182,35.797485],[-95.312862,35.797176],[-95.313052,35.797325],[-95.31413,35.796871],[-95.314672,35.796863],[-95.314719,35.796707],[-95.314374,35.796684],[-95.314946,35.796489],[-95.315105,35.796279],[-95.31529,35.796279],[-95.315402,35.796604],[-95.315618,35.796554],[-95.315765,35.796245],[-95.31631,35.796222],[-95.316903,35.79597],[-95.318078,35.795253],[-95.31826,35.795238],[-95.318475,35.795482],[-95.320398,35.794578],[-95.320661,35.794723],[-95.322034,35.794574],[-95.324586,35.793895],[-95.325197,35.795604],[-95.32232,35.796146],[-95.321342,35.7966],[-95.321304,35.796741],[-95.320297,35.796958],[-95.315601,35.798942],[-95.312995,35.799556],[-95.309066,35.80006],[-95.312803,35.803104],[-95.320102,35.808238],[-95.322311,35.810462],[-95.324096,35.813636],[-95.325269,35.818023],[-95.325616,35.819976],[-95.325586,35.820587],[-95.325748,35.820632],[-95.326171,35.824752],[-95.325866,35.827575],[-95.323873,35.833152],[-95.323573,35.83551],[-95.323564,35.837016],[-95.323985,35.841445],[-95.324447,35.843231],[-95.324971,35.844386],[-95.325836,35.845561],[-95.326616,35.846271],[-95.327516,35.846904],[-95.329276,35.847732],[-95.334525,35.848243],[-95.339132,35.84806],[-95.339338,35.847904],[-95.342033,35.847343],[-95.342309,35.847415],[-95.346736,35.846839],[-95.351491,35.846027],[-95.354637,35.84476],[-95.356153,35.844367],[-95.359498,35.842979],[-95.362398,35.842059],[-95.364194,35.841018],[-95.364993,35.840301],[-95.365188,35.839771],[-95.366102,35.83892],[-95.368791,35.838054],[-95.371194,35.837978],[-95.372602,35.837623],[-95.374523,35.837467],[-95.376949,35.837463],[-95.379192,35.837837],[-95.382846,35.838924],[-95.383453,35.83924],[-95.383973,35.839935],[-95.383933,35.840988],[-95.383514,35.842517],[-95.382728,35.843974],[-95.381334,35.849769],[-95.381265,35.850463],[-95.381523,35.853469],[-95.381742,35.854591],[-95.383411,35.859664],[-95.384612,35.86169],[-95.387275,35.869163],[-95.387916,35.870368],[-95.387927,35.870769],[-95.388786,35.87144],[-95.388452,35.87223],[-95.38895,35.873577],[-95.38808,35.873771],[-95.387863,35.873401],[-95.387672,35.872394],[-95.387157,35.872039],[-95.387054,35.870998],[-95.386093,35.868842],[-95.384996,35.865043],[-95.384178,35.863075],[-95.38342,35.862071],[-95.381687,35.857723],[-95.380962,35.85551],[-95.380481,35.85308],[-95.380414,35.849948],[-95.380555,35.848289],[-95.381769,35.843894],[-95.383123,35.840671],[-95.383127,35.840228],[-95.382915,35.8399],[-95.382362,35.839431],[-95.381336,35.839118],[-95.376535,35.838268],[-95.373777,35.838241],[-95.369483,35.838886],[-95.367042,35.839553],[-95.366149,35.840125],[-95.364597,35.841899],[-95.363639,35.842563],[-95.360219,35.843562],[-95.357101,35.844917],[-95.354471,35.845767],[-95.354778,35.845996],[-95.356347,35.845939],[-95.359426,35.846607],[-95.361425,35.8474],[-95.363895,35.848842],[-95.365821,35.850372],[-95.367875,35.852649],[-95.369745,35.855686],[-95.369546,35.855865],[-95.369513,35.855704]]],[[[-95.369554,35.85564],[-95.369512,35.855701],[-95.369513,35.855704],[-95.369554,35.85564]]],[[[-95.33957,35.848949],[-95.339433,35.848941],[-95.339448,35.848983],[-95.33957,35.848949]]],[[[-95.339649,35.848907],[-95.339685,35.848953],[-95.33975,35.848911],[-95.339649,35.848907]]],[[[-95.339252,35.848121],[-95.339113,35.84811],[-95.339128,35.848152],[-95.339252,35.848121]]],[[[-95.339303,35.848045],[-95.339397,35.848079],[-95.339374,35.848022],[-95.339303,35.848045]]],[[[-95.322831,35.84349],[-95.322664,35.843562],[-95.3227,35.843749],[-95.323102,35.844219],[-95.322831,35.84349]]],[[[-95.323646,35.838821],[-95.323516,35.838764],[-95.323585,35.838943],[-95.323646,35.838821]]],[[[-95.297992,35.787044],[-95.297946,35.787017],[-95.297937,35.787063],[-95.297992,35.787044]]],[[[-95.298129,35.78664],[-95.29807,35.786632],[-95.298057,35.786689],[-95.298129,35.78664]]],[[[-95.298187,35.786258],[-95.298177,35.786304],[-95.298232,35.786285],[-95.298187,35.786258]]],[[[-95.298616,35.784904],[-95.298572,35.784873],[-95.298562,35.784923],[-95.298616,35.784904]]],[[[-95.298717,35.784549],[-95.298671,35.784519],[-95.298662,35.784564],[-95.298717,35.784549]]],[[[-95.298854,35.784126],[-95.298808,35.784095],[-95.298801,35.784141],[-95.298854,35.784126]]],[[[-95.298974,35.783733],[-95.29893,35.783702],[-95.298921,35.783748],[-95.298974,35.783733]]],[[[-95.299091,35.783332],[-95.299045,35.783302],[-95.299035,35.783347],[-95.299091,35.783332]]],[[[-95.299215,35.782924],[-95.299169,35.782897],[-95.299159,35.782943],[-95.299215,35.782924]]],[[[-95.299329,35.782523],[-95.299283,35.782493],[-95.299276,35.782539],[-95.299329,35.782523]]],[[[-95.299447,35.782127],[-95.299402,35.7821],[-95.299392,35.782146],[-95.299447,35.782127]]],[[[-95.299569,35.781722],[-95.299526,35.781692],[-95.299516,35.781738],[-95.299569,35.781722]]],[[[-95.29969,35.781326],[-95.299644,35.781299],[-95.299634,35.781345],[-95.29969,35.781326]]],[[[-95.29981,35.780925],[-95.299766,35.780895],[-95.299756,35.78094],[-95.29981,35.780925]]],[[[-95.299928,35.780555],[-95.299882,35.780528],[-95.299873,35.780574],[-95.299928,35.780555]]],[[[-95.300052,35.780124],[-95.300006,35.780094],[-95.299997,35.780139],[-95.300052,35.780124]]],[[[-95.300164,35.779724],[-95.300119,35.779693],[-95.300109,35.779743],[-95.300164,35.779724]]],[[[-95.300288,35.779319],[-95.300243,35.779292],[-95.300233,35.779338],[-95.300288,35.779319]]],[[[-95.300401,35.778922],[-95.300355,35.778892],[-95.300348,35.778941],[-95.300401,35.778922]]],[[[-95.300527,35.778522],[-95.300481,35.778495],[-95.300472,35.778541],[-95.300527,35.778522]]],[[[-95.300615,35.770469],[-95.300592,35.770381],[-95.300494,35.770404],[-95.300615,35.770469]]],[[[-95.300397,35.770381],[-95.300266,35.770427],[-95.300382,35.770461],[-95.300397,35.770381]]],[[[-95.30018,35.770358],[-95.300071,35.770427],[-95.300176,35.770454],[-95.30018,35.770358]]],[[[-95.299779,35.770301],[-95.299741,35.770217],[-95.299642,35.770267],[-95.299779,35.770301]]],[[[-95.3017,35.770198],[-95.30174,35.77029],[-95.30175,35.770202],[-95.3017,35.770198]]],[[[-95.301366,35.770179],[-95.301406,35.770274],[-95.301418,35.770183],[-95.301366,35.770179]]],[[[-95.298604,35.770221],[-95.298549,35.770156],[-95.298461,35.770217],[-95.298604,35.770221]]],[[[-95.301013,35.770156],[-95.301053,35.770248],[-95.301065,35.77016],[-95.301013,35.770156]]],[[[-95.300693,35.770141],[-95.300735,35.770233],[-95.300744,35.770145],[-95.300693,35.770141]]],[[[-95.300342,35.770114],[-95.30033,35.770206],[-95.300382,35.77021],[-95.300342,35.770114]]],[[[-95.29967,35.770172],[-95.299722,35.770175],[-95.299732,35.770088],[-95.29967,35.770172]]],[[[-95.298543,35.770122],[-95.298555,35.77003],[-95.298503,35.77003],[-95.298543,35.770122]]],[[[-95.301711,35.770027],[-95.301751,35.770118],[-95.301763,35.77003],[-95.301711,35.770027]]],[[[-95.301378,35.770007],[-95.301368,35.770099],[-95.301418,35.770099],[-95.301378,35.770007]]],[[[-95.301025,35.769985],[-95.301067,35.770076],[-95.301076,35.769988],[-95.301025,35.769985]]],[[[-95.300695,35.770057],[-95.300756,35.769973],[-95.300704,35.769969],[-95.300695,35.770057]]],[[[-95.300393,35.770038],[-95.300403,35.769946],[-95.300351,35.769943],[-95.300393,35.770038]]],[[[-95.299733,35.770007],[-95.299745,35.769916],[-95.299693,35.769912],[-95.299733,35.770007]]],[[[-95.298557,35.76995],[-95.298515,35.769855],[-95.298505,35.769946],[-95.298557,35.76995]]],[[[-95.300706,35.769809],[-95.300584,35.769748],[-95.300603,35.769836],[-95.300706,35.769809]]],[[[-95.300489,35.769779],[-95.300372,35.769721],[-95.300351,35.76979],[-95.300489,35.769779]]],[[[-95.300273,35.769794],[-95.300164,35.769718],[-95.300159,35.76979],[-95.300273,35.769794]]],[[[-95.299831,35.76971],[-95.299691,35.769737],[-95.299773,35.769786],[-95.299831,35.76971]]],[[[-95.298654,35.769676],[-95.298511,35.769657],[-95.298579,35.769729],[-95.298654,35.769676]]],[[[-95.294822,35.767391],[-95.294782,35.766929],[-95.294366,35.766952],[-95.294467,35.767696],[-95.294809,35.767681],[-95.294822,35.767391]]],[[[-95.295059,35.766879],[-95.295118,35.767631],[-95.29532,35.767627],[-95.295316,35.766876],[-95.295059,35.766879]]],[[[-95.263646,35.739665],[-95.263259,35.739879],[-95.263461,35.73986],[-95.263646,35.739665]]],[[[-95.263183,35.672096],[-95.262925,35.672084],[-95.262676,35.672523],[-95.262956,35.672675],[-95.263419,35.67245],[-95.263719,35.672721],[-95.264261,35.672572],[-95.263582,35.67242],[-95.263183,35.672096]]],[[[-95.257612,35.67311],[-95.258014,35.672859],[-95.258886,35.672759],[-95.258779,35.672603],[-95.259763,35.672187],[-95.260072,35.671871],[-95.25983,35.671531],[-95.260194,35.671756],[-95.260759,35.671527],[-95.260194,35.671146],[-95.259382,35.671211],[-95.258353,35.672054],[-95.258064,35.672496],[-95.256965,35.673236],[-95.256887,35.673686],[-95.257612,35.67311]]],[[[-95.263725,35.670688],[-95.262454,35.671447],[-95.262876,35.671649],[-95.262605,35.671752],[-95.262786,35.671958],[-95.263232,35.671878],[-95.263587,35.67216],[-95.264163,35.672313],[-95.263789,35.671661],[-95.264161,35.67155],[-95.264199,35.671378],[-95.265498,35.670547],[-95.264045,35.670478],[-95.263725,35.670688]]],[[[-95.260707,35.669978],[-95.260621,35.670135],[-95.260602,35.669978],[-95.259834,35.67039],[-95.259691,35.670612],[-95.259902,35.670638],[-95.261607,35.670245],[-95.262668,35.669822],[-95.26152,35.670032],[-95.261567,35.669891],[-95.262328,35.6697],[-95.261781,35.669608],[-95.260707,35.669978]]],[[[-95.260904,35.671352],[-95.26226,35.671295],[-95.263976,35.670451],[-95.26547,35.670371],[-95.266382,35.669689],[-95.26686,35.669528],[-95.267505,35.668758],[-95.266324,35.668952],[-95.265838,35.668884],[-95.2632,35.67012],[-95.263007,35.669967],[-95.26255,35.670295],[-95.260427,35.670741],[-95.260164,35.67086],[-95.260904,35.671352]]],[[[-95.259057,35.670657],[-95.259958,35.669841],[-95.260825,35.669387],[-95.260947,35.669044],[-95.259948,35.669677],[-95.259727,35.669639],[-95.260823,35.668853],[-95.260768,35.668701],[-95.261216,35.668384],[-95.25987,35.669059],[-95.259261,35.670135],[-95.258682,35.670772],[-95.258826,35.670848],[-95.259057,35.670657]]],[[[-95.261346,35.668281],[-95.261646,35.668113],[-95.261222,35.6683],[-95.261346,35.668281]]],[[[-95.267074,35.667888],[-95.266092,35.668506],[-95.265903,35.66883],[-95.266475,35.668903],[-95.267036,35.668628],[-95.266843,35.668502],[-95.267274,35.668575],[-95.267949,35.668426],[-95.268117,35.667636],[-95.268512,35.667091],[-95.267074,35.667888]]],[[[-95.26625,35.667678],[-95.26633,35.667926],[-95.267904,35.666919],[-95.268123,35.666972],[-95.268556,35.666751],[-95.268539,35.666328],[-95.26761,35.666637],[-95.26625,35.667678]]],[[[-95.265584,35.666942],[-95.262143,35.668727],[-95.262624,35.668243],[-95.261636,35.66862],[-95.261159,35.668975],[-95.260944,35.669383],[-95.263276,35.669444],[-95.264129,35.668979],[-95.262748,35.669341],[-95.262601,35.669223],[-95.26539,35.668414],[-95.266151,35.667735],[-95.265569,35.668197],[-95.264646,35.668575],[-95.265699,35.667804],[-95.264865,35.667945],[-95.265064,35.667812],[-95.264751,35.667632],[-95.264814,35.667548],[-95.265521,35.667728],[-95.266134,35.667487],[-95.267501,35.666286],[-95.267209,35.66629],[-95.266114,35.667033],[-95.266687,35.666423],[-95.267123,35.666251],[-95.266755,35.666255],[-95.265584,35.666942]]],[[[-95.267074,35.665469],[-95.266536,35.665859],[-95.266256,35.665656],[-95.26633,35.665576],[-95.265977,35.66563],[-95.264682,35.666961],[-95.265744,35.666568],[-95.267066,35.665794],[-95.267501,35.665752],[-95.267833,35.665901],[-95.267658,35.665408],[-95.267074,35.665469]]],[[[-95.26608,35.66455],[-95.265794,35.66447],[-95.265828,35.664634],[-95.266675,35.664825],[-95.26608,35.66455]]],[[[-95.260741,35.668395],[-95.262065,35.667774],[-95.263705,35.667503],[-95.26522,35.666251],[-95.265891,35.665462],[-95.266414,35.665481],[-95.267013,35.665157],[-95.26608,35.665172],[-95.265321,35.665767],[-95.264472,35.66579],[-95.264819,35.665206],[-95.264499,35.66505],[-95.264695,35.664234],[-95.265151,35.664211],[-95.265596,35.664493],[-95.26539,35.664176],[-95.264827,35.663875],[-95.263786,35.66405],[-95.262107,35.665115],[-95.260648,35.666602],[-95.259794,35.668826],[-95.260741,35.668395]]],[[[-95.264325,35.663898],[-95.264726,35.663791],[-95.264486,35.663726],[-95.263824,35.663867],[-95.264325,35.663898]]],[[[-95.264877,35.663539],[-95.265876,35.664085],[-95.26727,35.663917],[-95.267104,35.664073],[-95.265981,35.664207],[-95.267446,35.664672],[-95.267473,35.66479],[-95.267905,35.664733],[-95.26805,35.664512],[-95.268022,35.663829],[-95.267102,35.663291],[-95.265987,35.662917],[-95.265226,35.662708],[-95.264457,35.663017],[-95.264152,35.663249],[-95.264877,35.663539]]],[[[-95.268409,35.664005],[-95.268686,35.664108],[-95.26881,35.66368],[-95.268302,35.663295],[-95.268245,35.662944],[-95.269313,35.661983],[-95.269214,35.661853],[-95.268392,35.661861],[-95.26876,35.661765],[-95.268108,35.661659],[-95.268516,35.661701],[-95.269803,35.661403],[-95.269748,35.661189],[-95.269271,35.661239],[-95.269223,35.661113],[-95.269735,35.660812],[-95.270145,35.660327],[-95.269893,35.660201],[-95.269029,35.660262],[-95.27053,35.660087],[-95.271564,35.659564],[-95.271869,35.659072],[-95.268266,35.660281],[-95.266591,35.661319],[-95.265191,35.66246],[-95.267478,35.663272],[-95.268245,35.663646],[-95.268409,35.664005]]],[[[-95.261369,35.65615],[-95.261157,35.656154],[-95.261205,35.656432],[-95.261369,35.65615]]],[[[-95.268296,35.650619],[-95.267629,35.651416],[-95.267486,35.651973],[-95.267764,35.652015],[-95.267984,35.651798],[-95.268794,35.651565],[-95.269004,35.651176],[-95.268699,35.650791],[-95.268296,35.650619]]],[[[-95.27428,35.656154],[-95.274364,35.656028],[-95.27336,35.656299],[-95.27259,35.65697],[-95.272594,35.656734],[-95.27324,35.65586],[-95.273227,35.655505],[-95.272344,35.656452],[-95.272138,35.656516],[-95.272056,35.656181],[-95.273191,35.654956],[-95.274215,35.654975],[-95.274503,35.654697],[-95.274688,35.654392],[-95.274638,35.654109],[-95.274154,35.654029],[-95.273269,35.654392],[-95.27406,35.653785],[-95.274349,35.653381],[-95.274329,35.653102],[-95.274951,35.652725],[-95.275073,35.652297],[-95.276021,35.650905],[-95.276067,35.6506],[-95.273114,35.654044],[-95.271713,35.655399],[-95.271297,35.656024],[-95.270236,35.656768],[-95.269246,35.658279],[-95.27246,35.657546],[-95.273118,35.657176],[-95.27428,35.656154]]],[[[-95.269529,35.650188],[-95.269349,35.650222],[-95.269702,35.650543],[-95.269529,35.650188]]],[[[-95.240171,35.608093],[-95.238292,35.608589],[-95.237378,35.608936],[-95.236991,35.609294],[-95.238961,35.608669],[-95.240171,35.608093]]],[[[-95.249269,35.610988],[-95.24804,35.610194],[-95.247689,35.609187],[-95.247064,35.608611],[-95.246661,35.608463],[-95.245847,35.60762],[-95.245057,35.607421],[-95.243222,35.607528],[-95.243604,35.607879],[-95.244699,35.607971],[-95.245769,35.608398],[-95.246265,35.608955],[-95.246743,35.609096],[-95.246768,35.609454],[-95.246381,35.609668],[-95.246627,35.609863],[-95.247951,35.6104],[-95.248603,35.610938],[-95.249269,35.610988]]],[[[-95.235765,35.608409],[-95.236812,35.608192],[-95.237064,35.608348],[-95.237977,35.608005],[-95.238603,35.608188],[-95.239604,35.607925],[-95.240422,35.60728],[-95.24096,35.607112],[-95.24114,35.606925],[-95.240979,35.606624],[-95.240434,35.606574],[-95.238765,35.607101],[-95.236636,35.60733],[-95.232425,35.606258],[-95.230973,35.605991],[-95.230476,35.606128],[-95.232316,35.606548],[-95.232497,35.606632],[-95.232402,35.606956],[-95.232537,35.607181],[-95.23297,35.607433],[-95.235204,35.608451],[-95.235765,35.608409]]],[[[-95.235391,35.606223],[-95.237743,35.606235],[-95.23907,35.605968],[-95.241348,35.605323],[-95.241819,35.605033],[-95.241866,35.604736],[-95.241346,35.604469],[-95.236594,35.604217],[-95.234411,35.60361],[-95.234058,35.603698],[-95.234422,35.60419],[-95.234077,35.604675],[-95.234264,35.604896],[-95.23524,35.605209],[-95.236186,35.604801],[-95.236194,35.604915],[-95.236646,35.604869],[-95.236963,35.604598],[-95.238168,35.604816],[-95.236486,35.604976],[-95.236171,35.605277],[-95.235135,35.605449],[-95.233739,35.605354],[-95.233226,35.605464],[-95.233251,35.605689],[-95.235391,35.606223]]],[[[-95.234479,35.601287],[-95.233508,35.601554],[-95.233365,35.601745],[-95.2334,35.602321],[-95.232396,35.603038],[-95.232402,35.603366],[-95.232686,35.603362],[-95.233503,35.602763],[-95.234634,35.602897],[-95.235185,35.602557],[-95.235278,35.602237],[-95.234567,35.601661],[-95.234479,35.601287]]],[[[-95.235265,35.601371],[-95.235475,35.601341],[-95.235158,35.601154],[-95.235265,35.601371]]],[[[-95.234821,35.601173],[-95.234943,35.601527],[-95.235299,35.601585],[-95.234906,35.601058],[-95.234821,35.601173]]],[[[-95.235965,35.60366],[-95.239932,35.604209],[-95.242231,35.604179],[-95.24245,35.604049],[-95.240539,35.601775],[-95.23931,35.601123],[-95.239003,35.60073],[-95.238759,35.600665],[-95.238742,35.600471],[-95.23854,35.600711],[-95.238242,35.600742],[-95.236686,35.600368],[-95.235221,35.600833],[-95.235213,35.601028],[-95.235341,35.600879],[-95.235709,35.600971],[-95.237004,35.6025],[-95.237956,35.602634],[-95.238563,35.603149],[-95.23858,35.603248],[-95.238145,35.60308],[-95.237649,35.603214],[-95.237403,35.602905],[-95.235908,35.602943],[-95.235667,35.603084],[-95.235917,35.603275],[-95.23587,35.603442],[-95.235357,35.603519],[-95.235965,35.60366]]],[[[-95.228429,35.603454],[-95.230252,35.602226],[-95.230684,35.601779],[-95.231111,35.601566],[-95.23191,35.601466],[-95.233552,35.600498],[-95.233794,35.600543],[-95.232917,35.601234],[-95.232818,35.601432],[-95.23293,35.60147],[-95.234079,35.6007],[-95.235193,35.600517],[-95.235427,35.599681],[-95.233314,35.59983],[-95.232358,35.600158],[-95.232261,35.600345],[-95.231921,35.600368],[-95.228883,35.602233],[-95.227538,35.602752],[-95.225833,35.602882],[-95.225412,35.603385],[-95.225967,35.60321],[-95.228429,35.603454]]],[[[-95.26657,35.599536],[-95.266723,35.599494],[-95.266647,35.599426],[-95.26657,35.599536]]],[[[-95.230462,35.59988],[-95.229684,35.599822],[-95.23068,35.599532],[-95.230687,35.599387],[-95.229402,35.599159],[-95.228385,35.601066],[-95.228471,35.60136],[-95.228833,35.601455],[-95.229646,35.600444],[-95.230462,35.59988]]],[[[-95.233047,35.598659],[-95.233142,35.59846],[-95.232599,35.598434],[-95.232991,35.598316],[-95.232465,35.598136],[-95.231805,35.59819],[-95.23096,35.597801],[-95.230573,35.597846],[-95.230281,35.598274],[-95.230815,35.598693],[-95.231967,35.599048],[-95.233047,35.598659]]],[[[-95.221591,35.598743],[-95.221906,35.598525],[-95.221801,35.598216],[-95.221343,35.59809],[-95.220308,35.597274],[-95.219802,35.597446],[-95.219856,35.598045],[-95.219602,35.598331],[-95.219775,35.598525],[-95.221591,35.598743]]],[[[-95.227107,35.597293],[-95.227241,35.597244],[-95.226602,35.597087],[-95.227107,35.597293]]],[[[-95.232387,35.596996],[-95.23219,35.596992],[-95.232648,35.597225],[-95.232894,35.597591],[-95.232127,35.597289],[-95.231591,35.597556],[-95.23083,35.59756],[-95.230314,35.597747],[-95.234035,35.597961],[-95.234105,35.597766],[-95.23367,35.597461],[-95.232387,35.596996]]],[[[-95.227403,35.596576],[-95.226999,35.596526],[-95.227262,35.596595],[-95.227403,35.596576]]],[[[-95.233913,35.596271],[-95.232551,35.596778],[-95.23466,35.597743],[-95.234998,35.597007],[-95.234901,35.596542],[-95.234515,35.59624],[-95.233913,35.596271]]],[[[-95.224269,35.598495],[-95.224628,35.598583],[-95.226159,35.598312],[-95.226241,35.597984],[-95.225589,35.595668],[-95.225692,35.595386],[-95.226283,35.595115],[-95.226169,35.594852],[-95.226279,35.594543],[-95.226732,35.5946],[-95.227229,35.594375],[-95.227031,35.594085],[-95.225888,35.594135],[-95.223829,35.595153],[-95.22346,35.595371],[-95.22327,35.595821],[-95.222839,35.596134],[-95.222045,35.596259],[-95.221896,35.596492],[-95.223325,35.597545],[-95.223857,35.598327],[-95.224269,35.598495]]],[[[-95.234599,35.594142],[-95.233829,35.594146],[-95.232885,35.594543],[-95.233672,35.594608],[-95.234079,35.594371],[-95.234584,35.594379],[-95.234401,35.594726],[-95.232955,35.594779],[-95.231582,35.594531],[-95.229758,35.594787],[-95.229261,35.595035],[-95.228833,35.594947],[-95.226644,35.596343],[-95.227945,35.596294],[-95.228297,35.596431],[-95.229139,35.596267],[-95.229669,35.59634],[-95.22986,35.596202],[-95.230186,35.59629],[-95.230579,35.595935],[-95.231143,35.596038],[-95.232066,35.595916],[-95.23315,35.596088],[-95.23389,35.595775],[-95.23475,35.595676],[-95.235173,35.595363],[-95.235238,35.595016],[-95.234975,35.594451],[-95.234599,35.594142]]],[[[-95.247009,35.594119],[-95.247537,35.594295],[-95.247142,35.593971],[-95.246915,35.594024],[-95.247009,35.594119]]],[[[-95.230266,35.594196],[-95.233106,35.594283],[-95.234205,35.593822],[-95.234174,35.593593],[-95.233451,35.592986],[-95.231868,35.59259],[-95.231321,35.592296],[-95.230283,35.591098],[-95.22972,35.59085],[-95.229488,35.590556],[-95.22964,35.59045],[-95.228791,35.590431],[-95.228023,35.590972],[-95.227971,35.591239],[-95.228288,35.591197],[-95.228652,35.591441],[-95.228585,35.591625],[-95.228162,35.591781],[-95.227967,35.592365],[-95.228219,35.592868],[-95.228868,35.592967],[-95.228957,35.593398],[-95.229961,35.593292],[-95.229705,35.593658],[-95.230266,35.594196]]],[[[-95.228576,35.590476],[-95.228633,35.590282],[-95.228458,35.590247],[-95.227712,35.59056],[-95.227626,35.591068],[-95.227803,35.591075],[-95.228143,35.590629],[-95.228576,35.590476]]],[[[-95.227197,35.59024],[-95.22718,35.590015],[-95.226867,35.590164],[-95.22676,35.590614],[-95.227197,35.59024]]],[[[-95.227832,35.589488],[-95.227723,35.58924],[-95.227456,35.589126],[-95.226823,35.589191],[-95.226773,35.588867],[-95.226125,35.589095],[-95.226197,35.589534],[-95.226636,35.589587],[-95.226722,35.589946],[-95.227609,35.589763],[-95.227832,35.589488]]],[[[-95.167356,35.565582],[-95.167606,35.565589],[-95.167587,35.565116],[-95.167356,35.565582]]],[[[-95.172513,35.565322],[-95.172185,35.565002],[-95.172078,35.565135],[-95.172227,35.565437],[-95.172202,35.566093],[-95.172416,35.56639],[-95.172757,35.566253],[-95.172887,35.565936],[-95.172765,35.565467],[-95.172513,35.565322]]],[[[-95.172965,35.563113],[-95.172939,35.56298],[-95.172065,35.56266],[-95.172929,35.564727],[-95.173185,35.564025],[-95.172965,35.563113]]],[[[-95.182632,35.561954],[-95.18259,35.5619],[-95.182452,35.562022],[-95.182632,35.561954]]],[[[-95.173042,35.559509],[-95.172897,35.559417],[-95.17275,35.559577],[-95.173,35.559982],[-95.172696,35.560138],[-95.173328,35.561115],[-95.173484,35.561149],[-95.173499,35.560241],[-95.173042,35.559509]]],[[[-95.167463,35.555557],[-95.167472,35.555545],[-95.167459,35.555541],[-95.167463,35.555557]]],[[[-95.167449,35.555419],[-95.16744,35.555412],[-95.167432,35.555427],[-95.167449,35.555419]]],[[[-95.537467,36.058994],[-95.533613,36.056953],[-95.533571,36.057048],[-95.535305,36.057968],[-95.535085,36.058235],[-95.534793,36.058093],[-95.534629,36.058189],[-95.534994,36.0582],[-95.534982,36.058315],[-95.535709,36.058612],[-95.535409,36.058502],[-95.535211,36.058631],[-95.53169,36.056861],[-95.530044,36.056392],[-95.529611,36.056072],[-95.529544,36.055602],[-95.529008,36.055126],[-95.526662,36.053874],[-95.525358,36.052905],[-95.524248,36.05162],[-95.523363,36.050876],[-95.52252,36.049404],[-95.522367,36.04887],[-95.522491,36.047756],[-95.52217,36.043785],[-95.522922,36.040168],[-95.523908,36.03733],[-95.524692,36.036216],[-95.524759,36.035831],[-95.527538,36.032669],[-95.530061,36.028758],[-95.53067,36.026767],[-95.531732,36.024528],[-95.533678,36.021736],[-95.534255,36.020374],[-95.537197,36.015029],[-95.542133,36.00502],[-95.542873,36.002635],[-95.543306,36.000587],[-95.543312,35.999244],[-95.543077,35.998111],[-95.543069,35.995933],[-95.543331,35.994018],[-95.543102,35.992278],[-95.542076,35.988761],[-95.540277,35.98524],[-95.537729,35.981689],[-95.535961,35.979865],[-95.535823,35.979988],[-95.535814,35.979667],[-95.534494,35.978446],[-95.532516,35.976825],[-95.530305,35.975341],[-95.5265,35.973403],[-95.524082,35.972789],[-95.517255,35.970306],[-95.512128,35.968925],[-95.509014,35.968322],[-95.505363,35.967113],[-95.504836,35.967586],[-95.505121,35.967071],[-95.503475,35.966533],[-95.502443,35.965984],[-95.500894,35.965076],[-95.499372,35.963943],[-95.49796,35.96236],[-95.496559,35.960288],[-95.494993,35.96088],[-95.495109,35.960578],[-95.496219,35.959953],[-95.496272,35.959777],[-95.495281,35.958267],[-95.492343,35.952747],[-95.491111,35.949733],[-95.490219,35.945415],[-95.490272,35.944702],[-95.489694,35.941059],[-95.488126,35.931533],[-95.487565,35.928943],[-95.487419,35.926853],[-95.485797,35.922904],[-95.483041,35.916866],[-95.4822,35.915523],[-95.480325,35.911594],[-95.478948,35.909381],[-95.478444,35.908985],[-95.478536,35.908824],[-95.478033,35.908245],[-95.475833,35.906913],[-95.473194,35.906146],[-95.464887,35.90594],[-95.462455,35.906062],[-95.460616,35.905883],[-95.459434,35.90549],[-95.45808,35.904746],[-95.456348,35.902969],[-95.455318,35.902313],[-95.451089,35.900764],[-95.450061,35.900058],[-95.438756,35.894859],[-95.434007,35.893726],[-95.430801,35.893405],[-95.428348,35.892898],[-95.423324,35.892219],[-95.417882,35.890846],[-95.417583,35.891269],[-95.417001,35.891544],[-95.416911,35.891799],[-95.416379,35.892108],[-95.414756,35.891799],[-95.414811,35.891265],[-95.415243,35.890487],[-95.41434,35.889797],[-95.41097,35.888843],[-95.410442,35.888843],[-95.409871,35.88853],[-95.403371,35.886703],[-95.403158,35.886512],[-95.400339,35.885833],[-95.396013,35.884258],[-95.394777,35.882965],[-95.391216,35.880248],[-95.389671,35.878776],[-95.389371,35.878696],[-95.385383,35.875541],[-95.382543,35.872962],[-95.380472,35.870616],[-95.371583,35.859374],[-95.371034,35.859119],[-95.370429,35.858314],[-95.370601,35.857963],[-95.371421,35.858829],[-95.370611,35.857799],[-95.370921,35.857639],[-95.371499,35.858188],[-95.371122,35.857719],[-95.371597,35.857509],[-95.371848,35.857669],[-95.374183,35.860652],[-95.377353,35.865379],[-95.381526,35.87062],[-95.38354,35.872875],[-95.385084,35.87424],[-95.385991,35.874481],[-95.388561,35.876487],[-95.388656,35.876441],[-95.3884,35.87519],[-95.387943,35.873905],[-95.3891,35.873653],[-95.389409,35.874507],[-95.389934,35.874858],[-95.390191,35.874755],[-95.390338,35.874153],[-95.391233,35.873947],[-95.39133,35.874637],[-95.390762,35.875373],[-95.391294,35.87556],[-95.391816,35.876075],[-95.391328,35.875671],[-95.390687,35.87553],[-95.389957,35.876106],[-95.391542,35.878509],[-95.392543,35.879508],[-95.396274,35.88198],[-95.397916,35.883376],[-95.399665,35.884311],[-95.403159,35.885631],[-95.415487,35.888969],[-95.415689,35.888885],[-95.41571,35.888576],[-95.415075,35.888294],[-95.415407,35.888317],[-95.415927,35.887569],[-95.416591,35.88697],[-95.417007,35.886833],[-95.417348,35.886447],[-95.417287,35.886226],[-95.417541,35.886444],[-95.419248,35.885642],[-95.420509,35.885394],[-95.421794,35.885703],[-95.422798,35.886123],[-95.42354,35.887348],[-95.423799,35.887252],[-95.423648,35.887546],[-95.424232,35.888996],[-95.423238,35.889297],[-95.422546,35.887622],[-95.421922,35.886794],[-95.42122,35.886447],[-95.420192,35.886321],[-95.418718,35.886863],[-95.418689,35.887294],[-95.418371,35.88787],[-95.4188,35.888976],[-95.418586,35.8894],[-95.418172,35.889514],[-95.417734,35.888984],[-95.417734,35.888786],[-95.416929,35.88858],[-95.416324,35.8889],[-95.416314,35.889247],[-95.421274,35.890678],[-95.424787,35.891391],[-95.424993,35.891193],[-95.423913,35.890201],[-95.423561,35.889583],[-95.424341,35.889133],[-95.425483,35.89038],[-95.425239,35.890552],[-95.425722,35.890663],[-95.425323,35.890754],[-95.425243,35.891254],[-95.425359,35.891353],[-95.43621,35.89294],[-95.439935,35.894031],[-95.441131,35.89376],[-95.441749,35.893054],[-95.442308,35.892024],[-95.444066,35.890407],[-95.444868,35.890041],[-95.446113,35.89019],[-95.447191,35.890712],[-95.448379,35.892024],[-95.44902,35.893089],[-95.449371,35.894058],[-95.449615,35.895881],[-95.44872,35.896018],[-95.448202,35.893638],[-95.447685,35.892612],[-95.446424,35.891342],[-95.445545,35.890922],[-95.445075,35.890891],[-95.444417,35.891174],[-95.444101,35.892547],[-95.443654,35.893493],[-95.442752,35.894184],[-95.441547,35.894439],[-95.441413,35.894622],[-95.441726,35.894821],[-95.448825,35.898094],[-95.449071,35.897865],[-95.448812,35.897655],[-95.448753,35.896617],[-95.448896,35.896282],[-95.449298,35.896205],[-95.449516,35.896385],[-95.449815,35.897796],[-95.449701,35.898059],[-95.449222,35.898044],[-95.449129,35.898281],[-95.452211,35.899948],[-95.455947,35.901466],[-95.456958,35.902072],[-95.459796,35.903201],[-95.461435,35.904056],[-95.465032,35.904704],[-95.466447,35.904758],[-95.467519,35.904437],[-95.470697,35.904704],[-95.471467,35.904628],[-95.473451,35.904914],[-95.476287,35.905754],[-95.479675,35.907482],[-95.481616,35.911155],[-95.488798,35.926643],[-95.488849,35.928169],[-95.489692,35.932475],[-95.48994,35.934894],[-95.491523,35.944522],[-95.492908,35.948573],[-95.493213,35.950668],[-95.494922,35.954646],[-95.495946,35.956371],[-95.496164,35.957202],[-95.498601,35.961296],[-95.500102,35.963149],[-95.500818,35.963775],[-95.503128,35.965251],[-95.509418,35.967491],[-95.522973,35.971137],[-95.527341,35.972831],[-95.531328,35.975009],[-95.532062,35.975204],[-95.532243,35.975677],[-95.535169,35.977809],[-95.537088,35.979602],[-95.539585,35.982604],[-95.541995,35.98635],[-95.543025,35.988647],[-95.544086,35.992221],[-95.544406,35.994502],[-95.544507,35.997123],[-95.5442,36.001415],[-95.543497,36.004009],[-95.542737,36.006038],[-95.54284,36.006584],[-95.542158,36.007244],[-95.541835,36.007831],[-95.533164,36.024616],[-95.531434,36.028064],[-95.53127,36.029155],[-95.530843,36.030105],[-95.528465,36.0335],[-95.525121,36.037765],[-95.52392,36.040954],[-95.523311,36.043979],[-95.524095,36.04866],[-95.524848,36.050147],[-95.526382,36.051948],[-95.527572,36.052879],[-95.530328,36.054233],[-95.535511,36.057125],[-95.534868,36.056602],[-95.535465,36.056655],[-95.53617,36.056991],[-95.53642,36.056796],[-95.537107,36.057071],[-95.537599,36.057437],[-95.537713,36.057735],[-95.537626,36.058422],[-95.53783,36.058567],[-95.537576,36.058666],[-95.537683,36.058742],[-95.537441,36.058826],[-95.537467,36.058994]]],[[[-95.536798,36.057201],[-95.536281,36.057174],[-95.536128,36.057315],[-95.537477,36.057971],[-95.537179,36.057681],[-95.537258,36.05754],[-95.536798,36.057201]]],[[[-95.529939,36.055961],[-95.530055,36.056179],[-95.530958,36.056537],[-95.529939,36.055961]]],[[[-95.494512,35.956184],[-95.494388,35.956127],[-95.494411,35.956211],[-95.494512,35.956184]]],[[[-95.494398,35.95597],[-95.49435,35.955886],[-95.494266,35.955928],[-95.494398,35.95597]]],[[[-95.495099,35.955886],[-95.495233,35.955928],[-95.495206,35.955852],[-95.495099,35.955886]]],[[[-95.494329,35.955814],[-95.494266,35.955718],[-95.494226,35.955734],[-95.494329,35.955814]]],[[[-95.495012,35.955737],[-95.49512,35.955665],[-95.495002,35.95565],[-95.495012,35.955737]]],[[[-95.494245,35.955638],[-95.494165,35.955593],[-95.494104,35.955665],[-95.494245,35.955638]]],[[[-95.495307,35.955547],[-95.49537,35.955642],[-95.49541,35.955623],[-95.495307,35.955547]]],[[[-95.494981,35.955573],[-95.494878,35.955497],[-95.494941,35.955593],[-95.494981,35.955573]]],[[[-95.495197,35.955387],[-95.49526,35.955482],[-95.4953,35.955463],[-95.495197,35.955387]]],[[[-95.49496,35.955371],[-95.494825,35.955409],[-95.494918,35.955451],[-95.49496,35.955371]]],[[[-95.441322,35.894203],[-95.441179,35.894218],[-95.441251,35.894317],[-95.441322,35.894203]]],[[[-95.416477,35.890415],[-95.41574,35.890304],[-95.415693,35.890468],[-95.416191,35.891765],[-95.416566,35.891433],[-95.416911,35.891357],[-95.416648,35.89159],[-95.416826,35.891734],[-95.416974,35.891471],[-95.417484,35.891204],[-95.417631,35.890891],[-95.416477,35.890415]]],[[[-95.415666,35.891261],[-95.415601,35.890838],[-95.415485,35.891059],[-95.415656,35.891422],[-95.415666,35.891261]]],[[[-95.415706,35.891158],[-95.415828,35.891059],[-95.415725,35.890972],[-95.415706,35.891158]]],[[[-95.415578,35.890422],[-95.415523,35.890312],[-95.415458,35.8908],[-95.415578,35.890422]]],[[[-95.403072,35.885539],[-95.402921,35.885501],[-95.402906,35.885547],[-95.403072,35.885539]]],[[[-95.402673,35.885436],[-95.402507,35.885448],[-95.402658,35.885482],[-95.402673,35.885436]]],[[[-95.390066,35.875748],[-95.38985,35.875789],[-95.389953,35.876029],[-95.390252,35.87585],[-95.390066,35.875748]]],[[[-95.390066,35.87548],[-95.390647,35.875434],[-95.390663,35.875301],[-95.39017,35.875152],[-95.389898,35.87543],[-95.390066,35.87548]]],[[[-95.546911,36.066069],[-95.546935,36.06607],[-95.546916,36.066078],[-95.546911,36.066069]]],[[[-95.546935,36.06607],[-95.540275,36.061744],[-95.538131,36.060626],[-95.537279,36.059986],[-95.536787,36.059844],[-95.536909,36.059337],[-95.537487,36.059593],[-95.537569,36.059772],[-95.537511,36.059562],[-95.536937,36.059265],[-95.537149,36.05899],[-95.5394,36.06023],[-95.537456,36.059135],[-95.53901,36.057399],[-95.53936,36.057395],[-95.540693,36.058006],[-95.5417,36.05886],[-95.542297,36.059978],[-95.542446,36.06092],[-95.542705,36.061191],[-95.542856,36.061992],[-95.547176,36.06459],[-95.548931,36.065299],[-95.551086,36.06575],[-95.551601,36.065711],[-95.55315,36.06628],[-95.55524,36.067306],[-95.557016,36.068462],[-95.560871,36.070404],[-95.561996,36.070754],[-95.562808,36.071289],[-95.565835,36.071998],[-95.566024,36.072704],[-95.563909,36.072395],[-95.561363,36.071712],[-95.560691,36.071308],[-95.559995,36.071258],[-95.558443,36.070163],[-95.55685,36.069568],[-95.555755,36.068866],[-95.555526,36.068942],[-95.554494,36.067985],[-95.551475,36.066688],[-95.550308,36.066478],[-95.552518,36.068515],[-95.553871,36.070075],[-95.555244,36.072265],[-95.556499,36.0755],[-95.556402,36.075576],[-95.556806,36.07854],[-95.556467,36.081909],[-95.55664,36.082256],[-95.556377,36.083457],[-95.555509,36.085575],[-95.554756,36.088462],[-95.554637,36.090484],[-95.554466,36.090652],[-95.554641,36.09148],[-95.556053,36.093605],[-95.558916,36.096698],[-95.561616,36.099029],[-95.567514,36.105754],[-95.568634,36.106925],[-95.569442,36.107536],[-95.570386,36.109432],[-95.571018,36.111717],[-95.571191,36.113334],[-95.570634,36.120067],[-95.57031,36.121227],[-95.570419,36.125415],[-95.570928,36.127326],[-95.572029,36.129215],[-95.574157,36.131034],[-95.57776,36.132835],[-95.578987,36.133213],[-95.58069,36.133388],[-95.582855,36.133544],[-95.588424,36.133193],[-95.590164,36.132827],[-95.594518,36.131362],[-95.596338,36.131019],[-95.598476,36.130859],[-95.598789,36.130573],[-95.599453,36.130363],[-95.60007,36.130512],[-95.60145,36.131217],[-95.603771,36.131889],[-95.605539,36.132999],[-95.607042,36.134471],[-95.608371,36.136714],[-95.609071,36.138416],[-95.610843,36.14125],[-95.612506,36.142871],[-95.616556,36.145664],[-95.61803,36.14772],[-95.618438,36.150291],[-95.618545,36.154785],[-95.619321,36.164134],[-95.619289,36.164817],[-95.619161,36.16484],[-95.619604,36.165294],[-95.619581,36.166072],[-95.619743,36.16632],[-95.619577,36.16658],[-95.619625,36.167686],[-95.619749,36.169597],[-95.619892,36.169689],[-95.619735,36.170013],[-95.619714,36.170967],[-95.619867,36.171451],[-95.619661,36.172451],[-95.619806,36.176067],[-95.620098,36.177368],[-95.619792,36.177795],[-95.619978,36.179878],[-95.619871,36.182319],[-95.61866,36.185897],[-95.617319,36.187587],[-95.615158,36.189392],[-95.613416,36.190536],[-95.610185,36.192173],[-95.607299,36.194095],[-95.605451,36.196018],[-95.60427,36.197982],[-95.603595,36.200099],[-95.603399,36.2014],[-95.603296,36.204227],[-95.602924,36.206661],[-95.602325,36.207981],[-95.599796,36.211544],[-95.598741,36.213737],[-95.598152,36.215858],[-95.598087,36.217945],[-95.598661,36.219791],[-95.599069,36.220497],[-95.600538,36.222126],[-95.602386,36.223651],[-95.605379,36.225242],[-95.608532,36.225856],[-95.61017,36.225818],[-95.612045,36.22554],[-95.616842,36.224582],[-95.621807,36.224224],[-95.624813,36.223503],[-95.626945,36.222373],[-95.629552,36.220336],[-95.63129,36.218555],[-95.632057,36.218025],[-95.634832,36.215415],[-95.637519,36.212646],[-95.638448,36.211906],[-95.641355,36.209983],[-95.642038,36.209266],[-95.647502,36.206241],[-95.650095,36.20446],[-95.651357,36.204208],[-95.652776,36.203433],[-95.656835,36.201824],[-95.664671,36.199314],[-95.66749,36.197822],[-95.67234,36.195667],[-95.673742,36.194835],[-95.67609,36.194019],[-95.679424,36.193538],[-95.681837,36.193393],[-95.682926,36.193492],[-95.688978,36.193233],[-95.689493,36.193489],[-95.694046,36.193611],[-95.696399,36.194145],[-95.697977,36.194744],[-95.699432,36.195468],[-95.700502,36.196235],[-95.701984,36.197608],[-95.704071,36.200199],[-95.706127,36.20222],[-95.715753,36.209884],[-95.721767,36.216068],[-95.722776,36.216751],[-95.724197,36.218078],[-95.725168,36.219245],[-95.726694,36.220699],[-95.728122,36.221382],[-95.729385,36.221481],[-95.729427,36.221805],[-95.729004,36.221813],[-95.727159,36.221408],[-95.727491,36.221912],[-95.729469,36.223537],[-95.73044,36.224697],[-95.730295,36.224773],[-95.730636,36.225196],[-95.730032,36.226024],[-95.730537,36.227794],[-95.730625,36.228805],[-95.731145,36.231037],[-95.731311,36.231159],[-95.731683,36.23273],[-95.732814,36.234722],[-95.739421,36.241828],[-95.739555,36.242218],[-95.738229,36.243045],[-95.73802,36.243041],[-95.736803,36.241615],[-95.736618,36.240703],[-95.731392,36.235107],[-95.730871,36.234348],[-95.729974,36.231861],[-95.72978,36.23101],[-95.729932,36.230506],[-95.729839,36.229629],[-95.72958,36.22861],[-95.729251,36.228221],[-95.728988,36.227252],[-95.729124,36.227237],[-95.729095,36.227092],[-95.728958,36.227108],[-95.728561,36.225357],[-95.727684,36.224128],[-95.727476,36.2233],[-95.726684,36.22237],[-95.726596,36.222537],[-95.727136,36.223674],[-95.726545,36.223915],[-95.723774,36.219554],[-95.721216,36.217056],[-95.720949,36.216571],[-95.713607,36.209819],[-95.70676,36.204143],[-95.706153,36.203781],[-95.703998,36.20182],[-95.702188,36.199935],[-95.700088,36.197395],[-95.699373,36.196784],[-95.697525,36.195693],[-95.694418,36.194683],[-95.689401,36.194248],[-95.687271,36.19421],[-95.680605,36.194438],[-95.678131,36.19482],[-95.676643,36.195175],[-95.672458,36.196765],[-95.666965,36.19952],[-95.663465,36.201019],[-95.654869,36.203517],[-95.652675,36.204368],[-95.649622,36.205898],[-95.644102,36.209095],[-95.640138,36.211769],[-95.637802,36.213806],[-95.635351,36.216568],[-95.634216,36.217601],[-95.632604,36.218677],[-95.628971,36.222156],[-95.626939,36.223583],[-95.624986,36.224483],[-95.621954,36.225212],[-95.6163,36.225723],[-95.611328,36.226661],[-95.608533,36.226802],[-95.605976,36.226486],[-95.604055,36.226047],[-95.601524,36.224678],[-95.600067,36.223571],[-95.59868,36.222148],[-95.597446,36.220058],[-95.596885,36.218574],[-95.596845,36.216136],[-95.597143,36.214519],[-95.597499,36.213558],[-95.600162,36.209014],[-95.601684,36.205406],[-95.601949,36.204368],[-95.60219,36.201541],[-95.6028,36.197971],[-95.604799,36.195041],[-95.605791,36.193908],[-95.607301,36.192657],[-95.611042,36.190158],[-95.614009,36.188961],[-95.615989,36.187419],[-95.616567,36.186798],[-95.617658,36.184848],[-95.618335,36.18333],[-95.618593,36.182357],[-95.618846,36.178218],[-95.618757,36.173851],[-95.618345,36.170825],[-95.617849,36.159229],[-95.61767,36.158431],[-95.617502,36.155212],[-95.617561,36.153942],[-95.617185,36.150623],[-95.616735,36.148994],[-95.616182,36.147804],[-95.614959,36.146331],[-95.611721,36.14368],[-95.6096,36.141704],[-95.604642,36.134143],[-95.603906,36.133438],[-95.603138,36.132961],[-95.602993,36.132965],[-95.602926,36.133357],[-95.602802,36.132778],[-95.6002,36.132038],[-95.596893,36.131999],[-95.593797,36.132743],[-95.592948,36.133018],[-95.59267,36.133296],[-95.588027,36.134281],[-95.587018,36.134632],[-95.584919,36.13441],[-95.578565,36.134654],[-95.577621,36.134544],[-95.57586,36.133811],[-95.573614,36.131797],[-95.571731,36.130756],[-95.571058,36.130138],[-95.569704,36.127597],[-95.569324,36.126285],[-95.569196,36.125164],[-95.569087,36.125064],[-95.569004,36.125179],[-95.568117,36.124492],[-95.568721,36.124111],[-95.569314,36.121704],[-95.569625,36.119605],[-95.569591,36.119346],[-95.569232,36.119232],[-95.569257,36.118999],[-95.569608,36.11906],[-95.569763,36.118526],[-95.569938,36.113372],[-95.569444,36.110763],[-95.568771,36.109138],[-95.568235,36.108306],[-95.566631,36.106452],[-95.565977,36.106803],[-95.566446,36.106368],[-95.566408,36.106224],[-95.563047,36.10263],[-95.561136,36.099925],[-95.553665,36.093318],[-95.55269,36.091991],[-95.552297,36.09069],[-95.552431,36.090003],[-95.553915,36.086597],[-95.554264,36.085296],[-95.553964,36.085281],[-95.553445,36.085708],[-95.553319,36.085586],[-95.553781,36.085174],[-95.554338,36.085063],[-95.554904,36.082797],[-95.555128,36.077774],[-95.55483,36.076217],[-95.554256,36.074138],[-95.55367,36.072856],[-95.552076,36.0704],[-95.549749,36.068016],[-95.546935,36.06607]]],[[[-95.547269,36.066268],[-95.547399,36.06623],[-95.547288,36.066196],[-95.547269,36.066268]]],[[[-95.569362,36.119163],[-95.569366,36.119174],[-95.569387,36.119163],[-95.569362,36.119163]]],[[[-95.569635,36.119358],[-95.569644,36.119369],[-95.569654,36.11935],[-95.569635,36.119358]]],[[[-95.568794,36.12482],[-95.568939,36.124706],[-95.568719,36.124568],[-95.568794,36.12482]]],[[[-95.618034,36.164413],[-95.618034,36.16452],[-95.618084,36.16452],[-95.618034,36.164413]]],[[[-95.619171,36.164417],[-95.61922,36.16452],[-95.61922,36.164417],[-95.619171,36.164417]]],[[[-95.619167,36.164742],[-95.619216,36.164756],[-95.619216,36.164653],[-95.619167,36.164742]]],[[[-95.619575,36.166206],[-95.619575,36.166259],[-95.619617,36.166225],[-95.619575,36.166206]]],[[[-95.707279,36.203437],[-95.707388,36.203495],[-95.707391,36.203418],[-95.707279,36.203437]]],[[[-95.70742,36.203487],[-95.707492,36.203586],[-95.707521,36.203563],[-95.70742,36.203487]]],[[[-95.707519,36.203674],[-95.707626,36.203609],[-95.707529,36.203598],[-95.707519,36.203674]]],[[[-95.707643,36.203685],[-95.707716,36.203788],[-95.707744,36.203762],[-95.707643,36.203685]]],[[[-95.707759,36.203819],[-95.70787,36.20388],[-95.707872,36.203811],[-95.707759,36.203819]]],[[[-95.706825,36.203945],[-95.706842,36.203865],[-95.706735,36.203865],[-95.706825,36.203945]]],[[[-95.706867,36.203933],[-95.70684,36.203956],[-95.706968,36.20401],[-95.706867,36.203933]]],[[[-95.70697,36.204059],[-95.707059,36.204135],[-95.707069,36.204048],[-95.70697,36.204059]]],[[[-95.707105,36.204132],[-95.707077,36.204158],[-95.707206,36.204208],[-95.707105,36.204132]]],[[[-95.707273,36.204231],[-95.707229,36.204334],[-95.707319,36.204307],[-95.707273,36.204231]]],[[[-95.720733,36.215038],[-95.720836,36.215118],[-95.720871,36.215087],[-95.720733,36.215038]]],[[[-95.721679,36.215957],[-95.721744,36.216022],[-95.721773,36.216007],[-95.721679,36.215957]]],[[[-95.720779,36.216487],[-95.720872,36.216533],[-95.720806,36.216468],[-95.720779,36.216487]]],[[[-95.729559,36.223815],[-95.729608,36.223869],[-95.729629,36.223815],[-95.729559,36.223815]]],[[[-95.729721,36.224014],[-95.72977,36.224071],[-95.729791,36.224014],[-95.729721,36.224014]]],[[[-95.728927,36.226413],[-95.728914,36.226428],[-95.728937,36.226425],[-95.728927,36.226413]]],[[[-95.728975,36.226703],[-95.728998,36.226707],[-95.728998,36.226696],[-95.728975,36.226703]]],[[[-95.72916,36.2275],[-95.729177,36.227508],[-95.729181,36.227493],[-95.72916,36.2275]]],[[[-95.730322,36.227512],[-95.730329,36.227523],[-95.730335,36.227512],[-95.730322,36.227512]]],[[[-95.730333,36.227558],[-95.730352,36.227565],[-95.730354,36.227554],[-95.730333,36.227558]]],[[[-95.729225,36.227771],[-95.72924,36.227775],[-95.729242,36.22776],[-95.729225,36.227771]]],[[[-95.73044,36.228961],[-95.73044,36.228981],[-95.730465,36.228977],[-95.73044,36.228961]]],[[[-95.729772,36.229061],[-95.729824,36.229076],[-95.72982,36.229053],[-95.729772,36.229061]]],[[[-95.730529,36.229232],[-95.730507,36.229248],[-95.730533,36.229248],[-95.730529,36.229232]]],[[[-95.72986,36.229442],[-95.729864,36.229465],[-95.729913,36.229457],[-95.72986,36.229442]]],[[[-95.729925,36.229709],[-95.72993,36.229732],[-95.72998,36.229724],[-95.729925,36.229709]]],[[[-95.731157,36.231071],[-95.731178,36.231159],[-95.73126,36.231147],[-95.731157,36.231071]]],[[[-95.729967,36.231163],[-95.729965,36.231178],[-95.729992,36.23117],[-95.729967,36.231163]]],[[[-95.730051,36.231433],[-95.73003,36.231449],[-95.730051,36.231449],[-95.730051,36.231433]]],[[[-95.730089,36.231704],[-95.730106,36.231716],[-95.730116,36.2317],[-95.730089,36.231704]]],[[[-95.730159,36.231971],[-95.730184,36.231983],[-95.730173,36.231964],[-95.730159,36.231971]]],[[[-95.73023,36.232242],[-95.730241,36.232254],[-95.730257,36.232242],[-95.73023,36.232242]]],[[[-95.730293,36.232505],[-95.730289,36.232521],[-95.730316,36.232513],[-95.730293,36.232505]]],[[[-95.730398,36.23286],[-95.730413,36.232868],[-95.730424,36.232852],[-95.730398,36.23286]]],[[[-95.730527,36.233104],[-95.730508,36.233119],[-95.730537,36.233116],[-95.730527,36.233104]]],[[[-95.730627,36.233364],[-95.730653,36.233367],[-95.730653,36.233352],[-95.730627,36.233364]]],[[[-95.730856,36.233886],[-95.730859,36.233901],[-95.73088,36.233898],[-95.730856,36.233886]]],[[[-95.730987,36.234134],[-95.730964,36.234149],[-95.730987,36.234149],[-95.730987,36.234134]]],[[[-95.731338,36.234718],[-95.731323,36.234733],[-95.73135,36.234733],[-95.731338,36.234718]]],[[[-95.732896,36.234947],[-95.732902,36.234962],[-95.732919,36.234954],[-95.732896,36.234947]]],[[[-95.73151,36.234992],[-95.731498,36.235012],[-95.731523,36.235],[-95.73151,36.234992]]],[[[-95.73311,36.23516],[-95.733104,36.235172],[-95.733127,36.235168],[-95.73311,36.23516]]],[[[-95.731733,36.235218],[-95.731723,36.235237],[-95.731746,36.235225],[-95.731733,36.235218]]],[[[-95.733318,36.235385],[-95.733314,36.235401],[-95.733331,36.235401],[-95.733318,36.235385]]],[[[-95.731939,36.235435],[-95.731916,36.23545],[-95.731941,36.23545],[-95.731939,36.235435]]],[[[-95.733512,36.235618],[-95.733532,36.235626],[-95.733537,36.235614],[-95.733512,36.235618]]],[[[-95.732122,36.235664],[-95.732124,36.235679],[-95.732143,36.235675],[-95.732122,36.235664]]],[[[-95.733724,36.23582],[-95.733715,36.235839],[-95.733738,36.235836],[-95.733724,36.23582]]],[[[-95.732332,36.235877],[-95.732326,36.235897],[-95.732347,36.235885],[-95.732332,36.235877]]],[[[-95.733917,36.236053],[-95.733921,36.236064],[-95.733942,36.236057],[-95.733917,36.236053]]],[[[-95.73253,36.236103],[-95.732534,36.236114],[-95.732557,36.236106],[-95.73253,36.236103]]],[[[-95.734119,36.23627],[-95.734132,36.236286],[-95.734142,36.236274],[-95.734119,36.23627]]],[[[-95.73273,36.236331],[-95.732757,36.236335],[-95.732759,36.236324],[-95.73273,36.236331]]],[[[-95.734325,36.236476],[-95.734317,36.236495],[-95.734338,36.236488],[-95.734325,36.236476]]],[[[-95.732929,36.236541],[-95.732931,36.236557],[-95.732952,36.236541],[-95.732929,36.236541]]],[[[-95.733156,36.236759],[-95.733139,36.236778],[-95.73316,36.236774],[-95.733156,36.236759]]],[[[-95.733341,36.236991],[-95.733358,36.236995],[-95.73336,36.236976],[-95.733341,36.236991]]],[[[-95.733566,36.237194],[-95.733545,36.237213],[-95.733568,36.237209],[-95.733566,36.237194]]],[[[-95.733741,36.237422],[-95.733764,36.237434],[-95.733768,36.237415],[-95.733741,36.237422]]],[[[-95.733957,36.237636],[-95.733951,36.237655],[-95.733976,36.237644],[-95.733957,36.237636]]],[[[-95.734159,36.237854],[-95.734108,36.237884],[-95.734182,36.237876],[-95.734159,36.237854]]],[[[-95.734373,36.23809],[-95.734321,36.238121],[-95.734396,36.238113],[-95.734373,36.23809]]],[[[-95.734653,36.238384],[-95.7346,36.238414],[-95.734676,36.238407],[-95.734653,36.238384]]],[[[-95.734867,36.238613],[-95.734815,36.238643],[-95.73489,36.238636],[-95.734867,36.238613]]],[[[-95.735134,36.23891],[-95.735082,36.238945],[-95.735157,36.238937],[-95.735134,36.23891]]],[[[-95.735342,36.239139],[-95.73529,36.239173],[-95.735366,36.239166],[-95.735342,36.239139]]],[[[-95.737007,36.239379],[-95.737022,36.239398],[-95.737032,36.239391],[-95.737007,36.239379]]],[[[-95.735626,36.239471],[-95.735628,36.239486],[-95.735651,36.239475],[-95.735626,36.239471]]],[[[-95.735862,36.239746],[-95.735876,36.239753],[-95.735887,36.239738],[-95.735862,36.239746]]],[[[-95.737833,36.240329],[-95.737852,36.240348],[-95.73789,36.240322],[-95.737833,36.240329]]],[[[-95.738037,36.240474],[-95.73802,36.24052],[-95.738058,36.240493],[-95.738037,36.240474]]],[[[-95.736547,36.240509],[-95.736562,36.240493],[-95.736534,36.240493],[-95.736547,36.240509]]],[[[-95.736774,36.240764],[-95.736776,36.240779],[-95.736797,36.240764],[-95.736774,36.240764]]],[[[-95.738443,36.240989],[-95.738464,36.241008],[-95.738502,36.240982],[-95.738443,36.240989]]],[[[-95.738651,36.241142],[-95.738613,36.241168],[-95.73867,36.241161],[-95.738651,36.241142]]],[[[-95.739063,36.241649],[-95.739065,36.241668],[-95.739078,36.241664],[-95.739063,36.241649]]],[[[-95.739252,36.241867],[-95.739271,36.241874],[-95.739261,36.241859],[-95.739252,36.241867]]],[[[-95.73719,36.241985],[-95.737154,36.242012],[-95.737211,36.242004],[-95.73719,36.241985]]],[[[-95.739465,36.242076],[-95.739448,36.242092],[-95.739469,36.242088],[-95.739465,36.242076]]],[[[-95.737409,36.242279],[-95.737428,36.242298],[-95.737466,36.242271],[-95.737409,36.242279]]],[[[-95.737579,36.242443],[-95.737598,36.242462],[-95.737636,36.242435],[-95.737579,36.242443]]],[[[-95.737762,36.242565],[-95.737724,36.242591],[-95.737781,36.242584],[-95.737762,36.242565]]]]},"properties":{"name":"Robert S. Kerr Lake","kind":"corps","designation":"Corps recreation area","manager":"USACE","access":"Open","acres":62656}},{"type":"Feature","geometry":{"type":"Polygon","coordinates":[[[-94.791393,35.467161],[-94.789855,35.46694],[-94.789067,35.467122],[-94.787923,35.467065],[-94.787923,35.46493],[-94.788932,35.465132],[-94.789507,35.465086],[-94.789336,35.465094],[-94.78924,35.464334],[-94.790259,35.464469],[-94.790451,35.463882],[-94.790028,35.463488],[-94.791134,35.463507],[-94.790961,35.463921],[-94.791124,35.464142],[-94.791547,35.46443],[-94.792201,35.464459],[-94.792268,35.464863],[-94.792268,35.466315],[-94.791932,35.466978],[-94.791393,35.467161]]]},"properties":{"name":"Redwood Park","kind":"citypark","designation":"City park","manager":"CITY","access":"Open","acres":28}},{"type":"Feature","geometry":{"type":"Polygon","coordinates":[[[-95.226747,35.802238],[-95.233618,35.802266],[-95.233622,35.803774],[-95.230729,35.803766],[-95.231196,35.8055],[-95.229382,35.805784],[-95.226788,35.805767],[-95.226747,35.802238]]]},"properties":{"name":"Fort Gibson National Cemetery","kind":"historic","designation":"Historic or cultural area","manager":"OTHF","access":"Restricted","acres":46}},{"type":"Feature","geometry":{"type":"Polygon","coordinates":[[[-95.161117,35.631002],[-95.161597,35.630107],[-95.162157,35.6283],[-95.162207,35.627475],[-95.162607,35.626676],[-95.162657,35.625942],[-95.162137,35.623779],[-95.162137,35.623392],[-95.162497,35.622841],[-95.161967,35.62259],[-95.161967,35.622085],[-95.162888,35.622177],[-95.163817,35.622063],[-95.164097,35.622476],[-95.164877,35.623002],[-95.165527,35.622819],[-95.165388,35.621925],[-95.167037,35.619042],[-95.167577,35.618606],[-95.167237,35.616043],[-95.166927,35.615357],[-95.164381,35.614417],[-95.163632,35.614024],[-95.162902,35.61328],[-95.162221,35.613284],[-95.160041,35.610947],[-95.158812,35.610152],[-95.157694,35.610128],[-95.157453,35.60956],[-95.162144,35.609587],[-95.162475,35.609856],[-95.162619,35.610315],[-95.16275,35.612459],[-95.164276,35.613162],[-95.175702,35.613224],[-95.174311,35.613492],[-95.172557,35.614126],[-95.170317,35.614167],[-95.170207,35.615151],[-95.169777,35.615486],[-95.167966,35.61525],[-95.168467,35.61815],[-95.171187,35.617164],[-95.171807,35.616639],[-95.175927,35.614921],[-95.176877,35.614692],[-95.178787,35.614739],[-95.179457,35.615404],[-95.179127,35.615815],[-95.178287,35.615929],[-95.177917,35.616571],[-95.178057,35.617144],[-95.180297,35.620668],[-95.180397,35.621075],[-95.179375,35.622086],[-95.178818,35.621964],[-95.177834,35.621127],[-95.176281,35.62162],[-95.174538,35.621836],[-95.172726,35.622392],[-95.17111,35.624397],[-95.16998,35.624616],[-95.1694,35.626295],[-95.16884,35.62721],[-95.170264,35.627546],[-95.169811,35.628362],[-95.167295,35.628015],[-95.167254,35.62876],[-95.166179,35.63027],[-95.165039,35.63017],[-95.164646,35.630872],[-95.164238,35.63123],[-95.162484,35.632025],[-95.16149,35.632307],[-95.161117,35.631002]]]},"properties":{"name":"Greenleaf State Park","kind":"statepark","designation":"State park","manager":"SPR","access":"Open","acres":405}},{"type":"Feature","geometry":{"type":"Polygon","coordinates":[[[-94.967765,35.916957],[-94.968046,35.916396],[-94.969246,35.916795],[-94.968982,35.917408],[-94.967765,35.916957]]]},"properties":{"name":"Norris Park","kind":"citypark","designation":"City park","manager":"CITY","access":"Open","acres":2}},{"type":"Feature","geometry":{"type":"Polygon","coordinates":[[[-94.73218,35.777891],[-94.732184,35.776077],[-94.731189,35.77609],[-94.731212,35.770611],[-94.732332,35.770615],[-94.732339,35.768816],[-94.745795,35.768876],[-94.74577,35.772478],[-94.741288,35.772465],[-94.741266,35.777914],[-94.73218,35.777891]]]},"properties":{"name":"Ozark Plateau National Wildlife Refuge","kind":"refuge","designation":"National wildlife refuge","manager":"FWS","access":"Restricted","acres":258}},{"type":"Feature","geometry":{"type":"Polygon","coordinates":[[[-94.770007,35.760015],[-94.766631,35.759975],[-94.767891,35.759267],[-94.767433,35.758681],[-94.769229,35.756886],[-94.767972,35.75603],[-94.767381,35.75669],[-94.766086,35.755453],[-94.764968,35.755964],[-94.76335,35.756148],[-94.76336,35.754482],[-94.765575,35.754505],[-94.765577,35.752711],[-94.763361,35.752686],[-94.763512,35.75089],[-94.772222,35.750986],[-94.772222,35.752784],[-94.770007,35.752759],[-94.770007,35.760015]]]},"properties":{"name":"Healthy Forest Reserve Program (HFRP), Adair, OK","kind":"reserve","designation":"Forest / reserve programme","manager":"NRCS","access":"Closed","acres":102}},{"type":"Feature","geometry":{"type":"Polygon","coordinates":[[[-94.787888,35.450346],[-94.787803,35.449654],[-94.788752,35.449625],[-94.788981,35.449925],[-94.790422,35.450032],[-94.790637,35.450339],[-94.792293,35.450853],[-94.792257,35.452659],[-94.790394,35.451631],[-94.787824,35.450489],[-94.787888,35.450346]]]},"properties":{"name":"Sallisaw City Park","kind":"citypark","designation":"City park","manager":"CITY","access":"Open","acres":15}},{"type":"Feature","geometry":{"type":"Polygon","coordinates":[[[-95.000291,35.915384],[-95.002551,35.915294],[-95.002551,35.918864],[-95.00035,35.918893],[-95.000291,35.915384]]]},"properties":{"name":"Phoenix Park","kind":"citypark","designation":"City recreation area","manager":"CITY","access":"Open","acres":20}},{"type":"Feature","geometry":{"type":"Polygon","coordinates":[[[-94.907287,35.763533],[-94.903258,35.761091],[-94.904692,35.759838],[-94.906389,35.757593],[-94.907877,35.75537],[-94.908232,35.754262],[-94.909121,35.752743],[-94.910823,35.752584],[-94.910781,35.753075],[-94.911087,35.75414],[-94.910583,35.755616],[-94.909338,35.758281],[-94.909338,35.75909],[-94.910379,35.76092],[-94.909772,35.761761],[-94.90909,35.762166],[-94.909088,35.76268],[-94.91039,35.761899],[-94.911386,35.761591],[-94.91245,35.761714],[-94.913945,35.762304],[-94.914016,35.763183],[-94.909349,35.763218],[-94.908922,35.764106],[-94.909291,35.764824],[-94.907287,35.763533]]]},"properties":{"name":"Cherokee Landing State Park","kind":"statepark","designation":"State park","manager":"SPR","access":"Open","acres":117}},{"type":"Feature","geometry":{"type":"MultiPolygon","coordinates":[[[[-94.807766,35.645849],[-94.807767,35.63861],[-94.817637,35.638579],[-94.817626,35.642211],[-94.818848,35.642212],[-94.818836,35.645841],[-94.807766,35.645849]]],[[[-94.605018,35.658338],[-94.605019,35.656523],[-94.60391,35.65652],[-94.603914,35.652891],[-94.608345,35.652901],[-94.60834,35.649281],[-94.610087,35.649284],[-94.614736,35.651077],[-94.617205,35.650935],[-94.617204,35.649282],[-94.614987,35.649285],[-94.614985,35.647472],[-94.617203,35.647469],[-94.617201,35.645657],[-94.612765,35.645663],[-94.612763,35.642027],[-94.630519,35.642027],[-94.630515,35.643831],[-94.626076,35.643832],[-94.626075,35.645643],[-94.623856,35.645647],[-94.623857,35.643833],[-94.621637,35.643833],[-94.621643,35.656529],[-94.612786,35.656541],[-94.612795,35.66017],[-94.603905,35.660151],[-94.603907,35.658336],[-94.605018,35.658338]]],[[[-94.659341,35.725134],[-94.659356,35.726968],[-94.657114,35.726969],[-94.6571,35.725149],[-94.659341,35.725134]]],[[[-94.670549,35.725172],[-94.670575,35.728845],[-94.661607,35.728841],[-94.661589,35.725134],[-94.670549,35.725172]]],[[[-94.543738,35.732624],[-94.543748,35.729012],[-94.545974,35.729008],[-94.545978,35.727197],[-94.548204,35.727192],[-94.548207,35.725379],[-94.552646,35.725372],[-94.552639,35.729001],[-94.550426,35.729001],[-94.550419,35.73263],[-94.548193,35.73263],[-94.548204,35.730832],[-94.54597,35.730819],[-94.545966,35.73263],[-94.543738,35.732624]]],[[[-94.550415,35.736241],[-94.55042,35.73263],[-94.559267,35.73263],[-94.559275,35.736142],[-94.559141,35.736252],[-94.550415,35.736241]]],[[[-94.556102,35.734223],[-94.556101,35.73365],[-94.555398,35.733645],[-94.555399,35.734218],[-94.556102,35.734223]]],[[[-94.514984,35.754409],[-94.514983,35.756209],[-94.517167,35.756188],[-94.517184,35.757995],[-94.510576,35.75804],[-94.51059,35.754458],[-94.514984,35.754409]]],[[[-94.514984,35.754409],[-94.514876,35.747206],[-94.519282,35.747177],[-94.519234,35.743585],[-94.523646,35.743566],[-94.523604,35.739984],[-94.505931,35.740023],[-94.50594,35.736411],[-94.510368,35.7364],[-94.510426,35.72556],[-94.539394,35.725476],[-94.539352,35.729113],[-94.537123,35.729115],[-94.53708,35.732749],[-94.539309,35.732749],[-94.539267,35.736385],[-94.545963,35.736348],[-94.545992,35.745266],[-94.543749,35.745271],[-94.543731,35.743512],[-94.541489,35.743519],[-94.541558,35.750534],[-94.537101,35.750582],[-94.537112,35.759562],[-94.539331,35.759527],[-94.53933,35.759745],[-94.543776,35.759746],[-94.543775,35.761556],[-94.541544,35.761559],[-94.541543,35.76337],[-94.539319,35.763363],[-94.539317,35.761346],[-94.530458,35.761487],[-94.530456,35.757847],[-94.524902,35.757933],[-94.524911,35.759754],[-94.523801,35.759772],[-94.52373,35.750728],[-94.519299,35.750765],[-94.519317,35.754352],[-94.514984,35.754409]]],[[[-94.73918,35.763442],[-94.739191,35.761564],[-94.743638,35.761572],[-94.743622,35.763372],[-94.745833,35.763367],[-94.745795,35.768876],[-94.739149,35.768841],[-94.73918,35.763442]]],[[[-94.731927,35.782027],[-94.73193,35.780063],[-94.729957,35.780061],[-94.729964,35.776082],[-94.732184,35.776077],[-94.73218,35.777899],[-94.741053,35.777914],[-94.741034,35.783367],[-94.727737,35.783354],[-94.729001,35.782019],[-94.731927,35.782027]]],[[[-94.706248,36.322051],[-94.706272,36.314814],[-94.701792,36.314838],[-94.701806,36.307593],[-94.719744,36.30749],[-94.719733,36.309302],[-94.717495,36.309314],[-94.717484,36.311126],[-94.719722,36.311114],[-94.719712,36.312927],[-94.717474,36.312939],[-94.717464,36.314751],[-94.719701,36.314739],[-94.719679,36.318363],[-94.712971,36.3184],[-94.712953,36.322024],[-94.706248,36.322051]]],[[[-94.71113,36.316208],[-94.710613,36.315801],[-94.710608,36.318452],[-94.712198,36.318444],[-94.711647,36.317545],[-94.71113,36.316208]]],[[[-94.804711,36.336449],[-94.804795,36.347281],[-94.791406,36.347343],[-94.791329,36.336511],[-94.804711,36.336449]]],[[[-94.748123,36.682743],[-94.742751,36.682668],[-94.742711,36.678969],[-94.7517,36.678968],[-94.751733,36.681287],[-94.750797,36.680204],[-94.749928,36.681328],[-94.749636,36.682407],[-94.749673,36.682899],[-94.750087,36.683776],[-94.750777,36.684718],[-94.749604,36.685194],[-94.748123,36.682743]]]]},"properties":{"name":"Ozark Plateau National Wildlife Refuge","kind":"refuge","designation":"National wildlife refuge","manager":"FWS","access":"Restricted","acres":4338}},{"type":"Feature","geometry":{"type":"Polygon","coordinates":[[[-95.244842,35.803158],[-95.249457,35.803103],[-95.249512,35.804921],[-95.24485,35.804929],[-95.244842,35.803158]]]},"properties":{"name":"Ft Gibson Youth Baseball Fields","kind":"citypark","designation":"City recreation area","manager":"CITY","access":"Open","acres":21}},{"type":"Feature","geometry":{"type":"Polygon","coordinates":[[[-94.787573,35.452674],[-94.787826,35.452327],[-94.788739,35.452893],[-94.78842,35.453241],[-94.787573,35.452674]]]},"properties":{"name":"Alex Denton Park","kind":"citypark","designation":"City park","manager":"CITY","access":"Open","acres":1}},{"type":"Feature","geometry":{"type":"Polygon","coordinates":[[[-95.256154,35.804531],[-95.257434,35.803273],[-95.258156,35.803809],[-95.258112,35.804706],[-95.257697,35.805515],[-95.257325,35.805417],[-95.256154,35.804531]]]},"properties":{"name":"Fort Gibson Historic Site","kind":"historic","designation":"Historic or cultural area","manager":"OTHS","access":"Open","acres":7}},{"type":"Feature","geometry":{"type":"Polygon","coordinates":[[[-95.267889,35.800933],[-95.268045,35.800933],[-95.267868,35.801484],[-95.267473,35.801785],[-95.264946,35.80296],[-95.263678,35.803927],[-95.262752,35.805071],[-95.262534,35.806214],[-95.262045,35.80585],[-95.262607,35.804488],[-95.263387,35.803241],[-95.264686,35.802024],[-95.266142,35.801276],[-95.267889,35.800933]]]},"properties":{"name":"Clinkenbeard Park","kind":"citypark","designation":"City park","manager":"CITY","access":"Open","acres":14}},{"type":"Feature","geometry":{"type":"MultiPolygon","coordinates":[[[[-95.261829,35.92961],[-95.250019,35.929646],[-95.249996,35.922302],[-95.247379,35.922363],[-95.247378,35.926935],[-95.243009,35.926917],[-95.242967,35.92952],[-95.238666,35.929546],[-95.238656,35.930433],[-95.231995,35.930397],[-95.231956,35.929617],[-95.229052,35.929718],[-95.226853,35.928588],[-95.228323,35.927457],[-95.228646,35.926699],[-95.229577,35.925391],[-95.230126,35.925156],[-95.231113,35.925312],[-95.231461,35.926217],[-95.231731,35.926466],[-95.232238,35.926405],[-95.23344,35.924922],[-95.235353,35.923154],[-95.235476,35.922745],[-95.235173,35.922519],[-95.234631,35.922671],[-95.234734,35.922241],[-95.235488,35.921506],[-95.235374,35.921124],[-95.235942,35.920808],[-95.237578,35.921097],[-95.237837,35.922548],[-95.238256,35.922741],[-95.238669,35.9226],[-95.239064,35.921676],[-95.239456,35.921587],[-95.239789,35.921148],[-95.240463,35.920712],[-95.239947,35.920381],[-95.23831,35.920615],[-95.237256,35.920386],[-95.237224,35.919843],[-95.237647,35.918818],[-95.237615,35.918338],[-95.23635,35.918517],[-95.234822,35.91844],[-95.234192,35.918647],[-95.232933,35.917019],[-95.232503,35.916144],[-95.232357,35.915593],[-95.232763,35.915229],[-95.234291,35.915245],[-95.235374,35.915081],[-95.23605,35.915245],[-95.236554,35.915922],[-95.236974,35.915758],[-95.237796,35.914828],[-95.238581,35.914303],[-95.237683,35.914184],[-95.236865,35.913847],[-95.236456,35.912919],[-95.236309,35.912379],[-95.236386,35.911603],[-95.237093,35.910657],[-95.237332,35.910008],[-95.237225,35.909567],[-95.236733,35.909086],[-95.236307,35.909118],[-95.236056,35.909447],[-95.235616,35.909496],[-95.234731,35.909395],[-95.234482,35.909046],[-95.234844,35.907797],[-95.235184,35.907301],[-95.236037,35.907002],[-95.236925,35.906233],[-95.237825,35.905887],[-95.238785,35.905946],[-95.239914,35.906262],[-95.241006,35.90706],[-95.241852,35.90683],[-95.242365,35.90634],[-95.242573,35.905903],[-95.243485,35.905836],[-95.244734,35.906264],[-95.245241,35.906151],[-95.245203,35.905511],[-95.244907,35.904877],[-95.244126,35.903905],[-95.24366,35.903888],[-95.242927,35.904547],[-95.242117,35.904444],[-95.241467,35.904576],[-95.241083,35.904204],[-95.240547,35.904744],[-95.239979,35.90495],[-95.239114,35.904773],[-95.237516,35.903407],[-95.23621,35.901603],[-95.236124,35.901238],[-95.236331,35.900087],[-95.237248,35.898806],[-95.237991,35.896931],[-95.238432,35.896403],[-95.238852,35.896205],[-95.239022,35.895787],[-95.238923,35.893126],[-95.239033,35.892477],[-95.239651,35.891739],[-95.239389,35.889211],[-95.239864,35.888655],[-95.240166,35.887325],[-95.239987,35.886348],[-95.240132,35.88589],[-95.241281,35.887421],[-95.243094,35.889089],[-95.243608,35.890929],[-95.244369,35.891967],[-95.24442,35.892937],[-95.245394,35.892589],[-95.247067,35.893623],[-95.247599,35.894288],[-95.247799,35.895116],[-95.247736,35.895865],[-95.247921,35.897],[-95.248375,35.89736],[-95.248721,35.896408],[-95.249128,35.895892],[-95.249992,35.896324],[-95.250189,35.896967],[-95.249796,35.89717],[-95.249576,35.897532],[-95.249534,35.897995],[-95.251026,35.898352],[-95.251743,35.898266],[-95.252585,35.897599],[-95.254325,35.898264],[-95.254634,35.898554],[-95.255028,35.899445],[-95.255012,35.899887],[-95.254534,35.900695],[-95.254579,35.901257],[-95.254935,35.901622],[-95.25562,35.901107],[-95.256683,35.900764],[-95.257118,35.90033],[-95.259075,35.900773],[-95.259475,35.900626],[-95.259994,35.900941],[-95.26073,35.9023],[-95.260301,35.902902],[-95.259835,35.902841],[-95.257991,35.905218],[-95.258402,35.905385],[-95.259809,35.905192],[-95.26091,35.905318],[-95.261321,35.905583],[-95.261417,35.906675],[-95.261958,35.90651],[-95.262631,35.905831],[-95.263173,35.905541],[-95.265991,35.906844],[-95.266554,35.907855],[-95.26666,35.908202],[-95.265233,35.91089],[-95.265299,35.911281],[-95.265751,35.91135],[-95.266997,35.910902],[-95.267699,35.911107],[-95.268028,35.911633],[-95.268072,35.912074],[-95.268523,35.912592],[-95.268095,35.912909],[-95.267636,35.912891],[-95.267309,35.91321],[-95.267,35.914194],[-95.268013,35.91451],[-95.268461,35.915361],[-95.268216,35.91574],[-95.266106,35.915903],[-95.264972,35.916957],[-95.265455,35.917685],[-95.266046,35.917054],[-95.266439,35.91688],[-95.267114,35.916998],[-95.266119,35.919828],[-95.266038,35.921155],[-95.265495,35.922855],[-95.265606,35.923566],[-95.265312,35.924247],[-95.264175,35.92442],[-95.263595,35.924314],[-95.260222,35.922947],[-95.259019,35.922832],[-95.257375,35.922988],[-95.256465,35.922535],[-95.256273,35.922991],[-95.256926,35.92361],[-95.257317,35.923738],[-95.257376,35.924251],[-95.257909,35.92429],[-95.258952,35.923948],[-95.261037,35.924742],[-95.261373,35.925212],[-95.261939,35.925435],[-95.259828,35.927172],[-95.260848,35.927171],[-95.261445,35.926964],[-95.262342,35.927176],[-95.26373,35.926896],[-95.264263,35.927095],[-95.265656,35.926997],[-95.265918,35.92729],[-95.266001,35.929063],[-95.265875,35.930247],[-95.266067,35.931336],[-95.265817,35.932023],[-95.264982,35.933326],[-95.263177,35.933311],[-95.263249,35.929675],[-95.261829,35.92961]]],[[[-95.245368,35.962694],[-95.245376,35.960374],[-95.242913,35.96038],[-95.243026,35.954848],[-95.246368,35.954885],[-95.246363,35.954213],[-95.247588,35.954211],[-95.247613,35.954834],[-95.249081,35.954649],[-95.249113,35.955123],[-95.25178,35.955081],[-95.251733,35.951496],[-95.2501,35.951433],[-95.250072,35.949396],[-95.253287,35.949383],[-95.255703,35.949798],[-95.25531,35.952494],[-95.255567,35.953802],[-95.25535,35.955023],[-95.255206,35.955379],[-95.254691,35.95564],[-95.254163,35.955705],[-95.253736,35.955997],[-95.253323,35.955989],[-95.253085,35.956284],[-95.253679,35.956476],[-95.253427,35.95682],[-95.253832,35.956926],[-95.255784,35.956213],[-95.256652,35.955573],[-95.256865,35.955127],[-95.256931,35.952832],[-95.256723,35.95113],[-95.257088,35.950023],[-95.258015,35.948595],[-95.258606,35.948102],[-95.259379,35.947754],[-95.261301,35.947478],[-95.261869,35.947526],[-95.262562,35.947996],[-95.263224,35.949634],[-95.264092,35.950348],[-95.264882,35.950669],[-95.265249,35.951508],[-95.266959,35.952924],[-95.267793,35.953829],[-95.269215,35.954914],[-95.260822,35.954887],[-95.26073,35.962217],[-95.248036,35.962029],[-95.24802,35.962699],[-95.245368,35.962694]]],[[[-95.261245,35.949261],[-95.260816,35.948752],[-95.260632,35.951443],[-95.263147,35.951518],[-95.261245,35.949261]]]]},"properties":{"name":"Western Hills Guest Ranch/sequoya Sp State Resort","kind":"statepark","designation":"State park","manager":"SPR","access":"Open","acres":2822}},{"type":"Feature","geometry":{"type":"MultiPolygon","coordinates":[[[[-94.846362,35.725657],[-94.843142,35.725657],[-94.843251,35.716519],[-94.845601,35.716475],[-94.844883,35.71765],[-94.8446,35.718716],[-94.844317,35.718956],[-94.844012,35.719608],[-94.844622,35.719957],[-94.844883,35.719935],[-94.84534,35.719848],[-94.846319,35.71876],[-94.846362,35.717933],[-94.847515,35.716802],[-94.848016,35.71591],[-94.8498,35.715039],[-94.849822,35.715605],[-94.850496,35.71567],[-94.850605,35.715061],[-94.851671,35.71554],[-94.852084,35.714735],[-94.85339,35.715322],[-94.854325,35.716062],[-94.854282,35.716497],[-94.854782,35.716497],[-94.855261,35.717063],[-94.855457,35.71765],[-94.855565,35.718325],[-94.854565,35.7195],[-94.854695,35.722067],[-94.855696,35.724787],[-94.856458,35.725635],[-94.849604,35.7257],[-94.849865,35.7247],[-94.849473,35.723895],[-94.849321,35.720936],[-94.849191,35.720936],[-94.847776,35.722524],[-94.846471,35.723438],[-94.845905,35.724221],[-94.846362,35.725657]]],[[[-94.87878,35.723851],[-94.876539,35.723829],[-94.876518,35.722023],[-94.86986,35.722002],[-94.869838,35.718325],[-94.867641,35.718303],[-94.867597,35.716497],[-94.865421,35.716519],[-94.865421,35.714713],[-94.86986,35.714735],[-94.869838,35.712907],[-94.86305,35.712885],[-94.860961,35.712624],[-94.860983,35.711058],[-94.874255,35.71108],[-94.874277,35.716562],[-94.876496,35.716541],[-94.876474,35.718368],[-94.878715,35.718368],[-94.878737,35.719761],[-94.878193,35.720979],[-94.878106,35.722328],[-94.878759,35.723133],[-94.87878,35.723851]]],[[[-94.843214,35.711068],[-94.848362,35.71106],[-94.846898,35.712012],[-94.845418,35.714692],[-94.843191,35.714692],[-94.843214,35.711068]]],[[[-94.847392,35.712237],[-94.849553,35.712104],[-94.847973,35.713503],[-94.847402,35.714521],[-94.846174,35.714083],[-94.847174,35.712294],[-94.847392,35.712237]]],[[[-94.849772,35.71198],[-94.847592,35.712075],[-94.847516,35.711923],[-94.848934,35.711066],[-94.850705,35.711076],[-94.849772,35.71198]]],[[[-94.847592,35.712075],[-94.847592,35.712075],[-94.847583,35.712075],[-94.847592,35.712075]]]]},"properties":{"name":"Healthy Forest Reserve Program (HFRP), Cherokee, OK","kind":"reserve","designation":"Forest / reserve programme","manager":"NRCS","access":"Closed","acres":537}},{"type":"Feature","geometry":{"type":"MultiPolygon","coordinates":[[[[-95.168554,35.486003],[-95.168474,35.485873],[-95.172154,35.485893],[-95.172154,35.484863],[-95.173194,35.484603],[-95.174514,35.483993],[-95.176544,35.481953],[-95.177664,35.481083],[-95.178334,35.479893],[-95.178964,35.477853],[-95.180324,35.477433],[-95.182824,35.477173],[-95.184324,35.477743],[-95.185484,35.478673],[-95.185444,35.486923],[-95.181444,35.487443],[-95.176694,35.487503],[-95.171464,35.486893],[-95.168734,35.486303],[-95.168554,35.486003]]],[[[-95.178714,35.493183],[-95.178714,35.489123],[-95.179924,35.489133],[-95.180954,35.488433],[-95.185444,35.487903],[-95.185444,35.492663],[-95.183834,35.492653],[-95.181294,35.493193],[-95.178714,35.493183]]]]},"properties":{"name":"Wetlands Reserve Program (WRP), Muskogee, OK","kind":"reserve","designation":"Conservation easement","manager":"NRCS","access":"Closed","acres":321}},{"type":"Feature","geometry":{"type":"Polygon","coordinates":[[[-94.772114,35.799843],[-94.77213,35.798032],[-94.77434,35.798049],[-94.774352,35.796238],[-94.776565,35.796255],[-94.77658,35.794443],[-94.778797,35.794458],[-94.778872,35.787208],[-94.772179,35.787166],[-94.772195,35.78354],[-94.776671,35.783569],[-94.776666,35.779945],[-94.777789,35.779953],[-94.777791,35.776327],[-94.781165,35.776349],[-94.781169,35.774552],[-94.784145,35.774564],[-94.785938,35.772621],[-94.785603,35.771305],[-94.783323,35.773266],[-94.782281,35.773266],[-94.782287,35.769159],[-94.790013,35.769152],[-94.789992,35.765602],[-94.796672,35.765591],[-94.796704,35.772814],[-94.794481,35.772802],[-94.794491,35.774614],[-94.790047,35.774589],[-94.790077,35.780027],[-94.785619,35.780001],[-94.785619,35.78362],[-94.784504,35.783618],[-94.78446,35.787243],[-94.790054,35.787278],[-94.789959,35.794531],[-94.787718,35.79452],[-94.787672,35.798144],[-94.77876,35.798083],[-94.778766,35.799893],[-94.772114,35.799843]]]},"properties":{"name":"Healthy Forest Reserve Program (HFRP), Adair, OK","kind":"reserve","designation":"Forest / reserve programme","manager":"NRCS","access":"Closed","acres":911}},{"type":"Feature","geometry":{"type":"Polygon","coordinates":[[[-94.789967,35.758349],[-94.787731,35.758334],[-94.78651,35.757337],[-94.78522,35.757039],[-94.783305,35.757054],[-94.78086,35.755484],[-94.779207,35.754983],[-94.778109,35.754908],[-94.776644,35.755469],[-94.776641,35.754615],[-94.789982,35.754701],[-94.789967,35.758349]]]},"properties":{"name":"Healthy Forest Reserve Program (HFRP), Adair, OK","kind":"reserve","designation":"Forest / reserve programme","manager":"NRCS","access":"Closed","acres":64}}]}