{"type":"FeatureCollection","attribution":"Recreation.gov / RIDB (public domain)","generated":"2026-08-17","features":[{"type":"Feature","geometry":{"type":"Point","coordinates":[-95.2843,35.934494]},"properties":{"kind":"campground","name":"TAYLOR FERRY","facilityId":"233647","phone":"918-485-4792 OR 918-682-4314","reservable":true,"url":"https://www.recreation.gov/camping/campgrounds/233647"}},{"type":"Feature","geometry":{"type":"Point","coordinates":[-95.282303,35.934215]},"properties":{"kind":"campsite","name":"028","loop":"MAIN","siteType":"STANDARD ELECTRIC","reservable":true,"campground":"TAYLOR FERRY","facilityId":"233647","electric":"30","water":"Yes","sewer":null,"maxPeople":8,"maxVehicleFt":24,"driveway":"Back-In","surface":"Paved","shade":"Yes","pets":"Yes","url":"https://www.recreation.gov/camping/campsites/53670"}},{"type":"Feature","geometry":{"type":"Point","coordinates":[-95.280902,35.936584]},"properties":{"kind":"campsite","name":"014","loop":"NORT","siteType":"MANAGEMENT","reservable":false,"campground":"TAYLOR FERRY","facilityId":"233647","electric":"30","water":"Yes","sewer":null,"maxPeople":8,"maxVehicleFt":45,"driveway":"Back-In","surface":"Paved","shade":"Yes","pets":"Yes","url":"https://www.recreation.gov/camping/campsites/53991"}},{"type":"Feature","geometry":{"type":"Point","coordinates":[-95.281543,35.935832]},"properties":{"kind":"campsite","name":"020","loop":"NORT","siteType":"STANDARD ELECTRIC","reservable":true,"campground":"TAYLOR FERRY","facilityId":"233647","electric":"30","water":"Yes","sewer":null,"maxPeople":8,"maxVehicleFt":30,"driveway":"Back-In","surface":"Paved","shade":null,"pets":"Yes","url":"https://www.recreation.gov/camping/campsites/53503"}},{"type":"Feature","geometry":{"type":"Point","coordinates":[-95.282178,35.934021]},"properties":{"kind":"campsite","name":"063","loop":"MAIN","siteType":"STANDARD ELECTRIC","reservable":true,"campground":"TAYLOR FERRY","facilityId":"233647","electric":"30","water":"Yes","sewer":null,"maxPeople":8,"maxVehicleFt":40,"driveway":"Back-In","surface":"Paved","shade":"Yes","pets":"Yes","url":"https://www.recreation.gov/camping/campsites/53296"}},{"type":"Feature","geometry":{"type":"Point","coordinates":[-95.281174,35.934063]},"properties":{"kind":"campsite","name":"046","loop":"MAIN","siteType":"STANDARD ELECTRIC","reservable":true,"campground":"TAYLOR FERRY","facilityId":"233647","electric":"30","water":"Yes","sewer":null,"maxPeople":8,"maxVehicleFt":27,"driveway":"Back-In","surface":"Paved","shade":null,"pets":"Yes","url":"https://www.recreation.gov/camping/campsites/53227"}},{"type":"Feature","geometry":{"type":"Point","coordinates":[-95.281266,35.93368]},"properties":{"kind":"campsite","name":"033","loop":"MAIN","siteType":"STANDARD ELECTRIC","reservable":true,"campground":"TAYLOR FERRY","facilityId":"233647","electric":"30","water":"Yes","sewer":null,"maxPeople":8,"maxVehicleFt":30,"driveway":"Back-In","surface":"Paved","shade":"Yes","pets":"Yes","url":"https://www.recreation.gov/camping/campsites/53328"}},{"type":"Feature","geometry":{"type":"Point","coordinates":[-95.280961,35.936239]},"properties":{"kind":"campsite","name":"011","loop":"NORT","siteType":"STANDARD ELECTRIC","reservable":true,"campground":"TAYLOR FERRY","facilityId":"233647","electric":"30","water":"Yes","sewer":null,"maxPeople":8,"maxVehicleFt":28,"driveway":"Back-In","surface":"Paved","shade":"Yes","pets":"Yes","url":"https://www.recreation.gov/camping/campsites/53876"}},{"type":"Feature","geometry":{"type":"Point","coordinates":[-95.282306,35.930823]},"properties":{"kind":"campsite","name":"098","loop":"MAIN","siteType":"STANDARD ELECTRIC","reservable":true,"campground":"TAYLOR FERRY","facilityId":"233647","electric":"30","water":"Yes","sewer":null,"maxPeople":8,"maxVehicleFt":40,"driveway":"Back-In","surface":"Paved","shade":"Full","pets":"Yes","url":"https://www.recreation.gov/camping/campsites/53331"}},{"type":"Feature","geometry":{"type":"Point","coordinates":[-95.280577,35.93651]},"properties":{"kind":"campsite","name":"012","loop":"NORT","siteType":"STANDARD ELECTRIC","reservable":true,"campground":"TAYLOR FERRY","facilityId":"233647","electric":"30","water":"Yes","sewer":null,"maxPeople":8,"maxVehicleFt":45,"driveway":"Back-In","surface":"Paved","shade":"Yes","pets":"Yes","url":"https://www.recreation.gov/camping/campsites/53982"}},{"type":"Feature","geometry":{"type":"Point","coordinates":[-95.28094,35.933845]},"properties":{"kind":"campsite","name":"044","loop":"MAIN","siteType":"STANDARD ELECTRIC","reservable":true,"campground":"TAYLOR FERRY","facilityId":"233647","electric":"50","water":"Yes","sewer":null,"maxPeople":8,"maxVehicleFt":40,"driveway":"Pull-Through","surface":"Paved","shade":"Yes","pets":"Yes","url":"https://www.recreation.gov/camping/campsites/53067"}},{"type":"Feature","geometry":{"type":"Point","coordinates":[-95.281253,35.933934]},"properties":{"kind":"campsite","name":"047","loop":"MAIN","siteType":"STANDARD ELECTRIC","reservable":true,"campground":"TAYLOR FERRY","facilityId":"233647","electric":"30","water":"Yes","sewer":null,"maxPeople":8,"maxVehicleFt":40,"driveway":"Back-In","surface":"Paved","shade":"Yes","pets":"Yes","url":"https://www.recreation.gov/camping/campsites/53382"}},{"type":"Feature","geometry":{"type":"Point","coordinates":[-95.28199,35.933942]},"properties":{"kind":"campsite","name":"029","loop":"MAIN","siteType":"STANDARD ELECTRIC","reservable":true,"campground":"TAYLOR FERRY","facilityId":"233647","electric":"30","water":"Yes","sewer":null,"maxPeople":8,"maxVehicleFt":24,"driveway":"Back-In","surface":"Paved","shade":"Yes","pets":"Yes","url":"https://www.recreation.gov/camping/campsites/53986"}},{"type":"Feature","geometry":{"type":"Point","coordinates":[-95.282438,35.931069]},"properties":{"kind":"campsite","name":"096","loop":"MAIN","siteType":"STANDARD ELECTRIC","reservable":true,"campground":"TAYLOR FERRY","facilityId":"233647","electric":"30","water":"Yes","sewer":null,"maxPeople":8,"maxVehicleFt":20,"driveway":"Back-In","surface":"Paved","shade":"Full","pets":"Yes","url":"https://www.recreation.gov/camping/campsites/53709"}},{"type":"Feature","geometry":{"type":"Point","coordinates":[-95.28055,35.935616]},"properties":{"kind":"campsite","name":"004","loop":"NORT","siteType":"STANDARD NONELECTRIC","reservable":true,"campground":"TAYLOR FERRY","facilityId":"233647","electric":null,"water":null,"sewer":null,"maxPeople":8,"maxVehicleFt":30,"driveway":"Back-In","surface":"Paved","shade":"Full","pets":"Yes","url":"https://www.recreation.gov/camping/campsites/53520"}},{"type":"Feature","geometry":{"type":"Point","coordinates":[-95.28243,35.930403]},"properties":{"kind":"campsite","name":"101","loop":"MAIN","siteType":"STANDARD ELECTRIC","reservable":true,"campground":"TAYLOR FERRY","facilityId":"233647","electric":"30","water":"Yes","sewer":null,"maxPeople":8,"maxVehicleFt":30,"driveway":"Back-In","surface":"Paved","shade":"Full","pets":"Yes","url":"https://www.recreation.gov/camping/campsites/53954"}},{"type":"Feature","geometry":{"type":"Point","coordinates":[-95.281671,35.935978]},"properties":{"kind":"campsite","name":"019","loop":"NORT","siteType":"STANDARD ELECTRIC","reservable":true,"campground":"TAYLOR FERRY","facilityId":"233647","electric":"30","water":"Yes","sewer":null,"maxPeople":8,"maxVehicleFt":40,"driveway":"Back-In","surface":"Paved","shade":"Yes","pets":"Yes","url":"https://www.recreation.gov/camping/campsites/53167"}},{"type":"Feature","geometry":{"type":"Point","coordinates":[-95.28196,35.930916]},"properties":{"kind":"campsite","name":"087","loop":"MAIN","siteType":"STANDARD ELECTRIC","reservable":true,"campground":"TAYLOR FERRY","facilityId":"233647","electric":"50","water":"Yes","sewer":null,"maxPeople":8,"maxVehicleFt":45,"driveway":"Back-In","surface":"Paved","shade":"Full","pets":"Yes","url":"https://www.recreation.gov/camping/campsites/53481"}},{"type":"Feature","geometry":{"type":"Point","coordinates":[-95.281331,35.936142]},"properties":{"kind":"campsite","name":"015","loop":"NORT","siteType":"STANDARD ELECTRIC","reservable":true,"campground":"TAYLOR FERRY","facilityId":"233647","electric":"30","water":"Yes","sewer":null,"maxPeople":8,"maxVehicleFt":30,"driveway":"Back-In","surface":"Paved","shade":"Yes","pets":"Yes","url":"https://www.recreation.gov/camping/campsites/53056"}},{"type":"Feature","geometry":{"type":"Point","coordinates":[-95.281852,35.935819]},"properties":{"kind":"campsite","name":"022","loop":"NORT","siteType":"STANDARD ELECTRIC","reservable":true,"campground":"TAYLOR FERRY","facilityId":"233647","electric":"30","water":"Yes","sewer":null,"maxPeople":8,"maxVehicleFt":45,"driveway":"Back-In","surface":"Paved","shade":null,"pets":"Yes","url":"https://www.recreation.gov/camping/campsites/53790"}},{"type":"Feature","geometry":{"type":"Point","coordinates":[-95.282301,35.930978]},"properties":{"kind":"campsite","name":"097","loop":"MAIN","siteType":"STANDARD ELECTRIC","reservable":true,"campground":"TAYLOR FERRY","facilityId":"233647","electric":"30","water":"Yes","sewer":null,"maxPeople":8,"maxVehicleFt":36,"driveway":"Back-In","surface":"Paved","shade":"Full","pets":"Yes","url":"https://www.recreation.gov/camping/campsites/53906"}},{"type":"Feature","geometry":{"type":"Point","coordinates":[-95.280974,35.933674]},"properties":{"kind":"campsite","name":"043","loop":"MAIN","siteType":"STANDARD ELECTRIC","reservable":true,"campground":"TAYLOR FERRY","facilityId":"233647","electric":"30","water":"Yes","sewer":null,"maxPeople":8,"maxVehicleFt":32,"driveway":"Back-In","surface":"Paved","shade":"Yes","pets":"Yes","url":"https://www.recreation.gov/camping/campsites/53768"}},{"type":"Feature","geometry":{"type":"Point","coordinates":[-95.281741,35.932086]},"properties":{"kind":"campsite","name":"058","loop":"MAIN","siteType":"STANDARD ELECTRIC","reservable":true,"campground":"TAYLOR FERRY","facilityId":"233647","electric":"50","water":"Yes","sewer":null,"maxPeople":8,"maxVehicleFt":50,"driveway":"Pull-Through","surface":"Paved","shade":"Yes","pets":"Yes","url":"https://www.recreation.gov/camping/campsites/53341"}},{"type":"Feature","geometry":{"type":"Point","coordinates":[-95.282155,35.933294]},"properties":{"kind":"campsite","name":"075","loop":"MAIN","siteType":"STANDARD ELECTRIC","reservable":true,"campground":"TAYLOR FERRY","facilityId":"233647","electric":"50","water":"Yes","sewer":null,"maxPeople":8,"maxVehicleFt":40,"driveway":"Back-In","surface":"Paved","shade":"Yes","pets":"Yes","url":"https://www.recreation.gov/camping/campsites/53021"}},{"type":"Feature","geometry":{"type":"Point","coordinates":[-95.281963,35.933599]},"properties":{"kind":"campsite","name":"061","loop":"MAIN","siteType":"STANDARD ELECTRIC","reservable":true,"campground":"TAYLOR FERRY","facilityId":"233647","electric":"30","water":"Yes","sewer":null,"maxPeople":8,"maxVehicleFt":38,"driveway":"Back-In","surface":"Paved","shade":null,"pets":"Yes","url":"https://www.recreation.gov/camping/campsites/53763"}},{"type":"Feature","geometry":{"type":"Point","coordinates":[-95.281233,35.935965]},"properties":{"kind":"campsite","name":"017","loop":"NORT","siteType":"STANDARD ELECTRIC","reservable":true,"campground":"TAYLOR FERRY","facilityId":"233647","electric":"30","water":"Yes","sewer":null,"maxPeople":8,"maxVehicleFt":32,"driveway":"Back-In","surface":"Paved","shade":null,"pets":"Yes","url":"https://www.recreation.gov/camping/campsites/53571"}},{"type":"Feature","geometry":{"type":"Point","coordinates":[-95.282319,35.930491]},"properties":{"kind":"campsite","name":"100","loop":"MAIN","siteType":"STANDARD ELECTRIC","reservable":true,"campground":"TAYLOR FERRY","facilityId":"233647","electric":"30","water":"Yes","sewer":null,"maxPeople":8,"maxVehicleFt":45,"driveway":"Back-In","surface":"Paved","shade":"Full","pets":"Yes","url":"https://www.recreation.gov/camping/campsites/53351"}},{"type":"Feature","geometry":{"type":"Point","coordinates":[-95.282113,35.932035]},"properties":{"kind":"campsite","name":"084","loop":"MAIN","siteType":"MANAGEMENT","reservable":false,"campground":"TAYLOR FERRY","facilityId":"233647","electric":"50","water":"Yes","sewer":null,"maxPeople":8,"maxVehicleFt":40,"driveway":"Back-In","surface":"Paved","shade":"Yes","pets":"Yes","url":"https://www.recreation.gov/camping/campsites/53581"}},{"type":"Feature","geometry":{"type":"Point","coordinates":[-95.281655,35.932763]},"properties":{"kind":"campsite","name":"059","loop":"MAIN","siteType":"STANDARD ELECTRIC","reservable":true,"campground":"TAYLOR FERRY","facilityId":"233647","electric":"30","water":"Yes","sewer":null,"maxPeople":8,"maxVehicleFt":20,"driveway":"Back-In","surface":"Gravel","shade":"Full","pets":"Yes","url":"https://www.recreation.gov/camping/campsites/53689"}},{"type":"Feature","geometry":{"type":"Point","coordinates":[-95.281799,35.931714]},"properties":{"kind":"campsite","name":"057","loop":"MAIN","siteType":"STANDARD ELECTRIC","reservable":true,"campground":"TAYLOR FERRY","facilityId":"233647","electric":"50","water":"Yes","sewer":null,"maxPeople":8,"maxVehicleFt":30,"driveway":"Back-In","surface":"Paved","shade":"Yes","pets":"Yes","url":"https://www.recreation.gov/camping/campsites/53723"}},{"type":"Feature","geometry":{"type":"Point","coordinates":[-95.28207,35.932441]},"properties":{"kind":"campsite","name":"082","loop":"MAIN","siteType":"STANDARD ELECTRIC","reservable":true,"campground":"TAYLOR FERRY","facilityId":"233647","electric":"50","water":"Yes","sewer":null,"maxPeople":8,"maxVehicleFt":30,"driveway":"Back-In","surface":"Paved","shade":"Full","pets":"Yes","url":"https://www.recreation.gov/camping/campsites/53205"}},{"type":"Feature","geometry":{"type":"Point","coordinates":[-95.282072,35.932751]},"properties":{"kind":"campsite","name":"080","loop":"MAIN","siteType":"STANDARD ELECTRIC","reservable":true,"campground":"TAYLOR FERRY","facilityId":"233647","electric":"50","water":"Yes","sewer":null,"maxPeople":8,"maxVehicleFt":35,"driveway":"Back-In","surface":"Paved","shade":"Yes","pets":"Yes","url":"https://www.recreation.gov/camping/campsites/53713"}},{"type":"Feature","geometry":{"type":"Point","coordinates":[-95.282105,35.932225]},"properties":{"kind":"campsite","name":"083","loop":"MAIN","siteType":"STANDARD ELECTRIC","reservable":true,"campground":"TAYLOR FERRY","facilityId":"233647","electric":"50","water":"Yes","sewer":null,"maxPeople":8,"maxVehicleFt":40,"driveway":"Back-In","surface":"Paved","shade":"Full","pets":"Yes","url":"https://www.recreation.gov/camping/campsites/53332"}},{"type":"Feature","geometry":{"type":"Point","coordinates":[-95.280546,35.936297]},"properties":{"kind":"campsite","name":"009","loop":"NORT","siteType":"STANDARD ELECTRIC","reservable":true,"campground":"TAYLOR FERRY","facilityId":"233647","electric":"30","water":"Yes","sewer":null,"maxPeople":8,"maxVehicleFt":30,"driveway":"Back-In","surface":"Gravel","shade":"Yes","pets":"Yes","url":"https://www.recreation.gov/camping/campsites/53254"}},{"type":"Feature","geometry":{"type":"Point","coordinates":[-95.280767,35.936117]},"properties":{"kind":"campsite","name":"010","loop":"NORT","siteType":"STANDARD ELECTRIC","reservable":true,"campground":"TAYLOR FERRY","facilityId":"233647","electric":"30","water":"Yes","sewer":null,"maxPeople":8,"maxVehicleFt":40,"driveway":"Back-In","surface":"Paved","shade":"Yes","pets":"Yes","url":"https://www.recreation.gov/camping/campsites/53480"}},{"type":"Feature","geometry":{"type":"Point","coordinates":[-95.282404,35.93371]},"properties":{"kind":"campsite","name":"064","loop":"MAIN","siteType":"STANDARD ELECTRIC","reservable":true,"campground":"TAYLOR FERRY","facilityId":"233647","electric":"50","water":"Yes","sewer":null,"maxPeople":8,"maxVehicleFt":40,"driveway":"Pull-Through","surface":"Paved","shade":"Yes","pets":"Yes","url":"https://www.recreation.gov/camping/campsites/53048"}},{"type":"Feature","geometry":{"type":"Point","coordinates":[-95.281775,35.933729]},"properties":{"kind":"campsite","name":"031","loop":"MAIN","siteType":"STANDARD ELECTRIC","reservable":true,"campground":"TAYLOR FERRY","facilityId":"233647","electric":"30","water":"Yes","sewer":null,"maxPeople":8,"maxVehicleFt":24,"driveway":"Back-In","surface":"Paved","shade":"Yes","pets":"Yes","url":"https://www.recreation.gov/camping/campsites/53513"}},{"type":"Feature","geometry":{"type":"Point","coordinates":[-95.282453,35.932853]},"properties":{"kind":"campsite","name":"079","loop":"MAIN","siteType":"STANDARD ELECTRIC","reservable":true,"campground":"TAYLOR FERRY","facilityId":"233647","electric":"30","water":"Yes","sewer":null,"maxPeople":8,"maxVehicleFt":40,"driveway":"Back-In","surface":"Paved","shade":"Yes","pets":"Yes","url":"https://www.recreation.gov/camping/campsites/53998"}},{"type":"Feature","geometry":{"type":"Point","coordinates":[-95.281724,35.93074]},"properties":{"kind":"campsite","name":"089","loop":"MAIN","siteType":"STANDARD ELECTRIC","reservable":true,"campground":"TAYLOR FERRY","facilityId":"233647","electric":"50","water":"Yes","sewer":null,"maxPeople":8,"maxVehicleFt":45,"driveway":"Back-In","surface":"Paved","shade":"Full","pets":"Yes","url":"https://www.recreation.gov/camping/campsites/53937"}},{"type":"Feature","geometry":{"type":"Point","coordinates":[-95.282581,35.935888]},"properties":{"kind":"campsite","name":"026","loop":"NORT","siteType":"STANDARD ELECTRIC","reservable":true,"campground":"TAYLOR FERRY","facilityId":"233647","electric":"30","water":"Yes","sewer":null,"maxPeople":8,"maxVehicleFt":24,"driveway":"Back-In","surface":"Paved","shade":"Yes","pets":"Yes","url":"https://www.recreation.gov/camping/campsites/53945"}},{"type":"Feature","geometry":{"type":"Point","coordinates":[-95.283301,35.933574]},"properties":{"kind":"campsite","name":"070","loop":"MAIN","siteType":"STANDARD ELECTRIC","reservable":true,"campground":"TAYLOR FERRY","facilityId":"233647","electric":"30","water":"Yes","sewer":null,"maxPeople":8,"maxVehicleFt":45,"driveway":"Back-In","surface":"Paved","shade":null,"pets":"Yes","url":"https://www.recreation.gov/camping/campsites/53923"}},{"type":"Feature","geometry":{"type":"Point","coordinates":[-95.282545,35.934176]},"properties":{"kind":"campsite","name":"067","loop":"MAIN","siteType":"STANDARD ELECTRIC","reservable":true,"campground":"TAYLOR FERRY","facilityId":"233647","electric":"30","water":"Yes","sewer":null,"maxPeople":8,"maxVehicleFt":26,"driveway":"Back-In","surface":"Paved","shade":"Full","pets":"Yes","url":"https://www.recreation.gov/camping/campsites/53832"}},{"type":"Feature","geometry":{"type":"Point","coordinates":[-95.282562,35.930381]},"properties":{"kind":"campsite","name":"102","loop":"MAIN","siteType":"STANDARD ELECTRIC","reservable":true,"campground":"TAYLOR FERRY","facilityId":"233647","electric":"30","water":"Yes","sewer":null,"maxPeople":8,"maxVehicleFt":40,"driveway":"Back-In","surface":"Paved","shade":"Full","pets":"Yes","url":"https://www.recreation.gov/camping/campsites/53516"}},{"type":"Feature","geometry":{"type":"Point","coordinates":[-95.281984,35.929962]},"properties":{"kind":"campsite","name":"095","loop":"MAIN","siteType":"STANDARD ELECTRIC","reservable":true,"campground":"TAYLOR FERRY","facilityId":"233647","electric":"50","water":"Yes","sewer":null,"maxPeople":8,"maxVehicleFt":35,"driveway":"Back-In","surface":"Paved","shade":"Yes","pets":"Yes","url":"https://www.recreation.gov/camping/campsites/53791"}},{"type":"Feature","geometry":{"type":"Point","coordinates":[-95.281809,35.933944]},"properties":{"kind":"campsite","name":"030","loop":"MAIN","siteType":"STANDARD ELECTRIC","reservable":true,"campground":"TAYLOR FERRY","facilityId":"233647","electric":"30","water":"Yes","sewer":null,"maxPeople":8,"maxVehicleFt":28,"driveway":"Back-In","surface":"Paved","shade":null,"pets":"Yes","url":"https://www.recreation.gov/camping/campsites/53204"}},{"type":"Feature","geometry":{"type":"Point","coordinates":[-95.281502,35.932025]},"properties":{"kind":"campsite","name":"054","loop":"MAIN","siteType":"STANDARD ELECTRIC","reservable":true,"campground":"TAYLOR FERRY","facilityId":"233647","electric":"30","water":"Yes","sewer":null,"maxPeople":8,"maxVehicleFt":38,"driveway":"Back-In","surface":"Paved","shade":"Full","pets":"Yes","url":"https://www.recreation.gov/camping/campsites/53502"}},{"type":"Feature","geometry":{"type":"Point","coordinates":[-95.281267,35.931823]},"properties":{"kind":"campsite","name":"053","loop":"MAIN","siteType":"STANDARD ELECTRIC","reservable":true,"campground":"TAYLOR FERRY","facilityId":"233647","electric":"50","water":"Yes","sewer":null,"maxPeople":8,"maxVehicleFt":45,"driveway":"Back-In","surface":"Paved","shade":"Yes","pets":"Yes","url":"https://www.recreation.gov/camping/campsites/53633"}},{"type":"Feature","geometry":{"type":"Point","coordinates":[-95.280466,35.936223]},"properties":{"kind":"campsite","name":"008","loop":"NORT","siteType":"STANDARD ELECTRIC","reservable":true,"campground":"TAYLOR FERRY","facilityId":"233647","electric":"30","water":"Yes","sewer":null,"maxPeople":8,"maxVehicleFt":30,"driveway":"Back-In","surface":"Paved","shade":"Yes","pets":"Yes","url":"https://www.recreation.gov/camping/campsites/53192"}},{"type":"Feature","geometry":{"type":"Point","coordinates":[-95.282511,35.933052]},"properties":{"kind":"campsite","name":"078","loop":"MAIN","siteType":"STANDARD ELECTRIC","reservable":true,"campground":"TAYLOR FERRY","facilityId":"233647","electric":"30","water":"Yes","sewer":null,"maxPeople":8,"maxVehicleFt":40,"driveway":"Back-In","surface":"Paved","shade":"Yes","pets":"Yes","url":"https://www.recreation.gov/camping/campsites/53132"}},{"type":"Feature","geometry":{"type":"Point","coordinates":[-95.282071,35.933133]},"properties":{"kind":"campsite","name":"076","loop":"MAIN","siteType":"STANDARD ELECTRIC","reservable":true,"campground":"TAYLOR FERRY","facilityId":"233647","electric":"50","water":"Yes","sewer":null,"maxPeople":8,"maxVehicleFt":35,"driveway":"Back-In","surface":"Paved","shade":"Yes","pets":"Yes","url":"https://www.recreation.gov/camping/campsites/53550"}},{"type":"Feature","geometry":{"type":"Point","coordinates":[-95.281441,35.932925]},"properties":{"kind":"campsite","name":"050","loop":"MAIN","siteType":"STANDARD ELECTRIC","reservable":true,"campground":"TAYLOR FERRY","facilityId":"233647","electric":"30","water":"Yes","sewer":null,"maxPeople":8,"maxVehicleFt":40,"driveway":"Pull-Through","surface":"Gravel","shade":"Full","pets":"Yes","url":"https://www.recreation.gov/camping/campsites/53044"}},{"type":"Feature","geometry":{"type":"Point","coordinates":[-95.281846,35.936042]},"properties":{"kind":"campsite","name":"023","loop":"NORT","siteType":"STANDARD ELECTRIC","reservable":true,"campground":"TAYLOR FERRY","facilityId":"233647","electric":"30","water":"Yes","sewer":null,"maxPeople":8,"maxVehicleFt":28,"driveway":"Back-In","surface":"Paved","shade":"Yes","pets":"Yes","url":"https://www.recreation.gov/camping/campsites/53068"}},{"type":"Feature","geometry":{"type":"Point","coordinates":[-95.281482,35.933506]},"properties":{"kind":"campsite","name":"035","loop":"MAIN","siteType":"STANDARD ELECTRIC","reservable":true,"campground":"TAYLOR FERRY","facilityId":"233647","electric":"30","water":"Yes","sewer":null,"maxPeople":8,"maxVehicleFt":45,"driveway":"Back-In","surface":"Paved","shade":"Yes","pets":"Yes","url":"https://www.recreation.gov/camping/campsites/53161"}},{"type":"Feature","geometry":{"type":"Point","coordinates":[-95.282054,35.932957]},"properties":{"kind":"campsite","name":"077","loop":"MAIN","siteType":"STANDARD ELECTRIC","reservable":true,"campground":"TAYLOR FERRY","facilityId":"233647","electric":"50","water":"Yes","sewer":null,"maxPeople":8,"maxVehicleFt":40,"driveway":"Back-In","surface":"Paved","shade":"Yes","pets":"Yes","url":"https://www.recreation.gov/camping/campsites/53759"}},{"type":"Feature","geometry":{"type":"Point","coordinates":[-95.283468,35.933715]},"properties":{"kind":"campsite","name":"069","loop":"MAIN","siteType":"STANDARD ELECTRIC","reservable":true,"campground":"TAYLOR FERRY","facilityId":"233647","electric":"30","water":"Yes","sewer":null,"maxPeople":8,"maxVehicleFt":40,"driveway":"Back-In","surface":"Paved","shade":"Yes","pets":"Yes","url":"https://www.recreation.gov/camping/campsites/53422"}},{"type":"Feature","geometry":{"type":"Point","coordinates":[-95.281688,35.933595]},"properties":{"kind":"campsite","name":"032","loop":"MAIN","siteType":"STANDARD ELECTRIC","reservable":true,"campground":"TAYLOR FERRY","facilityId":"233647","electric":"30","water":"Yes","sewer":null,"maxPeople":8,"maxVehicleFt":30,"driveway":"Back-In","surface":"Paved","shade":"Yes","pets":"Yes","url":"https://www.recreation.gov/camping/campsites/53040"}},{"type":"Feature","geometry":{"type":"Point","coordinates":[-95.281821,35.9303]},"properties":{"kind":"campsite","name":"091","loop":"MAIN","siteType":"STANDARD ELECTRIC","reservable":true,"campground":"TAYLOR FERRY","facilityId":"233647","electric":"50","water":"Yes","sewer":null,"maxPeople":8,"maxVehicleFt":30,"driveway":"Back-In","surface":"Paved","shade":"Yes","pets":"Yes","url":"https://www.recreation.gov/camping/campsites/53478"}},{"type":"Feature","geometry":{"type":"Point","coordinates":[-95.2823,35.930672]},"properties":{"kind":"campsite","name":"099","loop":"MAIN","siteType":"STANDARD ELECTRIC","reservable":true,"campground":"TAYLOR FERRY","facilityId":"233647","electric":"30","water":"Yes","sewer":null,"maxPeople":8,"maxVehicleFt":45,"driveway":"Back-In","surface":"Paved","shade":"Full","pets":"Yes","url":"https://www.recreation.gov/camping/campsites/53443"}},{"type":"Feature","geometry":{"type":"Point","coordinates":[-95.282745,35.934299]},"properties":{"kind":"campsite","name":"068","loop":"MAIN","siteType":"STANDARD ELECTRIC","reservable":true,"campground":"TAYLOR FERRY","facilityId":"233647","electric":"30","water":"Yes","sewer":null,"maxPeople":8,"maxVehicleFt":40,"driveway":"Back-In","surface":"Paved","shade":"Yes","pets":"Yes","url":"https://www.recreation.gov/camping/campsites/53568"}},{"type":"Feature","geometry":{"type":"Point","coordinates":[-95.28032,35.935878]},"properties":{"kind":"campsite","name":"001","loop":"NORT","siteType":"STANDARD NONELECTRIC","reservable":true,"campground":"TAYLOR FERRY","facilityId":"233647","electric":null,"water":null,"sewer":null,"maxPeople":8,"maxVehicleFt":15,"driveway":"Back-In","surface":"Paved","shade":"Yes","pets":"Yes","url":"https://www.recreation.gov/camping/campsites/53401"}},{"type":"Feature","geometry":{"type":"Point","coordinates":[-95.281986,35.93013]},"properties":{"kind":"campsite","name":"092","loop":"MAIN","siteType":"STANDARD ELECTRIC","reservable":true,"campground":"TAYLOR FERRY","facilityId":"233647","electric":"50","water":"Yes","sewer":null,"maxPeople":8,"maxVehicleFt":45,"driveway":"Back-In","surface":"Paved","shade":"Full","pets":"Yes","url":"https://www.recreation.gov/camping/campsites/53536"}},{"type":"Feature","geometry":{"type":"Point","coordinates":[-95.281576,35.931774]},"properties":{"kind":"campsite","name":"055","loop":"MAIN","siteType":"STANDARD ELECTRIC","reservable":true,"campground":"TAYLOR FERRY","facilityId":"233647","electric":"50","water":"Yes","sewer":null,"maxPeople":8,"maxVehicleFt":35,"driveway":"Back-In","surface":"Paved","shade":"Yes","pets":"Yes","url":"https://www.recreation.gov/camping/campsites/53976"}},{"type":"Feature","geometry":{"type":"Point","coordinates":[-95.281441,35.933169]},"properties":{"kind":"campsite","name":"036","loop":"MAIN","siteType":"STANDARD ELECTRIC","reservable":true,"campground":"TAYLOR FERRY","facilityId":"233647","electric":"30","water":"Yes","sewer":null,"maxPeople":8,"maxVehicleFt":40,"driveway":"Back-In","surface":"Gravel","shade":"Yes","pets":"Yes","url":"https://www.recreation.gov/camping/campsites/53597"}},{"type":"Feature","geometry":{"type":"Point","coordinates":[-95.282578,35.933208]},"properties":{"kind":"campsite","name":"074","loop":"MAIN","siteType":"STANDARD ELECTRIC","reservable":true,"campground":"TAYLOR FERRY","facilityId":"233647","electric":"30","water":"Yes","sewer":null,"maxPeople":8,"maxVehicleFt":45,"driveway":"Back-In","surface":"Paved","shade":"Yes","pets":"Yes","url":"https://www.recreation.gov/camping/campsites/53076"}},{"type":"Feature","geometry":{"type":"Point","coordinates":[-95.280693,35.936585]},"properties":{"kind":"campsite","name":"013","loop":"NORT","siteType":"STANDARD NONELECTRIC","reservable":true,"campground":"TAYLOR FERRY","facilityId":"233647","electric":"N/A","water":"No","sewer":null,"maxPeople":8,"maxVehicleFt":0,"driveway":"Pull-through","surface":"Paved","shade":"Yes","pets":"Yes","url":"https://www.recreation.gov/camping/campsites/53012"}},{"type":"Feature","geometry":{"type":"Point","coordinates":[-95.282291,35.930088]},"properties":{"kind":"campsite","name":"094","loop":"MAIN","siteType":"STANDARD ELECTRIC","reservable":true,"campground":"TAYLOR FERRY","facilityId":"233647","electric":"50","water":"Yes","sewer":null,"maxPeople":8,"maxVehicleFt":26,"driveway":"Back-In","surface":"Paved","shade":"Full","pets":"Yes","url":"https://www.recreation.gov/camping/campsites/53361"}},{"type":"Feature","geometry":{"type":"Point","coordinates":[-95.28298,35.933414]},"properties":{"kind":"campsite","name":"072","loop":"MAIN","siteType":"STANDARD ELECTRIC","reservable":true,"campground":"TAYLOR FERRY","facilityId":"233647","electric":"30","water":"Yes","sewer":null,"maxPeople":8,"maxVehicleFt":45,"driveway":"Back-In","surface":"Paved","shade":"Yes","pets":"Yes","url":"https://www.recreation.gov/camping/campsites/53301"}},{"type":"Feature","geometry":{"type":"Point","coordinates":[-95.28172,35.935814]},"properties":{"kind":"campsite","name":"021","loop":"NORT","siteType":"STANDARD ELECTRIC","reservable":true,"campground":"TAYLOR FERRY","facilityId":"233647","electric":"30","water":"Yes","sewer":null,"maxPeople":8,"maxVehicleFt":30,"driveway":"Back-In","surface":"Paved","shade":null,"pets":"Yes","url":"https://www.recreation.gov/camping/campsites/53037"}},{"type":"Feature","geometry":{"type":"Point","coordinates":[-95.280823,35.933344]},"properties":{"kind":"campsite","name":"042","loop":"MAIN","siteType":"STANDARD ELECTRIC","reservable":true,"campground":"TAYLOR FERRY","facilityId":"233647","electric":"30","water":"Yes","sewer":null,"maxPeople":8,"maxVehicleFt":30,"driveway":"Back-In","surface":"Paved","shade":"Yes","pets":"Yes","url":"https://www.recreation.gov/camping/campsites/53704"}},{"type":"Feature","geometry":{"type":"Point","coordinates":[-95.280827,35.935686]},"properties":{"kind":"campsite","name":"007","loop":"NORT","siteType":"STANDARD NONELECTRIC","reservable":true,"campground":"TAYLOR FERRY","facilityId":"233647","electric":null,"water":null,"sewer":null,"maxPeople":8,"maxVehicleFt":15,"driveway":"Back-In","surface":"Paved","shade":"Full","pets":"Yes","url":"https://www.recreation.gov/camping/campsites/53819"}},{"type":"Feature","geometry":{"type":"Point","coordinates":[-95.280541,35.935802]},"properties":{"kind":"campsite","name":"002","loop":"NORT","siteType":"STANDARD NONELECTRIC","reservable":true,"campground":"TAYLOR FERRY","facilityId":"233647","electric":null,"water":null,"sewer":null,"maxPeople":8,"maxVehicleFt":15,"driveway":"Back-In","surface":"Paved","shade":"Yes","pets":"Yes","url":"https://www.recreation.gov/camping/campsites/53705"}},{"type":"Feature","geometry":{"type":"Point","coordinates":[-95.281811,35.931561]},"properties":{"kind":"campsite","name":"085","loop":"MAIN","siteType":"STANDARD ELECTRIC","reservable":true,"campground":"TAYLOR FERRY","facilityId":"233647","electric":"50","water":"Yes","sewer":null,"maxPeople":8,"maxVehicleFt":40,"driveway":"Back-In","surface":"Paved","shade":"Yes","pets":"Yes","url":"https://www.recreation.gov/camping/campsites/53985"}},{"type":"Feature","geometry":{"type":"Point","coordinates":[-95.282067,35.930454]},"properties":{"kind":"campsite","name":"093","loop":"MAIN","siteType":"STANDARD ELECTRIC","reservable":true,"campground":"TAYLOR FERRY","facilityId":"233647","electric":"50","water":"Yes","sewer":null,"maxPeople":8,"maxVehicleFt":45,"driveway":"Pull-Through","surface":"Paved","shade":"Full","pets":"Yes","url":"https://www.recreation.gov/camping/campsites/53899"}},{"type":"Feature","geometry":{"type":"Point","coordinates":[-95.282782,35.933333]},"properties":{"kind":"campsite","name":"073","loop":"MAIN","siteType":"STANDARD ELECTRIC","reservable":true,"campground":"TAYLOR FERRY","facilityId":"233647","electric":"30","water":"Yes","sewer":null,"maxPeople":8,"maxVehicleFt":45,"driveway":"Back-In","surface":"Paved","shade":"Yes","pets":"Yes","url":"https://www.recreation.gov/camping/campsites/53862"}},{"type":"Feature","geometry":{"type":"Point","coordinates":[-95.282607,35.934424]},"properties":{"kind":"campsite","name":"027","loop":"MAIN","siteType":"STANDARD ELECTRIC","reservable":true,"campground":"TAYLOR FERRY","facilityId":"233647","electric":"30","water":"Yes","sewer":null,"maxPeople":8,"maxVehicleFt":40,"driveway":"Pull-Through","surface":"Paved","shade":"Yes","pets":"Yes","url":"https://www.recreation.gov/camping/campsites/53246"}},{"type":"Feature","geometry":{"type":"Point","coordinates":[-95.282447,35.932695]},"properties":{"kind":"campsite","name":"081","loop":"MAIN","siteType":"STANDARD ELECTRIC","reservable":true,"campground":"TAYLOR FERRY","facilityId":"233647","electric":"30","water":"Yes","sewer":null,"maxPeople":8,"maxVehicleFt":25,"driveway":"Back-In","surface":"Paved","shade":"Yes","pets":"Yes","url":"https://www.recreation.gov/camping/campsites/53822"}},{"type":"Feature","geometry":{"type":"Point","coordinates":[-95.281474,35.934029]},"properties":{"kind":"campsite","name":"048","loop":"MAIN","siteType":"STANDARD ELECTRIC","reservable":true,"campground":"TAYLOR FERRY","facilityId":"233647","electric":"30","water":"Yes","sewer":null,"maxPeople":8,"maxVehicleFt":30,"driveway":"Back-In","surface":"Paved","shade":"Yes","pets":"Yes","url":"https://www.recreation.gov/camping/campsites/53275"}},{"type":"Feature","geometry":{"type":"Point","coordinates":[-95.282415,35.934]},"properties":{"kind":"campsite","name":"066","loop":"MAIN","siteType":"STANDARD ELECTRIC","reservable":true,"campground":"TAYLOR FERRY","facilityId":"233647","electric":"30","water":"Yes","sewer":null,"maxPeople":8,"maxVehicleFt":30,"driveway":"Back-In","surface":"Paved","shade":"Full","pets":"Yes","url":"https://www.recreation.gov/camping/campsites/53974"}},{"type":"Feature","geometry":{"type":"Point","coordinates":[-95.281884,35.9306]},"properties":{"kind":"campsite","name":"090","loop":"MAIN","siteType":"STANDARD ELECTRIC","reservable":true,"campground":"TAYLOR FERRY","facilityId":"233647","electric":"50","water":"Yes","sewer":null,"maxPeople":8,"maxVehicleFt":35,"driveway":"Back-In","surface":"Paved","shade":"Yes","pets":"Yes","url":"https://www.recreation.gov/camping/campsites/53663"}},{"type":"Feature","geometry":{"type":"Point","coordinates":[-95.282283,35.935902]},"properties":{"kind":"campsite","name":"025","loop":"NORT","siteType":"STANDARD ELECTRIC","reservable":true,"campground":"TAYLOR FERRY","facilityId":"233647","electric":"30","water":"Yes","sewer":null,"maxPeople":8,"maxVehicleFt":35,"driveway":"Back-In","surface":"Paved","shade":"Full","pets":"Yes","url":"https://www.recreation.gov/camping/campsites/53607"}},{"type":"Feature","geometry":{"type":"Point","coordinates":[-95.281652,35.934267]},"properties":{"kind":"campsite","name":"049","loop":"MAIN","siteType":"STANDARD ELECTRIC","reservable":true,"campground":"TAYLOR FERRY","facilityId":"233647","electric":"30","water":"Yes","sewer":null,"maxPeople":8,"maxVehicleFt":45,"driveway":null,"surface":"Paved","shade":"Yes","pets":"Yes","url":"https://www.recreation.gov/camping/campsites/53282"}},{"type":"Feature","geometry":{"type":"Point","coordinates":[-95.280968,35.93312]},"properties":{"kind":"campsite","name":"040","loop":"MAIN","siteType":"STANDARD ELECTRIC","reservable":true,"campground":"TAYLOR FERRY","facilityId":"233647","electric":"30","water":"Yes","sewer":null,"maxPeople":8,"maxVehicleFt":28,"driveway":"Back-In","surface":"Paved","shade":null,"pets":"Yes","url":"https://www.recreation.gov/camping/campsites/53745"}},{"type":"Feature","geometry":{"type":"Point","coordinates":[-95.281442,35.932417]},"properties":{"kind":"campsite","name":"051","loop":"MAIN","siteType":"STANDARD ELECTRIC","reservable":true,"campground":"TAYLOR FERRY","facilityId":"233647","electric":"30","water":"Yes","sewer":null,"maxPeople":8,"maxVehicleFt":40,"driveway":"Pull-Through","surface":"Gravel","shade":"Yes","pets":"Yes","url":"https://www.recreation.gov/camping/campsites/53744"}},{"type":"Feature","geometry":{"type":"Point","coordinates":[-95.281138,35.93556]},"properties":{"kind":"campsite","name":"006","loop":"NORT","siteType":"STANDARD NONELECTRIC","reservable":true,"campground":"TAYLOR FERRY","facilityId":"233647","electric":null,"water":null,"sewer":null,"maxPeople":8,"maxVehicleFt":25,"driveway":"Back-In","surface":"Paved","shade":"Yes","pets":"Yes","url":"https://www.recreation.gov/camping/campsites/53454"}},{"type":"Feature","geometry":{"type":"Point","coordinates":[-95.282578,35.93371]},"properties":{"kind":"campsite","name":"065","loop":"MAIN","siteType":"STANDARD ELECTRIC","reservable":true,"campground":"TAYLOR FERRY","facilityId":"233647","electric":"50","water":"Yes","sewer":null,"maxPeople":8,"maxVehicleFt":40,"driveway":"Back-In","surface":"Paved","shade":"Yes","pets":"Yes","url":"https://www.recreation.gov/camping/campsites/53410"}},{"type":"Feature","geometry":{"type":"Point","coordinates":[-95.281126,35.933372]},"properties":{"kind":"campsite","name":"041","loop":"MAIN","siteType":"STANDARD ELECTRIC","reservable":true,"campground":"TAYLOR FERRY","facilityId":"233647","electric":"50","water":"Yes","sewer":null,"maxPeople":8,"maxVehicleFt":45,"driveway":"Back-In","surface":"Paved","shade":"Yes","pets":"Yes","url":"https://www.recreation.gov/camping/campsites/53831"}},{"type":"Feature","geometry":{"type":"Point","coordinates":[-95.282195,35.93576]},"properties":{"kind":"campsite","name":"024","loop":"NORT","siteType":"STANDARD ELECTRIC","reservable":true,"campground":"TAYLOR FERRY","facilityId":"233647","electric":"30","water":"Yes","sewer":null,"maxPeople":8,"maxVehicleFt":40,"driveway":"Back-In","surface":"Paved","shade":null,"pets":"Yes","url":"https://www.recreation.gov/camping/campsites/53479"}},{"type":"Feature","geometry":{"type":"Point","coordinates":[-95.283119,35.933524]},"properties":{"kind":"campsite","name":"071","loop":"MAIN","siteType":"STANDARD ELECTRIC","reservable":true,"campground":"TAYLOR FERRY","facilityId":"233647","electric":"30","water":"Yes","sewer":null,"maxPeople":8,"maxVehicleFt":35,"driveway":"Back-In","surface":"Paved","shade":"Yes","pets":"Yes","url":"https://www.recreation.gov/camping/campsites/53340"}},{"type":"Feature","geometry":{"type":"Point","coordinates":[-95.281086,35.932788]},"properties":{"kind":"campsite","name":"037","loop":"MAIN","siteType":"STANDARD NONELECTRIC","reservable":true,"campground":"TAYLOR FERRY","facilityId":"233647","electric":null,"water":null,"sewer":null,"maxPeople":8,"maxVehicleFt":45,"driveway":"Back-In","surface":"Paved","shade":"Yes","pets":"Yes","url":"https://www.recreation.gov/camping/campsites/53803"}},{"type":"Feature","geometry":{"type":"Point","coordinates":[-95.282023,35.93381]},"properties":{"kind":"campsite","name":"062","loop":"MAIN","siteType":"STANDARD ELECTRIC","reservable":true,"campground":"TAYLOR FERRY","facilityId":"233647","electric":"30","water":"Yes","sewer":null,"maxPeople":8,"maxVehicleFt":45,"driveway":"Back-In","surface":"Paved","shade":"Yes","pets":"Yes","url":"https://www.recreation.gov/camping/campsites/53575"}},{"type":"Feature","geometry":{"type":"Point","coordinates":[-95.281054,35.93597]},"properties":{"kind":"campsite","name":"016","loop":"NORT","siteType":"STANDARD ELECTRIC","reservable":true,"campground":"TAYLOR FERRY","facilityId":"233647","electric":"30","water":"Yes","sewer":null,"maxPeople":8,"maxVehicleFt":32,"driveway":"Back-In","surface":"Paved","shade":null,"pets":"Yes","url":"https://www.recreation.gov/camping/campsites/53783"}},{"type":"Feature","geometry":{"type":"Point","coordinates":[-95.281494,35.936113]},"properties":{"kind":"campsite","name":"018","loop":"NORT","siteType":"STANDARD ELECTRIC","reservable":true,"campground":"TAYLOR FERRY","facilityId":"233647","electric":"30","water":"Yes","sewer":null,"maxPeople":8,"maxVehicleFt":40,"driveway":"Back-In","surface":"Paved","shade":"Yes","pets":"Yes","url":"https://www.recreation.gov/camping/campsites/53627"}},{"type":"Feature","geometry":{"type":"Point","coordinates":[-95.28718,35.88575]},"properties":{"kind":"campground","name":"Wahoo Bay","facilityId":"10163100","phone":"918-682-4314","reservable":true,"url":"https://www.recreation.gov/camping/campgrounds/10163100"}},{"type":"Feature","geometry":{"type":"Point","coordinates":[-95.28198992,35.87871078]},"properties":{"kind":"campsite","name":"1","loop":"WB- West","siteType":"STANDARD NONELECTRIC","reservable":true,"campground":"Wahoo Bay","facilityId":"10163100","electric":null,"water":"No","sewer":null,"maxPeople":8,"maxVehicleFt":26,"driveway":null,"surface":null,"shade":"No","pets":"Yes","url":"https://www.recreation.gov/camping/campsites/10163101"}},{"type":"Feature","geometry":{"type":"Point","coordinates":[-95.27726717,35.87864792]},"properties":{"kind":"campsite","name":"11","loop":"WB- West","siteType":"STANDARD NONELECTRIC","reservable":true,"campground":"Wahoo Bay","facilityId":"10163100","electric":null,"water":"No","sewer":null,"maxPeople":8,"maxVehicleFt":0,"driveway":null,"surface":null,"shade":"No","pets":"Yes","url":"https://www.recreation.gov/camping/campsites/10163111"}},{"type":"Feature","geometry":{"type":"Point","coordinates":[-95.27950654,35.87893748]},"properties":{"kind":"campsite","name":"8","loop":"WB- West","siteType":"STANDARD NONELECTRIC","reservable":true,"campground":"Wahoo Bay","facilityId":"10163100","electric":null,"water":"No","sewer":null,"maxPeople":8,"maxVehicleFt":0,"driveway":null,"surface":null,"shade":"Yes","pets":"Yes","url":"https://www.recreation.gov/camping/campsites/10163108"}},{"type":"Feature","geometry":{"type":"Point","coordinates":[-95.27684402,35.87907288]},"properties":{"kind":"campsite","name":"15","loop":"WB- West","siteType":"STANDARD NONELECTRIC","reservable":true,"campground":"Wahoo Bay","facilityId":"10163100","electric":null,"water":"No","sewer":null,"maxPeople":8,"maxVehicleFt":0,"driveway":null,"surface":null,"shade":"Yes","pets":"Yes","url":"https://www.recreation.gov/camping/campsites/10163115"}},{"type":"Feature","geometry":{"type":"Point","coordinates":[-95.27748872,35.87928189]},"properties":{"kind":"campsite","name":"13","loop":"WB- West","siteType":"STANDARD NONELECTRIC","reservable":true,"campground":"Wahoo Bay","facilityId":"10163100","electric":null,"water":"No","sewer":null,"maxPeople":8,"maxVehicleFt":0,"driveway":null,"surface":null,"shade":"Yes","pets":"Yes","url":"https://www.recreation.gov/camping/campsites/10163113"}},{"type":"Feature","geometry":{"type":"Point","coordinates":[-95.27720356,35.8791071]},"properties":{"kind":"campsite","name":"14","loop":"WB- West","siteType":"STANDARD NONELECTRIC","reservable":true,"campground":"Wahoo Bay","facilityId":"10163100","electric":null,"water":"No","sewer":null,"maxPeople":8,"maxVehicleFt":0,"driveway":null,"surface":null,"shade":"Yes","pets":"Yes","url":"https://www.recreation.gov/camping/campsites/10163114"}},{"type":"Feature","geometry":{"type":"Point","coordinates":[-95.28134134,35.87905125]},"properties":{"kind":"campsite","name":"5","loop":"WB- West","siteType":"STANDARD NONELECTRIC","reservable":true,"campground":"Wahoo Bay","facilityId":"10163100","electric":null,"water":"No","sewer":null,"maxPeople":8,"maxVehicleFt":0,"driveway":null,"surface":null,"shade":"Yes","pets":"Yes","url":"https://www.recreation.gov/camping/campsites/10163105"}},{"type":"Feature","geometry":{"type":"Point","coordinates":[-95.27997734,35.87890164]},"properties":{"kind":"campsite","name":"7","loop":"WB- West","siteType":"STANDARD NONELECTRIC","reservable":true,"campground":"Wahoo Bay","facilityId":"10163100","electric":null,"water":"No","sewer":null,"maxPeople":8,"maxVehicleFt":0,"driveway":null,"surface":null,"shade":"Yes","pets":"Yes","url":"https://www.recreation.gov/camping/campsites/10163107"}},{"type":"Feature","geometry":{"type":"Point","coordinates":[-95.28133147,35.87895626]},"properties":{"kind":"campsite","name":"4","loop":"WB- West","siteType":"STANDARD NONELECTRIC","reservable":true,"campground":"Wahoo Bay","facilityId":"10163100","electric":null,"water":"No","sewer":null,"maxPeople":8,"maxVehicleFt":0,"driveway":null,"surface":null,"shade":"No","pets":"Yes","url":"https://www.recreation.gov/camping/campsites/10163104"}},{"type":"Feature","geometry":{"type":"Point","coordinates":[-95.28085729,35.87908746]},"properties":{"kind":"campsite","name":"6","loop":"WB- West","siteType":"STANDARD NONELECTRIC","reservable":true,"campground":"Wahoo Bay","facilityId":"10163100","electric":null,"water":"No","sewer":null,"maxPeople":8,"maxVehicleFt":0,"driveway":null,"surface":null,"shade":"Yes","pets":"Yes","url":"https://www.recreation.gov/camping/campsites/10163106"}},{"type":"Feature","geometry":{"type":"Point","coordinates":[-95.27670552,35.87883818]},"properties":{"kind":"campsite","name":"16","loop":"WB- West","siteType":"STANDARD NONELECTRIC","reservable":true,"campground":"Wahoo Bay","facilityId":"10163100","electric":null,"water":"No","sewer":null,"maxPeople":8,"maxVehicleFt":0,"driveway":null,"surface":null,"shade":"Yes","pets":"Yes","url":"https://www.recreation.gov/camping/campsites/10163116"}},{"type":"Feature","geometry":{"type":"Point","coordinates":[-95.27940485,35.87867855]},"properties":{"kind":"campsite","name":"10","loop":"WB- West","siteType":"STANDARD NONELECTRIC","reservable":true,"campground":"Wahoo Bay","facilityId":"10163100","electric":null,"water":"No","sewer":null,"maxPeople":8,"maxVehicleFt":0,"driveway":null,"surface":null,"shade":"No","pets":"Yes","url":"https://www.recreation.gov/camping/campsites/10163110"}},{"type":"Feature","geometry":{"type":"Point","coordinates":[-95.28184714,35.87897491]},"properties":{"kind":"campsite","name":"2","loop":"WB- West","siteType":"STANDARD NONELECTRIC","reservable":true,"campground":"Wahoo Bay","facilityId":"10163100","electric":null,"water":"No","sewer":null,"maxPeople":8,"maxVehicleFt":0,"driveway":null,"surface":null,"shade":"No","pets":"Yes","url":"https://www.recreation.gov/camping/campsites/10163102"}},{"type":"Feature","geometry":{"type":"Point","coordinates":[-95.27917607,35.87901956]},"properties":{"kind":"campsite","name":"9","loop":"WB- West","siteType":"STANDARD NONELECTRIC","reservable":true,"campground":"Wahoo Bay","facilityId":"10163100","electric":null,"water":"No","sewer":null,"maxPeople":8,"maxVehicleFt":0,"driveway":null,"surface":null,"shade":"Yes","pets":"Yes","url":"https://www.recreation.gov/camping/campsites/10163109"}},{"type":"Feature","geometry":{"type":"Point","coordinates":[-95.28166572,35.87887395]},"properties":{"kind":"campsite","name":"3","loop":"WB- West","siteType":"STANDARD NONELECTRIC","reservable":true,"campground":"Wahoo Bay","facilityId":"10163100","electric":null,"water":"No","sewer":null,"maxPeople":8,"maxVehicleFt":0,"driveway":null,"surface":null,"shade":"Yes","pets":"Yes","url":"https://www.recreation.gov/camping/campsites/10163103"}},{"type":"Feature","geometry":{"type":"Point","coordinates":[-95.27376722,35.87921073]},"properties":{"kind":"campsite","name":"19","loop":"WB- East","siteType":"STANDARD NONELECTRIC","reservable":true,"campground":"Wahoo Bay","facilityId":"10163100","electric":null,"water":"No","sewer":null,"maxPeople":8,"maxVehicleFt":0,"driveway":null,"surface":null,"shade":"Yes","pets":"Yes","url":"https://www.recreation.gov/camping/campsites/10163119"}},{"type":"Feature","geometry":{"type":"Point","coordinates":[-95.27770413,35.87925872]},"properties":{"kind":"campsite","name":"12","loop":"WB- West","siteType":"STANDARD NONELECTRIC","reservable":true,"campground":"Wahoo Bay","facilityId":"10163100","electric":null,"water":"No","sewer":null,"maxPeople":8,"maxVehicleFt":0,"driveway":null,"surface":null,"shade":"Yes","pets":"Yes","url":"https://www.recreation.gov/camping/campsites/10163112"}},{"type":"Feature","geometry":{"type":"Point","coordinates":[-95.27399166,35.879139]},"properties":{"kind":"campsite","name":"18","loop":"WB- East","siteType":"STANDARD NONELECTRIC","reservable":true,"campground":"Wahoo Bay","facilityId":"10163100","electric":null,"water":"No","sewer":null,"maxPeople":8,"maxVehicleFt":0,"driveway":null,"surface":null,"shade":"Yes","pets":"Yes","url":"https://www.recreation.gov/camping/campsites/10163118"}},{"type":"Feature","geometry":{"type":"Point","coordinates":[-95.27416674,35.87917214]},"properties":{"kind":"campsite","name":"17","loop":"WB- East","siteType":"STANDARD NONELECTRIC","reservable":true,"campground":"Wahoo Bay","facilityId":"10163100","electric":null,"water":"No","sewer":null,"maxPeople":8,"maxVehicleFt":0,"driveway":null,"surface":null,"shade":"Yes","pets":"Yes","url":"https://www.recreation.gov/camping/campsites/10163117"}},{"type":"Feature","geometry":{"type":"Point","coordinates":[-95.27387383,35.87937774]},"properties":{"kind":"campsite","name":"20","loop":"WB- East","siteType":"STANDARD NONELECTRIC","reservable":true,"campground":"Wahoo Bay","facilityId":"10163100","electric":null,"water":"No","sewer":null,"maxPeople":8,"maxVehicleFt":0,"driveway":null,"surface":null,"shade":"Yes","pets":"Yes","url":"https://www.recreation.gov/camping/campsites/10163120"}},{"type":"Feature","geometry":{"type":"Point","coordinates":[-95.0569444,35.6161111]},"properties":{"kind":"campground","name":"STRAYHORN LANDING","facilityId":"233641","phone":"918-487-5252","reservable":true,"url":"https://www.recreation.gov/camping/campgrounds/233641"}},{"type":"Feature","geometry":{"type":"Point","coordinates":[-95.059766,35.61585]},"properties":{"kind":"campsite","name":"06","loop":"SLAN","siteType":"STANDARD ELECTRIC","reservable":true,"campground":"STRAYHORN LANDING","facilityId":"233641","electric":"30","water":null,"sewer":null,"maxPeople":8,"maxVehicleFt":60,"driveway":"Back-In","surface":"Paved","shade":"Yes","pets":"Yes","url":"https://www.recreation.gov/camping/campsites/53738"}},{"type":"Feature","geometry":{"type":"Point","coordinates":[-95.057832,35.616516]},"properties":{"kind":"campsite","name":"S003","loop":"SLAN","siteType":"GROUP SHELTER ELECTRIC","reservable":true,"campground":"STRAYHORN LANDING","facilityId":"233641","electric":"30","water":"Y","sewer":null,"maxPeople":50,"maxVehicleFt":0,"driveway":"Back-In","surface":"Paved","shade":"Yes","pets":"Yes","url":"https://www.recreation.gov/camping/campsites/53303"}},{"type":"Feature","geometry":{"type":"Point","coordinates":[-95.060036,35.616028]},"properties":{"kind":"campsite","name":"40","loop":"SLAN","siteType":"STANDARD ELECTRIC","reservable":true,"campground":"STRAYHORN LANDING","facilityId":"233641","electric":"30","water":"Yes","sewer":null,"maxPeople":8,"maxVehicleFt":61,"driveway":"Back-In","surface":"Paved","shade":"Yes","pets":"Yes","url":"https://www.recreation.gov/camping/campsites/53072"}},{"type":"Feature","geometry":{"type":"Point","coordinates":[-95.060231,35.615809]},"properties":{"kind":"campsite","name":"04","loop":"SLAN","siteType":"STANDARD ELECTRIC","reservable":true,"campground":"STRAYHORN LANDING","facilityId":"233641","electric":"30","water":null,"sewer":null,"maxPeople":8,"maxVehicleFt":50,"driveway":"Back-In","surface":"Paved","shade":"Yes","pets":"Yes","url":"https://www.recreation.gov/camping/campsites/53846"}},{"type":"Feature","geometry":{"type":"Point","coordinates":[-95.058654,35.616061]},"properties":{"kind":"campsite","name":"09","loop":"SLAN","siteType":"STANDARD ELECTRIC","reservable":true,"campground":"STRAYHORN LANDING","facilityId":"233641","electric":"30","water":null,"sewer":null,"maxPeople":8,"maxVehicleFt":57,"driveway":"Back-In","surface":"Paved","shade":"Yes","pets":"Yes","url":"https://www.recreation.gov/camping/campsites/53364"}},{"type":"Feature","geometry":{"type":"Point","coordinates":[-95.060082,35.616338]},"properties":{"kind":"campsite","name":"35","loop":"SLAN","siteType":"STANDARD ELECTRIC","reservable":true,"campground":"STRAYHORN LANDING","facilityId":"233641","electric":"30","water":null,"sewer":null,"maxPeople":8,"maxVehicleFt":52,"driveway":"Back-In","surface":"Paved","shade":"Yes","pets":"Yes","url":"https://www.recreation.gov/camping/campsites/53492"}},{"type":"Feature","geometry":{"type":"Point","coordinates":[-95.060234,35.616367]},"properties":{"kind":"campsite","name":"36","loop":"SLAN","siteType":"STANDARD ELECTRIC","reservable":true,"campground":"STRAYHORN LANDING","facilityId":"233641","electric":"30","water":null,"sewer":null,"maxPeople":8,"maxVehicleFt":57,"driveway":"Back-In","surface":"Paved","shade":"Full","pets":"Yes","url":"https://www.recreation.gov/camping/campsites/53269"}},{"type":"Feature","geometry":{"type":"Point","coordinates":[-95.058572,35.616634]},"properties":{"kind":"campsite","name":"21","loop":"SLAN","siteType":"STANDARD ELECTRIC","reservable":true,"campground":"STRAYHORN LANDING","facilityId":"233641","electric":"30","water":"Yes","sewer":"Yes","maxPeople":8,"maxVehicleFt":66,"driveway":"Back-In","surface":"Paved","shade":"Full","pets":"Yes","url":"https://www.recreation.gov/camping/campsites/53967"}},{"type":"Feature","geometry":{"type":"Point","coordinates":[-95.058106,35.616805]},"properties":{"kind":"campsite","name":"19","loop":"SLAN","siteType":"STANDARD ELECTRIC","reservable":true,"campground":"STRAYHORN LANDING","facilityId":"233641","electric":"30","water":"Yes","sewer":null,"maxPeople":8,"maxVehicleFt":48,"driveway":"Back-In","surface":"Paved","shade":"Full","pets":"Yes","url":"https://www.recreation.gov/camping/campsites/53930"}},{"type":"Feature","geometry":{"type":"Point","coordinates":[-95.059908,35.616289]},"properties":{"kind":"campsite","name":"34","loop":"SLAN","siteType":"STANDARD ELECTRIC","reservable":true,"campground":"STRAYHORN LANDING","facilityId":"233641","electric":"30","water":null,"sewer":null,"maxPeople":8,"maxVehicleFt":40,"driveway":"Back-In","surface":"Paved","shade":"Yes","pets":"Yes","url":"https://www.recreation.gov/camping/campsites/53079"}},{"type":"Feature","geometry":{"type":"Point","coordinates":[-95.058867,35.616361]},"properties":{"kind":"campsite","name":"23","loop":"SLAN","siteType":"STANDARD ELECTRIC","reservable":true,"campground":"STRAYHORN LANDING","facilityId":"233641","electric":"30","water":"Yes","sewer":null,"maxPeople":8,"maxVehicleFt":37,"driveway":"Back-In","surface":"Paved","shade":"Full","pets":"Yes","url":"https://www.recreation.gov/camping/campsites/53011"}},{"type":"Feature","geometry":{"type":"Point","coordinates":[-95.057765,35.616382]},"properties":{"kind":"campsite","name":"28","loop":"SLAN","siteType":"STANDARD ELECTRIC","reservable":true,"campground":"STRAYHORN LANDING","facilityId":"233641","electric":"30","water":null,"sewer":null,"maxPeople":8,"maxVehicleFt":60,"driveway":"Back-In","surface":"Paved","shade":"Yes","pets":"Yes","url":"https://www.recreation.gov/camping/campsites/53110"}},{"type":"Feature","geometry":{"type":"Point","coordinates":[-95.057886,35.616278]},"properties":{"kind":"campsite","name":"27","loop":"SLAN","siteType":"STANDARD ELECTRIC","reservable":true,"campground":"STRAYHORN LANDING","facilityId":"233641","electric":"30","water":"Yes","sewer":null,"maxPeople":8,"maxVehicleFt":41,"driveway":"Back-In","surface":"Paved","shade":"Full","pets":"Yes","url":"https://www.recreation.gov/camping/campsites/53097"}},{"type":"Feature","geometry":{"type":"Point","coordinates":[-95.058438,35.616067]},"properties":{"kind":"campsite","name":"10","loop":"SLAN","siteType":"STANDARD ELECTRIC","reservable":true,"campground":"STRAYHORN LANDING","facilityId":"233641","electric":"30","water":"Yes","sewer":null,"maxPeople":8,"maxVehicleFt":47,"driveway":"Back-In","surface":"Paved","shade":"Yes","pets":"Yes","url":"https://www.recreation.gov/camping/campsites/53600"}},{"type":"Feature","geometry":{"type":"Point","coordinates":[-95.058091,35.616286]},"properties":{"kind":"campsite","name":"26","loop":"SLAN","siteType":"STANDARD ELECTRIC","reservable":true,"campground":"STRAYHORN LANDING","facilityId":"233641","electric":"30","water":"Yes","sewer":null,"maxPeople":8,"maxVehicleFt":53,"driveway":"Back-In","surface":"Paved","shade":"Yes","pets":"Yes","url":"https://www.recreation.gov/camping/campsites/53523"}},{"type":"Feature","geometry":{"type":"Point","coordinates":[-95.059684,35.616178]},"properties":{"kind":"campsite","name":"33","loop":"SLAN","siteType":"STANDARD ELECTRIC","reservable":true,"campground":"STRAYHORN LANDING","facilityId":"233641","electric":"30","water":null,"sewer":null,"maxPeople":8,"maxVehicleFt":50,"driveway":"Back-In","surface":"Paved","shade":"Yes","pets":"Yes","url":"https://www.recreation.gov/camping/campsites/53015"}},{"type":"Feature","geometry":{"type":"Point","coordinates":[-95.059901,35.616077]},"properties":{"kind":"campsite","name":"S002","loop":"SLAN","siteType":"GROUP SHELTER ELECTRIC","reservable":true,"campground":"STRAYHORN LANDING","facilityId":"233641","electric":"30","water":"Y","sewer":null,"maxPeople":50,"maxVehicleFt":0,"driveway":"Back-In","surface":"Paved","shade":"Yes","pets":"Yes","url":"https://www.recreation.gov/camping/campsites/53605"}},{"type":"Feature","geometry":{"type":"Point","coordinates":[-95.05824,35.616076]},"properties":{"kind":"campsite","name":"11","loop":"SLAN","siteType":"STANDARD ELECTRIC","reservable":true,"campground":"STRAYHORN LANDING","facilityId":"233641","electric":"30","water":null,"sewer":null,"maxPeople":8,"maxVehicleFt":46,"driveway":"Back-In","surface":"Paved","shade":"Yes","pets":"Yes","url":"https://www.recreation.gov/camping/campsites/53081"}},{"type":"Feature","geometry":{"type":"Point","coordinates":[-95.058508,35.616362]},"properties":{"kind":"campsite","name":"24","loop":"SLAN","siteType":"STANDARD ELECTRIC","reservable":true,"campground":"STRAYHORN LANDING","facilityId":"233641","electric":"30","water":"Yes","sewer":null,"maxPeople":8,"maxVehicleFt":65,"driveway":null,"surface":"Paved","shade":"Full","pets":"Yes","url":"https://www.recreation.gov/camping/campsites/53138"}},{"type":"Feature","geometry":{"type":"Point","coordinates":[-95.057935,35.616605]},"properties":{"kind":"campsite","name":"30","loop":"SLAN","siteType":"STANDARD ELECTRIC","reservable":true,"campground":"STRAYHORN LANDING","facilityId":"233641","electric":"30","water":"Yes","sewer":null,"maxPeople":8,"maxVehicleFt":46,"driveway":"Back-In","surface":"Paved","shade":"Yes","pets":"Yes","url":"https://www.recreation.gov/camping/campsites/53773"}},{"type":"Feature","geometry":{"type":"Point","coordinates":[-95.058796,35.616125]},"properties":{"kind":"campsite","name":"08","loop":"SLAN","siteType":"STANDARD ELECTRIC","reservable":true,"campground":"STRAYHORN LANDING","facilityId":"233641","electric":"30","water":null,"sewer":null,"maxPeople":8,"maxVehicleFt":40,"driveway":"Back-In","surface":"Paved","shade":"Yes","pets":"Yes","url":"https://www.recreation.gov/camping/campsites/53194"}},{"type":"Feature","geometry":{"type":"Point","coordinates":[-95.05741,35.616721]},"properties":{"kind":"campsite","name":"15","loop":"SLAN","siteType":"STANDARD ELECTRIC","reservable":true,"campground":"STRAYHORN LANDING","facilityId":"233641","electric":"30","water":"Yes","sewer":null,"maxPeople":8,"maxVehicleFt":70,"driveway":"Back-In","surface":"Paved","shade":"Full","pets":"Yes","url":"https://www.recreation.gov/camping/campsites/53778"}},{"type":"Feature","geometry":{"type":"Point","coordinates":[-95.0596,35.6159]},"properties":{"kind":"campsite","name":"07","loop":"SLAN","siteType":"STANDARD ELECTRIC","reservable":true,"campground":"STRAYHORN LANDING","facilityId":"233641","electric":"30","water":null,"sewer":null,"maxPeople":8,"maxVehicleFt":60,"driveway":"Back-In","surface":"Paved","shade":"Full","pets":"Yes","url":"https://www.recreation.gov/camping/campsites/53601"}},{"type":"Feature","geometry":{"type":"Point","coordinates":[-95.058103,35.616531]},"properties":{"kind":"campsite","name":"31","loop":"SLAN","siteType":"STANDARD ELECTRIC","reservable":true,"campground":"STRAYHORN LANDING","facilityId":"233641","electric":"30","water":"Yes","sewer":null,"maxPeople":8,"maxVehicleFt":55,"driveway":"Back-In","surface":"Paved","shade":"Full","pets":"Yes","url":"https://www.recreation.gov/camping/campsites/53518"}},{"type":"Feature","geometry":{"type":"Point","coordinates":[-95.057313,35.616568]},"properties":{"kind":"campsite","name":"14","loop":"SLAN","siteType":"STANDARD ELECTRIC","reservable":true,"campground":"STRAYHORN LANDING","facilityId":"233641","electric":"30","water":"Yes","sewer":null,"maxPeople":8,"maxVehicleFt":83,"driveway":"Back-In","surface":"Paved","shade":"Full","pets":"Yes","url":"https://www.recreation.gov/camping/campsites/53815"}},{"type":"Feature","geometry":{"type":"Point","coordinates":[-95.060201,35.616022]},"properties":{"kind":"campsite","name":"39","loop":"SLAN","siteType":"STANDARD ELECTRIC","reservable":true,"campground":"STRAYHORN LANDING","facilityId":"233641","electric":"30","water":null,"sewer":null,"maxPeople":8,"maxVehicleFt":115,"driveway":null,"surface":"Paved","shade":"Yes","pets":"Yes","url":"https://www.recreation.gov/camping/campsites/53428"}},{"type":"Feature","geometry":{"type":"Point","coordinates":[-95.060808,35.615687]},"properties":{"kind":"campsite","name":"01","loop":"SLAN","siteType":"STANDARD ELECTRIC","reservable":true,"campground":"STRAYHORN LANDING","facilityId":"233641","electric":"30","water":"Yes","sewer":null,"maxPeople":8,"maxVehicleFt":66,"driveway":"Back-In","surface":"Paved","shade":"Yes","pets":"Yes","url":"https://www.recreation.gov/camping/campsites/53216"}},{"type":"Feature","geometry":{"type":"Point","coordinates":[-95.058712,35.616545]},"properties":{"kind":"campsite","name":"22","loop":"SLAN","siteType":"STANDARD ELECTRIC","reservable":true,"campground":"STRAYHORN LANDING","facilityId":"233641","electric":"30","water":"Yes","sewer":"Yes","maxPeople":8,"maxVehicleFt":68,"driveway":"Back-In","surface":"Paved","shade":"Full","pets":"Yes","url":"https://www.recreation.gov/camping/campsites/53949"}},{"type":"Feature","geometry":{"type":"Point","coordinates":[-95.064345,35.616927]},"properties":{"kind":"campsite","name":"S001","loop":"SLAN","siteType":"MANAGEMENT","reservable":false,"campground":"STRAYHORN LANDING","facilityId":"233641","electric":"30","water":"Y","sewer":null,"maxPeople":50,"maxVehicleFt":0,"driveway":"Back-In","surface":"Gravel","shade":"Full","pets":"Yes","url":"https://www.recreation.gov/camping/campsites/53240"}},{"type":"Feature","geometry":{"type":"Point","coordinates":[-95.058271,35.616762]},"properties":{"kind":"campsite","name":"20","loop":"SLAN","siteType":"STANDARD ELECTRIC","reservable":true,"campground":"STRAYHORN LANDING","facilityId":"233641","electric":"30","water":"Yes","sewer":null,"maxPeople":8,"maxVehicleFt":43,"driveway":"Back-In","surface":"Paved","shade":"Full","pets":"Yes","url":"https://www.recreation.gov/camping/campsites/53211"}},{"type":"Feature","geometry":{"type":"Point","coordinates":[-95.057355,35.616428]},"properties":{"kind":"campsite","name":"13","loop":"SLAN","siteType":"STANDARD ELECTRIC","reservable":true,"campground":"STRAYHORN LANDING","facilityId":"233641","electric":"30","water":"Yes","sewer":null,"maxPeople":8,"maxVehicleFt":54,"driveway":"Back-In","surface":"Paved","shade":"Full","pets":"Yes","url":"https://www.recreation.gov/camping/campsites/53409"}},{"type":"Feature","geometry":{"type":"Point","coordinates":[-95.057553,35.616821]},"properties":{"kind":"campsite","name":"16","loop":"SLAN","siteType":"STANDARD ELECTRIC","reservable":true,"campground":"STRAYHORN LANDING","facilityId":"233641","electric":"30","water":"Yes","sewer":null,"maxPeople":8,"maxVehicleFt":60,"driveway":"Back-In","surface":"Paved","shade":"Full","pets":"Yes","url":"https://www.recreation.gov/camping/campsites/53019"}},{"type":"Feature","geometry":{"type":"Point","coordinates":[-95.057948,35.616835]},"properties":{"kind":"campsite","name":"18","loop":"SLAN","siteType":"STANDARD ELECTRIC","reservable":true,"campground":"STRAYHORN LANDING","facilityId":"233641","electric":"30","water":"Yes","sewer":null,"maxPeople":8,"maxVehicleFt":50,"driveway":"Back-In","surface":"Paved","shade":"Yes","pets":"Yes","url":"https://www.recreation.gov/camping/campsites/53800"}},{"type":"Feature","geometry":{"type":"Point","coordinates":[-95.060356,35.615985]},"properties":{"kind":"campsite","name":"38","loop":"SLAN","siteType":"STANDARD ELECTRIC","reservable":true,"campground":"STRAYHORN LANDING","facilityId":"233641","electric":"30","water":null,"sewer":null,"maxPeople":8,"maxVehicleFt":125,"driveway":null,"surface":"Paved","shade":"Yes","pets":"Yes","url":"https://www.recreation.gov/camping/campsites/53802"}},{"type":"Feature","geometry":{"type":"Point","coordinates":[-95.057754,35.616632]},"properties":{"kind":"campsite","name":"29","loop":"SLAN","siteType":"STANDARD ELECTRIC","reservable":true,"campground":"STRAYHORN LANDING","facilityId":"233641","electric":"30","water":null,"sewer":null,"maxPeople":8,"maxVehicleFt":49,"driveway":"Back-In","surface":"Paved","shade":"Full","pets":"Yes","url":"https://www.recreation.gov/camping/campsites/53691"}},{"type":"Feature","geometry":{"type":"Point","coordinates":[-95.058242,35.616477]},"properties":{"kind":"campsite","name":"32","loop":"SLAN","siteType":"STANDARD ELECTRIC","reservable":true,"campground":"STRAYHORN LANDING","facilityId":"233641","electric":"30","water":null,"sewer":null,"maxPeople":8,"maxVehicleFt":51,"driveway":"Back-In","surface":"Paved","shade":"Full","pets":"Yes","url":"https://www.recreation.gov/camping/campsites/53932"}},{"type":"Feature","geometry":{"type":"Point","coordinates":[-95.05994,35.615768]},"properties":{"kind":"campsite","name":"05","loop":"SLAN","siteType":"STANDARD ELECTRIC","reservable":true,"campground":"STRAYHORN LANDING","facilityId":"233641","electric":"30","water":null,"sewer":null,"maxPeople":8,"maxVehicleFt":76,"driveway":"Back-In","surface":"Paved","shade":"Yes","pets":"Yes","url":"https://www.recreation.gov/camping/campsites/53008"}},{"type":"Feature","geometry":{"type":"Point","coordinates":[-95.057742,35.616859]},"properties":{"kind":"campsite","name":"17","loop":"SLAN","siteType":"STANDARD ELECTRIC","reservable":true,"campground":"STRAYHORN LANDING","facilityId":"233641","electric":"30","water":"Yes","sewer":null,"maxPeople":8,"maxVehicleFt":48,"driveway":"Back-In","surface":"Paved","shade":"Full","pets":"Yes","url":"https://www.recreation.gov/camping/campsites/53093"}},{"type":"Feature","geometry":{"type":"Point","coordinates":[-95.060461,35.615754]},"properties":{"kind":"campsite","name":"03","loop":"SLAN","siteType":"STANDARD ELECTRIC","reservable":true,"campground":"STRAYHORN LANDING","facilityId":"233641","electric":"30","water":null,"sewer":null,"maxPeople":8,"maxVehicleFt":45,"driveway":"Back-In","surface":"Paved","shade":"Yes","pets":"Yes","url":"https://www.recreation.gov/camping/campsites/53274"}},{"type":"Feature","geometry":{"type":"Point","coordinates":[-95.057891,35.616077]},"properties":{"kind":"campsite","name":"12","loop":"SLAN","siteType":"STANDARD ELECTRIC","reservable":true,"campground":"STRAYHORN LANDING","facilityId":"233641","electric":"30","water":"Yes","sewer":null,"maxPeople":8,"maxVehicleFt":27,"driveway":"Back-In","surface":"Paved","shade":"Full","pets":"Yes","url":"https://www.recreation.gov/camping/campsites/53286"}},{"type":"Feature","geometry":{"type":"Point","coordinates":[-95.06065,35.615707]},"properties":{"kind":"campsite","name":"02","loop":"SLAN","siteType":"STANDARD ELECTRIC","reservable":true,"campground":"STRAYHORN LANDING","facilityId":"233641","electric":"30","water":null,"sewer":null,"maxPeople":8,"maxVehicleFt":48,"driveway":"Back-In","surface":"Paved","shade":"Yes","pets":"Yes","url":"https://www.recreation.gov/camping/campsites/53592"}},{"type":"Feature","geometry":{"type":"Point","coordinates":[-95.060438,35.616307]},"properties":{"kind":"campsite","name":"37","loop":"SLAN","siteType":"STANDARD ELECTRIC","reservable":true,"campground":"STRAYHORN LANDING","facilityId":"233641","electric":"30","water":null,"sewer":null,"maxPeople":8,"maxVehicleFt":47,"driveway":"Back-In","surface":"Paved","shade":"Yes","pets":"Yes","url":"https://www.recreation.gov/camping/campsites/53349"}},{"type":"Feature","geometry":{"type":"Point","coordinates":[-95.058253,35.616282]},"properties":{"kind":"campsite","name":"25","loop":"SLAN","siteType":"STANDARD ELECTRIC","reservable":true,"campground":"STRAYHORN LANDING","facilityId":"233641","electric":"30","water":"Yes","sewer":null,"maxPeople":8,"maxVehicleFt":45,"driveway":"Back-In","surface":"Paved","shade":"Yes","pets":"Yes","url":"https://www.recreation.gov/camping/campsites/53551"}},{"type":"Feature","geometry":{"type":"Point","coordinates":[-94.9477778,35.7536111]},"properties":{"kind":"campground","name":"PETTIT BAY","facilityId":"233581","phone":"918-487-5252","reservable":true,"url":"https://www.recreation.gov/camping/campgrounds/233581"}},{"type":"Feature","geometry":{"type":"Point","coordinates":[-94.94985,35.755255]},"properties":{"kind":"campsite","name":"A14","loop":"PBAI","siteType":"STANDARD ELECTRIC","reservable":true,"campground":"PETTIT BAY","facilityId":"233581","electric":"30","water":null,"sewer":null,"maxPeople":8,"maxVehicleFt":50,"driveway":"Back-In","surface":"Paved","shade":"Yes","pets":"Yes","url":"https://www.recreation.gov/camping/campsites/9365"}},{"type":"Feature","geometry":{"type":"Point","coordinates":[-94.949012,35.755374]},"properties":{"kind":"campsite","name":"A08","loop":"PBAI","siteType":"STANDARD ELECTRIC","reservable":true,"campground":"PETTIT BAY","facilityId":"233581","electric":"30","water":"Yes","sewer":null,"maxPeople":8,"maxVehicleFt":88,"driveway":null,"surface":"Paved","shade":"Yes","pets":"Yes","url":"https://www.recreation.gov/camping/campsites/9360"}},{"type":"Feature","geometry":{"type":"Point","coordinates":[-94.949563,35.755007]},"properties":{"kind":"campsite","name":"A15","loop":"PBAI","siteType":"STANDARD ELECTRIC","reservable":true,"campground":"PETTIT BAY","facilityId":"233581","electric":"30","water":null,"sewer":null,"maxPeople":8,"maxVehicleFt":35,"driveway":"Back-In","surface":"Paved","shade":"Full","pets":"Yes","url":"https://www.recreation.gov/camping/campsites/9362"}},{"type":"Feature","geometry":{"type":"Point","coordinates":[-94.951976,35.756444]},"properties":{"kind":"campsite","name":"A34","loop":"PBAI","siteType":"STANDARD NONELECTRIC","reservable":true,"campground":"PETTIT BAY","facilityId":"233581","electric":null,"water":null,"sewer":null,"maxPeople":8,"maxVehicleFt":35,"driveway":"Back-In","surface":"Gravel","shade":"Yes","pets":"Yes","url":"https://www.recreation.gov/camping/campsites/9353"}},{"type":"Feature","geometry":{"type":"Point","coordinates":[-94.949695,35.755533]},"properties":{"kind":"campsite","name":"A12","loop":"PBAI","siteType":"STANDARD ELECTRIC","reservable":true,"campground":"PETTIT BAY","facilityId":"233581","electric":"30","water":"Yes","sewer":null,"maxPeople":8,"maxVehicleFt":40,"driveway":"Back-In","surface":"Paved","shade":"Full","pets":"Yes","url":"https://www.recreation.gov/camping/campsites/9386"}},{"type":"Feature","geometry":{"type":"Point","coordinates":[-94.948622,35.749285]},"properties":{"kind":"campsite","name":"26","loop":"PBA2","siteType":"STANDARD ELECTRIC","reservable":true,"campground":"PETTIT BAY","facilityId":"233581","electric":"30","water":null,"sewer":null,"maxPeople":8,"maxVehicleFt":47,"driveway":"Back-In","surface":"Gravel","shade":"Yes","pets":"Yes","url":"https://www.recreation.gov/camping/campsites/9381"}},{"type":"Feature","geometry":{"type":"Point","coordinates":[-94.948422,35.750242]},"properties":{"kind":"campsite","name":"51","loop":"PBA2","siteType":"STANDARD ELECTRIC","reservable":true,"campground":"PETTIT BAY","facilityId":"233581","electric":"50","water":"Yes","sewer":null,"maxPeople":8,"maxVehicleFt":67,"driveway":"Back-In","surface":"Gravel","shade":"Full","pets":"Yes","url":"https://www.recreation.gov/camping/campsites/9357"}},{"type":"Feature","geometry":{"type":"Point","coordinates":[-94.95014,35.754802]},"properties":{"kind":"campsite","name":"A25","loop":"PBAI","siteType":"STANDARD ELECTRIC","reservable":true,"campground":"PETTIT BAY","facilityId":"233581","electric":"30","water":"Yes","sewer":null,"maxPeople":8,"maxVehicleFt":53,"driveway":"Back-In","surface":"Paved","shade":"Yes","pets":"Yes","url":"https://www.recreation.gov/camping/campsites/9424"}},{"type":"Feature","geometry":{"type":"Point","coordinates":[-94.948931,35.749409]},"properties":{"kind":"campsite","name":"27","loop":"PBA2","siteType":"STANDARD ELECTRIC","reservable":true,"campground":"PETTIT BAY","facilityId":"233581","electric":"30","water":null,"sewer":null,"maxPeople":8,"maxVehicleFt":60,"driveway":"Back-In","surface":"Gravel","shade":"Yes","pets":"Yes","url":"https://www.recreation.gov/camping/campsites/9382"}},{"type":"Feature","geometry":{"type":"Point","coordinates":[-94.949147,35.755846]},"properties":{"kind":"campsite","name":"A04","loop":"PBAI","siteType":"STANDARD ELECTRIC","reservable":true,"campground":"PETTIT BAY","facilityId":"233581","electric":"30","water":"Yes","sewer":null,"maxPeople":8,"maxVehicleFt":33,"driveway":"Back-In","surface":"Paved","shade":"Full","pets":"Yes","url":"https://www.recreation.gov/camping/campsites/9385"}},{"type":"Feature","geometry":{"type":"Point","coordinates":[-94.94758,35.749909]},"properties":{"kind":"campsite","name":"43","loop":"PBA2","siteType":"STANDARD ELECTRIC","reservable":true,"campground":"PETTIT BAY","facilityId":"233581","electric":"30","water":null,"sewer":null,"maxPeople":8,"maxVehicleFt":54,"driveway":"Back-In","surface":"Gravel","shade":"Full","pets":"Yes","url":"https://www.recreation.gov/camping/campsites/9370"}},{"type":"Feature","geometry":{"type":"Point","coordinates":[-94.949621,35.754647]},"properties":{"kind":"campsite","name":"A22","loop":"PBAI","siteType":"STANDARD ELECTRIC","reservable":true,"campground":"PETTIT BAY","facilityId":"233581","electric":"30","water":null,"sewer":null,"maxPeople":8,"maxVehicleFt":10,"driveway":"Back-In","surface":"Gravel","shade":"Yes","pets":"Yes","url":"https://www.recreation.gov/camping/campsites/9367"}},{"type":"Feature","geometry":{"type":"Point","coordinates":[-94.947832,35.749894]},"properties":{"kind":"campsite","name":"39","loop":"PBA2","siteType":"STANDARD ELECTRIC","reservable":true,"campground":"PETTIT BAY","facilityId":"233581","electric":"30","water":null,"sewer":null,"maxPeople":8,"maxVehicleFt":50,"driveway":"Back-In","surface":"Gravel","shade":"Full","pets":"Yes","url":"https://www.recreation.gov/camping/campsites/9369"}},{"type":"Feature","geometry":{"type":"Point","coordinates":[-94.9495,35.75455]},"properties":{"kind":"campsite","name":"A21","loop":"PBAI","siteType":"STANDARD ELECTRIC","reservable":true,"campground":"PETTIT BAY","facilityId":"233581","electric":"30","water":"Yes","sewer":null,"maxPeople":8,"maxVehicleFt":45,"driveway":"Back-In","surface":"Gravel","shade":"Full","pets":"Yes","url":"https://www.recreation.gov/camping/campsites/9433"}},{"type":"Feature","geometry":{"type":"Point","coordinates":[-94.949422,35.755638]},"properties":{"kind":"campsite","name":"A05","loop":"PBAI","siteType":"STANDARD ELECTRIC","reservable":true,"campground":"PETTIT BAY","facilityId":"233581","electric":"30","water":null,"sewer":null,"maxPeople":8,"maxVehicleFt":63,"driveway":"Back-In","surface":"Paved","shade":"Full","pets":"Yes","url":"https://www.recreation.gov/camping/campsites/9375"}},{"type":"Feature","geometry":{"type":"Point","coordinates":[-94.95105,35.755702]},"properties":{"kind":"campsite","name":"A28","loop":"PBAI","siteType":"STANDARD NONELECTRIC","reservable":true,"campground":"PETTIT BAY","facilityId":"233581","electric":null,"water":"Yes","sewer":null,"maxPeople":8,"maxVehicleFt":62,"driveway":"Back-In","surface":"Gravel","shade":"Yes","pets":"Yes","url":"https://www.recreation.gov/camping/campsites/9363"}},{"type":"Feature","geometry":{"type":"Point","coordinates":[-94.947187,35.749003]},"properties":{"kind":"campsite","name":"11","loop":"PBA2","siteType":"STANDARD ELECTRIC","reservable":true,"campground":"PETTIT BAY","facilityId":"233581","electric":"50","water":"Yes","sewer":null,"maxPeople":8,"maxVehicleFt":52,"driveway":"Back-In","surface":"Gravel","shade":"Full","pets":"Yes","url":"https://www.recreation.gov/camping/campsites/9436"}},{"type":"Feature","geometry":{"type":"Point","coordinates":[-94.951264,35.755751]},"properties":{"kind":"campsite","name":"A29","loop":"PBAI","siteType":"STANDARD NONELECTRIC","reservable":true,"campground":"PETTIT BAY","facilityId":"233581","electric":null,"water":"Yes","sewer":null,"maxPeople":8,"maxVehicleFt":77,"driveway":"Back-In","surface":"Gravel","shade":"Full","pets":"Yes","url":"https://www.recreation.gov/camping/campsites/9426"}},{"type":"Feature","geometry":{"type":"Point","coordinates":[-94.952016,35.75621]},"properties":{"kind":"campsite","name":"A33","loop":"PBAI","siteType":"STANDARD NONELECTRIC","reservable":true,"campground":"PETTIT BAY","facilityId":"233581","electric":null,"water":null,"sewer":null,"maxPeople":8,"maxVehicleFt":33,"driveway":"Back-In","surface":"Gravel","shade":null,"pets":"Yes","url":"https://www.recreation.gov/camping/campsites/9427"}},{"type":"Feature","geometry":{"type":"Point","coordinates":[-94.946909,35.749249]},"properties":{"kind":"campsite","name":"09","loop":"PBA2","siteType":"STANDARD ELECTRIC","reservable":true,"campground":"PETTIT BAY","facilityId":"233581","electric":"50","water":"Yes","sewer":null,"maxPeople":8,"maxVehicleFt":47,"driveway":"Pull-Through","surface":"Gravel","shade":"Yes","pets":"Yes","url":"https://www.recreation.gov/camping/campsites/9404"}},{"type":"Feature","geometry":{"type":"Point","coordinates":[-94.947661,35.749771]},"properties":{"kind":"campsite","name":"42","loop":"PBA2","siteType":"STANDARD ELECTRIC","reservable":true,"campground":"PETTIT BAY","facilityId":"233581","electric":"30","water":null,"sewer":null,"maxPeople":8,"maxVehicleFt":48,"driveway":"Back-In","surface":"Gravel","shade":"Full","pets":"Yes","url":"https://www.recreation.gov/camping/campsites/9437"}},{"type":"Feature","geometry":{"type":"Point","coordinates":[-94.949214,35.754948]},"properties":{"kind":"campsite","name":"A16","loop":"PBAI","siteType":"STANDARD ELECTRIC","reservable":true,"campground":"PETTIT BAY","facilityId":"233581","electric":"30","water":null,"sewer":null,"maxPeople":8,"maxVehicleFt":50,"driveway":"Back-In","surface":"Paved","shade":"Full","pets":"Yes","url":"https://www.recreation.gov/camping/campsites/9432"}},{"type":"Feature","geometry":{"type":"Point","coordinates":[-94.946575,35.750311]},"properties":{"kind":"campsite","name":"02","loop":"PBA2","siteType":"STANDARD ELECTRIC","reservable":true,"campground":"PETTIT BAY","facilityId":"233581","electric":"30","water":"Yes","sewer":"Y","maxPeople":8,"maxVehicleFt":50,"driveway":"Back-In","surface":"Paved","shade":"Full","pets":"Yes","url":"https://www.recreation.gov/camping/campsites/9428"}},{"type":"Feature","geometry":{"type":"Point","coordinates":[-94.948824,35.755927]},"properties":{"kind":"campsite","name":"A03","loop":"PBAI","siteType":"STANDARD ELECTRIC","reservable":true,"campground":"PETTIT BAY","facilityId":"233581","electric":"30","water":null,"sewer":null,"maxPeople":8,"maxVehicleFt":46,"driveway":"Back-In","surface":"Paved","shade":"Full","pets":"Yes","url":"https://www.recreation.gov/camping/campsites/9414"}},{"type":"Feature","geometry":{"type":"Point","coordinates":[-94.947982,35.749507]},"properties":{"kind":"campsite","name":"40","loop":"PBA2","siteType":"STANDARD ELECTRIC","reservable":true,"campground":"PETTIT BAY","facilityId":"233581","electric":"30","water":null,"sewer":null,"maxPeople":8,"maxVehicleFt":48,"driveway":"Back-In","surface":"Gravel","shade":"Full","pets":"Yes","url":"https://www.recreation.gov/camping/campsites/9393"}},{"type":"Feature","geometry":{"type":"Point","coordinates":[-94.94834,35.749167]},"properties":{"kind":"campsite","name":"19","loop":"PBA2","siteType":"STANDARD ELECTRIC","reservable":true,"campground":"PETTIT BAY","facilityId":"233581","electric":"30","water":null,"sewer":null,"maxPeople":8,"maxVehicleFt":25,"driveway":"Back-In","surface":"Gravel","shade":"Full","pets":"Yes","url":"https://www.recreation.gov/camping/campsites/9380"}},{"type":"Feature","geometry":{"type":"Point","coordinates":[-94.946894,35.749861]},"properties":{"kind":"campsite","name":"07","loop":"PBA2","siteType":"STANDARD ELECTRIC","reservable":true,"campground":"PETTIT BAY","facilityId":"233581","electric":"30","water":null,"sewer":null,"maxPeople":8,"maxVehicleFt":51,"driveway":"Back-In","surface":"Gravel","shade":"Yes","pets":"Yes","url":"https://www.recreation.gov/camping/campsites/9429"}},{"type":"Feature","geometry":{"type":"Point","coordinates":[-94.948023,35.749695]},"properties":{"kind":"campsite","name":"36","loop":"PBA2","siteType":"STANDARD ELECTRIC","reservable":true,"campground":"PETTIT BAY","facilityId":"233581","electric":"30","water":null,"sewer":null,"maxPeople":8,"maxVehicleFt":38,"driveway":"Back-In","surface":"Gravel","shade":"Full","pets":"Yes","url":"https://www.recreation.gov/camping/campsites/9420"}},{"type":"Feature","geometry":{"type":"Point","coordinates":[-94.948377,35.749808]},"properties":{"kind":"campsite","name":"33","loop":"PBA2","siteType":"STANDARD ELECTRIC","reservable":true,"campground":"PETTIT BAY","facilityId":"233581","electric":"30","water":null,"sewer":null,"maxPeople":8,"maxVehicleFt":39,"driveway":"Back-In","surface":"Gravel","shade":"Full","pets":"Yes","url":"https://www.recreation.gov/camping/campsites/9373"}},{"type":"Feature","geometry":{"type":"Point","coordinates":[-94.94908,35.755673]},"properties":{"kind":"campsite","name":"S001","loop":"PBAI","siteType":"GROUP SHELTER ELECTRIC","reservable":true,"campground":"PETTIT BAY","facilityId":"233581","electric":"30","water":"Yes","sewer":null,"maxPeople":50,"maxVehicleFt":0,"driveway":"Back-In","surface":"Gravel","shade":"Yes","pets":"Yes","url":"https://www.recreation.gov/camping/campsites/9358"}},{"type":"Feature","geometry":{"type":"Point","coordinates":[-94.949824,35.755391]},"properties":{"kind":"campsite","name":"A13","loop":"PBAI","siteType":"STANDARD ELECTRIC","reservable":true,"campground":"PETTIT BAY","facilityId":"233581","electric":"30","water":"Yes","sewer":null,"maxPeople":8,"maxVehicleFt":56,"driveway":"Back-In","surface":"Paved","shade":"Yes","pets":"Yes","url":"https://www.recreation.gov/camping/campsites/9361"}},{"type":"Feature","geometry":{"type":"Point","coordinates":[-94.947593,35.748757]},"properties":{"kind":"campsite","name":"13","loop":"PBA2","siteType":"STANDARD ELECTRIC","reservable":true,"campground":"PETTIT BAY","facilityId":"233581","electric":"30","water":null,"sewer":null,"maxPeople":8,"maxVehicleFt":45,"driveway":"Back-In","surface":"Gravel","shade":"Yes","pets":"Yes","url":"https://www.recreation.gov/camping/campsites/9354"}},{"type":"Feature","geometry":{"type":"Point","coordinates":[-94.94885,35.748512]},"properties":{"kind":"campsite","name":"22","loop":"PBA2","siteType":"STANDARD ELECTRIC","reservable":true,"campground":"PETTIT BAY","facilityId":"233581","electric":"30","water":null,"sewer":null,"maxPeople":8,"maxVehicleFt":60,"driveway":"Back-In","surface":"Gravel","shade":"Yes","pets":"Yes","url":"https://www.recreation.gov/camping/campsites/9407"}},{"type":"Feature","geometry":{"type":"Point","coordinates":[-94.948552,35.74972]},"properties":{"kind":"campsite","name":"32","loop":"PBA2","siteType":"STANDARD NONELECTRIC","reservable":true,"campground":"PETTIT BAY","facilityId":"233581","electric":null,"water":null,"sewer":null,"maxPeople":8,"maxVehicleFt":10,"driveway":"Back-In","surface":"Gravel","shade":"Full","pets":"Yes","url":"https://www.recreation.gov/camping/campsites/9408"}},{"type":"Feature","geometry":{"type":"Point","coordinates":[-94.947553,35.749516]},"properties":{"kind":"campsite","name":"15","loop":"PBA2","siteType":"STANDARD ELECTRIC","reservable":true,"campground":"PETTIT BAY","facilityId":"233581","electric":"30","water":null,"sewer":null,"maxPeople":8,"maxVehicleFt":60,"driveway":"Back-In","surface":"Gravel","shade":"Full","pets":"Yes","url":"https://www.recreation.gov/camping/campsites/9394"}},{"type":"Feature","geometry":{"type":"Point","coordinates":[-94.94856,35.756018]},"properties":{"kind":"campsite","name":"A02","loop":"PBAI","siteType":"STANDARD ELECTRIC","reservable":true,"campground":"PETTIT BAY","facilityId":"233581","electric":"30","water":"Yes","sewer":null,"maxPeople":8,"maxVehicleFt":33,"driveway":"Back-In","surface":"Paved","shade":"Full","pets":"Yes","url":"https://www.recreation.gov/camping/campsites/9384"}},{"type":"Feature","geometry":{"type":"Point","coordinates":[-94.9517,35.756088]},"properties":{"kind":"campsite","name":"A31","loop":"PBAI","siteType":"STANDARD NONELECTRIC","reservable":true,"campground":"PETTIT BAY","facilityId":"233581","electric":null,"water":null,"sewer":null,"maxPeople":8,"maxVehicleFt":30,"driveway":"Back-In","surface":"Gravel","shade":"Yes","pets":"Yes","url":"https://www.recreation.gov/camping/campsites/9366"}},{"type":"Feature","geometry":{"type":"Point","coordinates":[-94.949513,35.755359]},"properties":{"kind":"campsite","name":"A06","loop":"PBAI","siteType":"STANDARD ELECTRIC","reservable":true,"campground":"PETTIT BAY","facilityId":"233581","electric":"30","water":"Yes","sewer":null,"maxPeople":8,"maxVehicleFt":44,"driveway":"Back-In","surface":"Paved","shade":"Yes","pets":"Yes","url":"https://www.recreation.gov/camping/campsites/9359"}},{"type":"Feature","geometry":{"type":"Point","coordinates":[-94.949338,35.750669]},"properties":{"kind":"campsite","name":"30","loop":"PBA2","siteType":"STANDARD ELECTRIC","reservable":true,"campground":"PETTIT BAY","facilityId":"233581","electric":"30","water":"No","sewer":null,"maxPeople":8,"maxVehicleFt":49,"driveway":"Back-In","surface":"Gravel","shade":"Full","pets":"Yes","url":"https://www.recreation.gov/camping/campsites/9356"}},{"type":"Feature","geometry":{"type":"Point","coordinates":[-94.947323,35.749828]},"properties":{"kind":"campsite","name":"45","loop":"PBA2","siteType":"STANDARD ELECTRIC","reservable":true,"campground":"PETTIT BAY","facilityId":"233581","electric":"30","water":null,"sewer":null,"maxPeople":8,"maxVehicleFt":67,"driveway":"Back-In","surface":"Gravel","shade":"Yes","pets":"Yes","url":"https://www.recreation.gov/camping/campsites/9403"}},{"type":"Feature","geometry":{"type":"Point","coordinates":[-94.947593,35.749328]},"properties":{"kind":"campsite","name":"16","loop":"PBA2","siteType":"STANDARD ELECTRIC","reservable":true,"campground":"PETTIT BAY","facilityId":"233581","electric":"30","water":null,"sewer":null,"maxPeople":8,"maxVehicleFt":98,"driveway":"Back-In","surface":"Gravel","shade":"Full","pets":"Yes","url":"https://www.recreation.gov/camping/campsites/9405"}},{"type":"Feature","geometry":{"type":"Point","coordinates":[-94.94976,35.754492]},"properties":{"kind":"campsite","name":"A23","loop":"PBAI","siteType":"STANDARD ELECTRIC","reservable":true,"campground":"PETTIT BAY","facilityId":"233581","electric":"30","water":"Yes","sewer":null,"maxPeople":8,"maxVehicleFt":51,"driveway":"Back-In","surface":"Gravel","shade":"Yes","pets":"Yes","url":"https://www.recreation.gov/camping/campsites/9399"}},{"type":"Feature","geometry":{"type":"Point","coordinates":[-94.94721,35.749236]},"properties":{"kind":"campsite","name":"12","loop":"PBA2","siteType":"STANDARD ELECTRIC","reservable":true,"campground":"PETTIT BAY","facilityId":"233581","electric":"50","water":"Yes","sewer":null,"maxPeople":8,"maxVehicleFt":51,"driveway":"Back-In","surface":"Gravel","shade":"Yes","pets":"Yes","url":"https://www.recreation.gov/camping/campsites/9379"}},{"type":"Feature","geometry":{"type":"Point","coordinates":[-94.948443,35.749071]},"properties":{"kind":"campsite","name":"20","loop":"PBA2","siteType":"STANDARD ELECTRIC","reservable":true,"campground":"PETTIT BAY","facilityId":"233581","electric":"30","water":null,"sewer":null,"maxPeople":8,"maxVehicleFt":47,"driveway":"Back-In","surface":"Gravel","shade":"Yes","pets":"Yes","url":"https://www.recreation.gov/camping/campsites/9371"}},{"type":"Feature","geometry":{"type":"Point","coordinates":[-94.948804,35.749144]},"properties":{"kind":"campsite","name":"25","loop":"PBA2","siteType":"STANDARD ELECTRIC","reservable":true,"campground":"PETTIT BAY","facilityId":"233581","electric":"30","water":null,"sewer":null,"maxPeople":8,"maxVehicleFt":70,"driveway":"Back-In","surface":"Gravel","shade":"Yes","pets":"Yes","url":"https://www.recreation.gov/camping/campsites/9355"}},{"type":"Feature","geometry":{"type":"Point","coordinates":[-94.946854,35.749099]},"properties":{"kind":"campsite","name":"10","loop":"PBA2","siteType":"STANDARD ELECTRIC","reservable":true,"campground":"PETTIT BAY","facilityId":"233581","electric":"50","water":"Yes","sewer":null,"maxPeople":8,"maxVehicleFt":60,"driveway":"Pull-Through","surface":"Gravel","shade":"Yes","pets":"Yes","url":"https://www.recreation.gov/camping/campsites/9435"}},{"type":"Feature","geometry":{"type":"Point","coordinates":[-94.949487,35.750088]},"properties":{"kind":"campsite","name":"28","loop":"PBA2","siteType":"STANDARD ELECTRIC","reservable":true,"campground":"PETTIT BAY","facilityId":"233581","electric":"30","water":"No","sewer":null,"maxPeople":8,"maxVehicleFt":51,"driveway":"Back-In","surface":"Gravel","shade":null,"pets":"Yes","url":"https://www.recreation.gov/camping/campsites/9419"}},{"type":"Feature","geometry":{"type":"Point","coordinates":[-94.948346,35.749973]},"properties":{"kind":"campsite","name":"34","loop":"PBA2","siteType":"STANDARD ELECTRIC","reservable":true,"campground":"PETTIT BAY","facilityId":"233581","electric":"30","water":null,"sewer":null,"maxPeople":8,"maxVehicleFt":57,"driveway":"Back-In","surface":"Gravel","shade":"Yes","pets":"Yes","url":"https://www.recreation.gov/camping/campsites/9409"}},{"type":"Feature","geometry":{"type":"Point","coordinates":[-94.948348,35.749356]},"properties":{"kind":"campsite","name":"35","loop":"PBA2","siteType":"STANDARD NONELECTRIC","reservable":true,"campground":"PETTIT BAY","facilityId":"233581","electric":null,"water":null,"sewer":null,"maxPeople":8,"maxVehicleFt":10,"driveway":"Back-In","surface":"Gravel","shade":"Yes","pets":"Yes","url":"https://www.recreation.gov/camping/campsites/9395"}},{"type":"Feature","geometry":{"type":"Point","coordinates":[-94.9488,35.755383]},"properties":{"kind":"campsite","name":"A09","loop":"PBAI","siteType":"STANDARD ELECTRIC","reservable":true,"campground":"PETTIT BAY","facilityId":"233581","electric":"30","water":null,"sewer":null,"maxPeople":8,"maxVehicleFt":50,"driveway":"Back-In","surface":"Paved","shade":"Full","pets":"Yes","url":"https://www.recreation.gov/camping/campsites/9398"}},{"type":"Feature","geometry":{"type":"Point","coordinates":[-94.950269,35.754986]},"properties":{"kind":"campsite","name":"A26","loop":"PBAI","siteType":"STANDARD ELECTRIC","reservable":true,"campground":"PETTIT BAY","facilityId":"233581","electric":"30","water":"Yes","sewer":null,"maxPeople":8,"maxVehicleFt":48,"driveway":"Back-In","surface":"Paved","shade":"Full","pets":"Yes","url":"https://www.recreation.gov/camping/campsites/9377"}},{"type":"Feature","geometry":{"type":"Point","coordinates":[-94.948302,35.755085]},"properties":{"kind":"campsite","name":"A19","loop":"PBAI","siteType":"STANDARD NONELECTRIC","reservable":true,"campground":"PETTIT BAY","facilityId":"233581","electric":null,"water":"Yes","sewer":null,"maxPeople":8,"maxVehicleFt":12,"driveway":"Back-In","surface":"Gravel","shade":"Yes","pets":"Yes","url":"https://www.recreation.gov/camping/campsites/9387"}},{"type":"Feature","geometry":{"type":"Point","coordinates":[-94.946761,35.750131]},"properties":{"kind":"campsite","name":"04","loop":"PBA2","siteType":"STANDARD ELECTRIC","reservable":true,"campground":"PETTIT BAY","facilityId":"233581","electric":"30","water":null,"sewer":null,"maxPeople":8,"maxVehicleFt":58,"driveway":null,"surface":"Gravel","shade":"Yes","pets":"Yes","url":"https://www.recreation.gov/camping/campsites/9368"}},{"type":"Feature","geometry":{"type":"Point","coordinates":[-94.951903,35.755995]},"properties":{"kind":"campsite","name":"A32","loop":"PBAI","siteType":"STANDARD NONELECTRIC","reservable":true,"campground":"PETTIT BAY","facilityId":"233581","electric":null,"water":null,"sewer":null,"maxPeople":8,"maxVehicleFt":70,"driveway":"Back-In","surface":"Gravel","shade":"Full","pets":"Yes","url":"https://www.recreation.gov/camping/campsites/9401"}},{"type":"Feature","geometry":{"type":"Point","coordinates":[-94.951728,35.756523]},"properties":{"kind":"campsite","name":"A35","loop":"PBAI","siteType":"STANDARD NONELECTRIC","reservable":true,"campground":"PETTIT BAY","facilityId":"233581","electric":null,"water":null,"sewer":null,"maxPeople":8,"maxVehicleFt":65,"driveway":"Back-In","surface":"Gravel","shade":"Full","pets":"Yes","url":"https://www.recreation.gov/camping/campsites/9402"}},{"type":"Feature","geometry":{"type":"Point","coordinates":[-94.948886,35.748687]},"properties":{"kind":"campsite","name":"21","loop":"PBA2","siteType":"STANDARD ELECTRIC","reservable":true,"campground":"PETTIT BAY","facilityId":"233581","electric":"30","water":null,"sewer":null,"maxPeople":8,"maxVehicleFt":63,"driveway":"Back-In","surface":"Gravel","shade":"Full","pets":"Yes","url":"https://www.recreation.gov/camping/campsites/9396"}},{"type":"Feature","geometry":{"type":"Point","coordinates":[-94.946971,35.749458]},"properties":{"kind":"campsite","name":"08","loop":"PBA2","siteType":"STANDARD ELECTRIC","reservable":true,"campground":"PETTIT BAY","facilityId":"233581","electric":"50","water":"Yes","sewer":null,"maxPeople":8,"maxVehicleFt":66,"driveway":"Pull-Through","surface":"Gravel","shade":"Yes","pets":"Yes","url":"https://www.recreation.gov/camping/campsites/9390"}},{"type":"Feature","geometry":{"type":"Point","coordinates":[-94.949357,35.750358]},"properties":{"kind":"campsite","name":"31","loop":"PBA2","siteType":"STANDARD ELECTRIC","reservable":true,"campground":"PETTIT BAY","facilityId":"233581","electric":"30","water":"No","sewer":null,"maxPeople":8,"maxVehicleFt":75,"driveway":"Back-In","surface":"Gravel","shade":"Yes","pets":"Yes","url":"https://www.recreation.gov/camping/campsites/9372"}},{"type":"Feature","geometry":{"type":"Point","coordinates":[-94.949217,35.749053]},"properties":{"kind":"campsite","name":"23","loop":"PBA2","siteType":"STANDARD ELECTRIC","reservable":true,"campground":"PETTIT BAY","facilityId":"233581","electric":"30","water":null,"sewer":null,"maxPeople":8,"maxVehicleFt":50,"driveway":"Back-In","surface":"Gravel","shade":"Yes","pets":"Yes","url":"https://www.recreation.gov/camping/campsites/9439"}},{"type":"Feature","geometry":{"type":"Point","coordinates":[-94.951104,35.755216]},"properties":{"kind":"campsite","name":"A27","loop":"PBAI","siteType":"STANDARD NONELECTRIC","reservable":true,"campground":"PETTIT BAY","facilityId":"233581","electric":null,"water":"Yes","sewer":null,"maxPeople":8,"maxVehicleFt":50,"driveway":"Back-In","surface":"Gravel","shade":"Full","pets":"Yes","url":"https://www.recreation.gov/camping/campsites/9425"}},{"type":"Feature","geometry":{"type":"Point","coordinates":[-94.948137,35.755288]},"properties":{"kind":"campsite","name":"A18","loop":"PBAI","siteType":"STANDARD NONELECTRIC","reservable":true,"campground":"PETTIT BAY","facilityId":"233581","electric":null,"water":null,"sewer":null,"maxPeople":8,"maxVehicleFt":34,"driveway":"Back-In","surface":"Gravel","shade":"Full","pets":"Yes","url":"https://www.recreation.gov/camping/campsites/9415"}},{"type":"Feature","geometry":{"type":"Point","coordinates":[-94.949354,35.755228]},"properties":{"kind":"campsite","name":"A07","loop":"PBAI","siteType":"STANDARD ELECTRIC","reservable":true,"campground":"PETTIT BAY","facilityId":"233581","electric":"30","water":"Yes","sewer":null,"maxPeople":8,"maxVehicleFt":40,"driveway":"Back-In","surface":"Paved","shade":"Full","pets":"Yes","url":"https://www.recreation.gov/camping/campsites/9416"}},{"type":"Feature","geometry":{"type":"Point","coordinates":[-94.947996,35.749884]},"properties":{"kind":"campsite","name":"37","loop":"PBA2","siteType":"STANDARD ELECTRIC","reservable":true,"campground":"PETTIT BAY","facilityId":"233581","electric":"30","water":null,"sewer":null,"maxPeople":8,"maxVehicleFt":31,"driveway":"Back-In","surface":"Gravel","shade":"Yes","pets":"Yes","url":"https://www.recreation.gov/camping/campsites/9410"}},{"type":"Feature","geometry":{"type":"Point","coordinates":[-94.947506,35.749054]},"properties":{"kind":"campsite","name":"14","loop":"PBA2","siteType":"STANDARD ELECTRIC","reservable":true,"campground":"PETTIT BAY","facilityId":"233581","electric":"30","water":null,"sewer":null,"maxPeople":8,"maxVehicleFt":68,"driveway":"Back-In","surface":"Gravel","shade":"Yes","pets":"Yes","url":"https://www.recreation.gov/camping/campsites/9391"}},{"type":"Feature","geometry":{"type":"Point","coordinates":[-94.946891,35.749967]},"properties":{"kind":"campsite","name":"05","loop":"PBA2","siteType":"STANDARD ELECTRIC","reservable":true,"campground":"PETTIT BAY","facilityId":"233581","electric":"30","water":null,"sewer":null,"maxPeople":8,"maxVehicleFt":60,"driveway":"Back-In","surface":"Gravel","shade":"Yes","pets":"Yes","url":"https://www.recreation.gov/camping/campsites/9378"}},{"type":"Feature","geometry":{"type":"Point","coordinates":[-94.947864,35.749084]},"properties":{"kind":"campsite","name":"17","loop":"PBA2","siteType":"STANDARD ELECTRIC","reservable":true,"campground":"PETTIT BAY","facilityId":"233581","electric":"30","water":null,"sewer":null,"maxPeople":8,"maxVehicleFt":80,"driveway":"Back-In","surface":"Gravel","shade":"Yes","pets":"Yes","url":"https://www.recreation.gov/camping/campsites/9430"}},{"type":"Feature","geometry":{"type":"Point","coordinates":[-94.948207,35.749076]},"properties":{"kind":"campsite","name":"18","loop":"PBA2","siteType":"STANDARD ELECTRIC","reservable":true,"campground":"PETTIT BAY","facilityId":"233581","electric":"30","water":null,"sewer":null,"maxPeople":8,"maxVehicleFt":55,"driveway":"Back-In","surface":"Gravel","shade":"Yes","pets":"Yes","url":"https://www.recreation.gov/camping/campsites/9418"}},{"type":"Feature","geometry":{"type":"Point","coordinates":[-94.948934,35.755013]},"properties":{"kind":"campsite","name":"A17","loop":"PBAI","siteType":"STANDARD ELECTRIC","reservable":true,"campground":"PETTIT BAY","facilityId":"233581","electric":"30","water":null,"sewer":null,"maxPeople":8,"maxVehicleFt":48,"driveway":"Back-In","surface":"Paved","shade":"Yes","pets":"Yes","url":"https://www.recreation.gov/camping/campsites/9422"}},{"type":"Feature","geometry":{"type":"Point","coordinates":[-94.948255,35.750226]},"properties":{"kind":"campsite","name":"50","loop":"PBA2","siteType":"STANDARD ELECTRIC","reservable":true,"campground":"PETTIT BAY","facilityId":"233581","electric":"50","water":"Yes","sewer":null,"maxPeople":8,"maxVehicleFt":67,"driveway":"Back-In","surface":"Gravel","shade":"Full","pets":"Yes","url":"https://www.recreation.gov/camping/campsites/9411"}},{"type":"Feature","geometry":{"type":"Point","coordinates":[-94.947629,35.750419]},"properties":{"kind":"campsite","name":"47","loop":"PBA2","siteType":"STANDARD ELECTRIC","reservable":true,"campground":"PETTIT BAY","facilityId":"233581","electric":"50","water":"Yes","sewer":null,"maxPeople":8,"maxVehicleFt":70,"driveway":"Back-In","surface":"Paved","shade":"Full","pets":"Yes","url":"https://www.recreation.gov/camping/campsites/9440"}},{"type":"Feature","geometry":{"type":"Point","coordinates":[-94.948335,35.749479]},"properties":{"kind":"campsite","name":"S003","loop":"PBA2","siteType":"GROUP SHELTER NONELECTRIC","reservable":true,"campground":"PETTIT BAY","facilityId":"233581","electric":null,"water":null,"sewer":null,"maxPeople":50,"maxVehicleFt":0,"driveway":"Back-In","surface":"Gravel","shade":"Yes","pets":"Yes","url":"https://www.recreation.gov/camping/campsites/9421"}},{"type":"Feature","geometry":{"type":"Point","coordinates":[-94.948397,35.756157]},"properties":{"kind":"campsite","name":"A01","loop":"PBAI","siteType":"STANDARD ELECTRIC","reservable":true,"campground":"PETTIT BAY","facilityId":"233581","electric":"30","water":null,"sewer":null,"maxPeople":8,"maxVehicleFt":79,"driveway":"Back-In","surface":"Paved","shade":"Full","pets":"Yes","url":"https://www.recreation.gov/camping/campsites/9413"}},{"type":"Feature","geometry":{"type":"Point","coordinates":[-94.949956,35.754467]},"properties":{"kind":"campsite","name":"A24","loop":"PBAI","siteType":"STANDARD ELECTRIC","reservable":true,"campground":"PETTIT BAY","facilityId":"233581","electric":"30","water":"Yes","sewer":null,"maxPeople":8,"maxVehicleFt":46,"driveway":"Back-In","surface":"Gravel","shade":"Yes","pets":"Yes","url":"https://www.recreation.gov/camping/campsites/9400"}},{"type":"Feature","geometry":{"type":"Point","coordinates":[-94.949601,35.750195]},"properties":{"kind":"campsite","name":"29","loop":"PBA2","siteType":"STANDARD ELECTRIC","reservable":true,"campground":"PETTIT BAY","facilityId":"233581","electric":"30","water":"No","sewer":null,"maxPeople":8,"maxVehicleFt":40,"driveway":"Back-In","surface":"Gravel","shade":"Yes","pets":"Yes","url":"https://www.recreation.gov/camping/campsites/9397"}},{"type":"Feature","geometry":{"type":"Point","coordinates":[-94.947594,35.749996]},"properties":{"kind":"campsite","name":"44","loop":"PBA2","siteType":"STANDARD ELECTRIC","reservable":true,"campground":"PETTIT BAY","facilityId":"233581","electric":"30","water":null,"sewer":null,"maxPeople":8,"maxVehicleFt":39,"driveway":"Back-In","surface":"Gravel","shade":"Full","pets":"Yes","url":"https://www.recreation.gov/camping/campsites/9392"}},{"type":"Feature","geometry":{"type":"Point","coordinates":[-94.948407,35.755546]},"properties":{"kind":"campsite","name":"A11","loop":"PBAI","siteType":"STANDARD ELECTRIC","reservable":true,"campground":"PETTIT BAY","facilityId":"233581","electric":"30","water":null,"sewer":null,"maxPeople":8,"maxVehicleFt":92,"driveway":"Back-In","surface":"Paved","shade":"Full","pets":"Yes","url":"https://www.recreation.gov/camping/campsites/9376"}},{"type":"Feature","geometry":{"type":"Point","coordinates":[-94.948024,35.750248]},"properties":{"kind":"campsite","name":"49","loop":"PBA2","siteType":"STANDARD ELECTRIC","reservable":true,"campground":"PETTIT BAY","facilityId":"233581","electric":"50","water":"Yes","sewer":null,"maxPeople":8,"maxVehicleFt":67,"driveway":"Back-In","surface":"Gravel","shade":"Full","pets":"Yes","url":"https://www.recreation.gov/camping/campsites/9374"}},{"type":"Feature","geometry":{"type":"Point","coordinates":[-94.949039,35.749159]},"properties":{"kind":"campsite","name":"24","loop":"PBA2","siteType":"STANDARD ELECTRIC","reservable":true,"campground":"PETTIT BAY","facilityId":"233581","electric":"30","water":null,"sewer":null,"maxPeople":8,"maxVehicleFt":54,"driveway":"Back-In","surface":"Gravel","shade":"Full","pets":"Yes","url":"https://www.recreation.gov/camping/campsites/9438"}},{"type":"Feature","geometry":{"type":"Point","coordinates":[-94.9479,35.75036]},"properties":{"kind":"campsite","name":"48","loop":"PBA2","siteType":"STANDARD ELECTRIC","reservable":true,"campground":"PETTIT BAY","facilityId":"233581","electric":"50","water":"Yes","sewer":null,"maxPeople":8,"maxVehicleFt":67,"driveway":"Back-In","surface":"Gravel","shade":"Yes","pets":"Yes","url":"https://www.recreation.gov/camping/campsites/9431"}},{"type":"Feature","geometry":{"type":"Point","coordinates":[-94.946728,35.749983]},"properties":{"kind":"campsite","name":"06","loop":"PBA2","siteType":"STANDARD ELECTRIC","reservable":true,"campground":"PETTIT BAY","facilityId":"233581","electric":"30","water":null,"sewer":null,"maxPeople":8,"maxVehicleFt":30,"driveway":"Back-In","surface":"Gravel","shade":"Full","pets":"Yes","url":"https://www.recreation.gov/camping/campsites/9417"}},{"type":"Feature","geometry":{"type":"Point","coordinates":[-94.951302,35.755912]},"properties":{"kind":"campsite","name":"A30","loop":"PBAI","siteType":"STANDARD NONELECTRIC","reservable":true,"campground":"PETTIT BAY","facilityId":"233581","electric":null,"water":null,"sewer":null,"maxPeople":8,"maxVehicleFt":51,"driveway":"Back-In","surface":"Gravel","shade":"Full","pets":"Yes","url":"https://www.recreation.gov/camping/campsites/9352"}},{"type":"Feature","geometry":{"type":"Point","coordinates":[-94.947304,35.749987]},"properties":{"kind":"campsite","name":"46","loop":"PBA2","siteType":"STANDARD ELECTRIC","reservable":true,"campground":"PETTIT BAY","facilityId":"233581","electric":"30","water":null,"sewer":null,"maxPeople":8,"maxVehicleFt":58,"driveway":"Back-In","surface":"Gravel","shade":"Full","pets":"Yes","url":"https://www.recreation.gov/camping/campsites/9434"}},{"type":"Feature","geometry":{"type":"Point","coordinates":[-94.946701,35.749676]},"properties":{"kind":"campsite","name":"S002","loop":"PBA2","siteType":"GROUP SHELTER ELECTRIC","reservable":true,"campground":"PETTIT BAY","facilityId":"233581","electric":"30","water":"Yes","sewer":null,"maxPeople":50,"maxVehicleFt":0,"driveway":"Back-In","surface":"Gravel","shade":"Yes","pets":"Yes","url":"https://www.recreation.gov/camping/campsites/9412"}},{"type":"Feature","geometry":{"type":"Point","coordinates":[-94.946952,35.750202]},"properties":{"kind":"campsite","name":"03","loop":"PBA2","siteType":"STANDARD ELECTRIC","reservable":true,"campground":"PETTIT BAY","facilityId":"233581","electric":"30","water":null,"sewer":null,"maxPeople":8,"maxVehicleFt":49,"driveway":"Back-In","surface":"Gravel","shade":"Yes","pets":"Yes","url":"https://www.recreation.gov/camping/campsites/9389"}},{"type":"Feature","geometry":{"type":"Point","coordinates":[-94.947899,35.750016]},"properties":{"kind":"campsite","name":"38","loop":"PBA2","siteType":"STANDARD ELECTRIC","reservable":true,"campground":"PETTIT BAY","facilityId":"233581","electric":"30","water":null,"sewer":null,"maxPeople":8,"maxVehicleFt":67,"driveway":"Back-In","surface":"Gravel","shade":"Yes","pets":"Yes","url":"https://www.recreation.gov/camping/campsites/9383"}},{"type":"Feature","geometry":{"type":"Point","coordinates":[-94.948596,35.755493]},"properties":{"kind":"campsite","name":"A10","loop":"PBAI","siteType":"STANDARD ELECTRIC","reservable":true,"campground":"PETTIT BAY","facilityId":"233581","electric":"30","water":null,"sewer":null,"maxPeople":8,"maxVehicleFt":80,"driveway":null,"surface":"Paved","shade":"Yes","pets":"Yes","url":"https://www.recreation.gov/camping/campsites/9364"}},{"type":"Feature","geometry":{"type":"Point","coordinates":[-94.948555,35.754939]},"properties":{"kind":"campsite","name":"A20","loop":"PBAI","siteType":"STANDARD NONELECTRIC","reservable":true,"campground":"PETTIT BAY","facilityId":"233581","electric":null,"water":null,"sewer":null,"maxPeople":8,"maxVehicleFt":38,"driveway":"Back-In","surface":"Gravel","shade":"Full","pets":"Yes","url":"https://www.recreation.gov/camping/campsites/9423"}},{"type":"Feature","geometry":{"type":"Point","coordinates":[-94.94818,35.749548]},"properties":{"kind":"campsite","name":"41","loop":"PBA2","siteType":"STANDARD ELECTRIC","reservable":true,"campground":"PETTIT BAY","facilityId":"233581","electric":"30","water":null,"sewer":null,"maxPeople":8,"maxVehicleFt":65,"driveway":"Back-In","surface":"Gravel","shade":"Yes","pets":"Yes","url":"https://www.recreation.gov/camping/campsites/9406"}},{"type":"Feature","geometry":{"type":"Point","coordinates":[-94.946812,35.750421]},"properties":{"kind":"campsite","name":"01","loop":"PBA2","siteType":"STANDARD ELECTRIC","reservable":true,"campground":"PETTIT BAY","facilityId":"233581","electric":"30","water":"Yes","sewer":"Y","maxPeople":8,"maxVehicleFt":66,"driveway":"Back-In","surface":"Paved","shade":"Yes","pets":"Yes","url":"https://www.recreation.gov/camping/campsites/9388"}},{"type":"Feature","geometry":{"type":"Point","coordinates":[-94.9025,35.7513889]},"properties":{"kind":"campground","name":"ELK CREEK LANDING","facilityId":"233495","phone":"918-487-5252","reservable":true,"url":"https://www.recreation.gov/camping/campgrounds/233495"}},{"type":"Feature","geometry":{"type":"Point","coordinates":[-94.9031,35.75312]},"properties":{"kind":"campsite","name":"14","loop":"A","siteType":"STANDARD NONELECTRIC","reservable":true,"campground":"ELK CREEK LANDING","facilityId":"233495","electric":"","water":"Yes","sewer":null,"maxPeople":8,"maxVehicleFt":44,"driveway":"Back-In","surface":"Gravel","shade":"Yes","pets":"Yes","url":"https://www.recreation.gov/camping/campsites/47342"}},{"type":"Feature","geometry":{"type":"Point","coordinates":[-94.903567,35.751752]},"properties":{"kind":"campsite","name":"24","loop":"A","siteType":"STANDARD ELECTRIC","reservable":true,"campground":"ELK CREEK LANDING","facilityId":"233495","electric":"30","water":"Yes","sewer":null,"maxPeople":8,"maxVehicleFt":29,"driveway":"Back-In","surface":"Gravel","shade":"Yes","pets":"Yes","url":"https://www.recreation.gov/camping/campsites/46203"}},{"type":"Feature","geometry":{"type":"Point","coordinates":[-94.903549,35.752309]},"properties":{"kind":"campsite","name":"20","loop":"A","siteType":"STANDARD ELECTRIC","reservable":true,"campground":"ELK CREEK LANDING","facilityId":"233495","electric":"30","water":"Yes","sewer":null,"maxPeople":8,"maxVehicleFt":52,"driveway":"Back-In","surface":"Gravel","shade":"No","pets":"Yes","url":"https://www.recreation.gov/camping/campsites/46464"}},{"type":"Feature","geometry":{"type":"Point","coordinates":[-94.903392,35.752568]},"properties":{"kind":"campsite","name":"18","loop":"A","siteType":"STANDARD ELECTRIC","reservable":true,"campground":"ELK CREEK LANDING","facilityId":"233495","electric":"30","water":"Yes","sewer":null,"maxPeople":8,"maxVehicleFt":42,"driveway":"Back-In","surface":"Gravel","shade":"Yes","pets":"Yes","url":"https://www.recreation.gov/camping/campsites/47706"}},{"type":"Feature","geometry":{"type":"Point","coordinates":[-94.903135,35.750665]},"properties":{"kind":"campsite","name":"28","loop":"A","siteType":"STANDARD ELECTRIC","reservable":true,"campground":"ELK CREEK LANDING","facilityId":"233495","electric":"50","water":"Yes","sewer":null,"maxPeople":8,"maxVehicleFt":72,"driveway":"Back-In","surface":"Gravel","shade":"Yes","pets":"Yes","url":"https://www.recreation.gov/camping/campsites/46507"}},{"type":"Feature","geometry":{"type":"Point","coordinates":[-94.902476,35.753428]},"properties":{"kind":"campsite","name":"12","loop":"A","siteType":"STANDARD NONELECTRIC","reservable":false,"campground":"ELK CREEK LANDING","facilityId":"233495","electric":null,"water":"Yes","sewer":null,"maxPeople":8,"maxVehicleFt":0,"driveway":"Back-In","surface":"Gravel","shade":"No","pets":"Yes","url":"https://www.recreation.gov/camping/campsites/46543"}},{"type":"Feature","geometry":{"type":"Point","coordinates":[-94.901826,35.754972]},"properties":{"kind":"campsite","name":"04","loop":"A","siteType":"STANDARD NONELECTRIC","reservable":true,"campground":"ELK CREEK LANDING","facilityId":"233495","electric":null,"water":"Yes","sewer":null,"maxPeople":8,"maxVehicleFt":0,"driveway":"Back-In","surface":"Gravel","shade":"Full","pets":"Yes","url":"https://www.recreation.gov/camping/campsites/47167"}},{"type":"Feature","geometry":{"type":"Point","coordinates":[-94.901959,35.754572]},"properties":{"kind":"campsite","name":"02","loop":"A","siteType":"STANDARD NONELECTRIC","reservable":false,"campground":"ELK CREEK LANDING","facilityId":"233495","electric":null,"water":null,"sewer":null,"maxPeople":8,"maxVehicleFt":0,"driveway":"Back-In","surface":"Gravel","shade":"Full","pets":"Yes","url":"https://www.recreation.gov/camping/campsites/47145"}},{"type":"Feature","geometry":{"type":"Point","coordinates":[-94.902478,35.753676]},"properties":{"kind":"campsite","name":"09","loop":"A","siteType":"STANDARD NONELECTRIC","reservable":false,"campground":"ELK CREEK LANDING","facilityId":"233495","electric":null,"water":"Yes","sewer":null,"maxPeople":8,"maxVehicleFt":0,"driveway":"Back-In","surface":"Gravel","shade":"Yes","pets":"Yes","url":"https://www.recreation.gov/camping/campsites/47873"}},{"type":"Feature","geometry":{"type":"Point","coordinates":[-94.90255,35.753594]},"properties":{"kind":"campsite","name":"10","loop":"A","siteType":"STANDARD NONELECTRIC","reservable":false,"campground":"ELK CREEK LANDING","facilityId":"233495","electric":null,"water":"Yes","sewer":null,"maxPeople":8,"maxVehicleFt":0,"driveway":"Back-In","surface":"Gravel","shade":"Yes","pets":"Yes","url":"https://www.recreation.gov/camping/campsites/46170"}},{"type":"Feature","geometry":{"type":"Point","coordinates":[-94.902288,35.754143]},"properties":{"kind":"campsite","name":"S001","loop":"A","siteType":"GROUP SHELTER NONELECTRIC","reservable":true,"campground":"ELK CREEK LANDING","facilityId":"233495","electric":null,"water":null,"sewer":null,"maxPeople":50,"maxVehicleFt":0,"driveway":null,"surface":"Gravel","shade":"Yes","pets":"Yes","url":"https://www.recreation.gov/camping/campsites/47667"}},{"type":"Feature","geometry":{"type":"Point","coordinates":[-94.902153,35.749779]},"properties":{"kind":"campsite","name":"39","loop":"A","siteType":"STANDARD NONELECTRIC","reservable":false,"campground":"ELK CREEK LANDING","facilityId":"233495","electric":null,"water":"Yes","sewer":null,"maxPeople":8,"maxVehicleFt":0,"driveway":"Back-In","surface":"Gravel","shade":"No","pets":"Yes","url":"https://www.recreation.gov/camping/campsites/47983"}},{"type":"Feature","geometry":{"type":"Point","coordinates":[-94.902946,35.753262]},"properties":{"kind":"campsite","name":"13","loop":"A","siteType":"STANDARD NONELECTRIC","reservable":true,"campground":"ELK CREEK LANDING","facilityId":"233495","electric":null,"water":"Yes","sewer":null,"maxPeople":8,"maxVehicleFt":0,"driveway":"Back-In","surface":"Gravel","shade":"No","pets":"Yes","url":"https://www.recreation.gov/camping/campsites/47590"}},{"type":"Feature","geometry":{"type":"Point","coordinates":[-94.902806,35.753794]},"properties":{"kind":"campsite","name":"","loop":null,"siteType":"STANDARD NONELECTRIC","reservable":false,"campground":"ELK CREEK LANDING","facilityId":"233495","electric":null,"water":null,"sewer":null,"maxPeople":8,"maxVehicleFt":0,"driveway":"Back-In","surface":"Gravel","shade":"Yes","pets":"Yes","url":"https://www.recreation.gov/camping/campsites/47039"}},{"type":"Feature","geometry":{"type":"Point","coordinates":[-94.90245,35.754543]},"properties":{"kind":"campsite","name":"06","loop":"A","siteType":"STANDARD NONELECTRIC","reservable":true,"campground":"ELK CREEK LANDING","facilityId":"233495","electric":null,"water":"Yes","sewer":null,"maxPeople":8,"maxVehicleFt":0,"driveway":"Back-In","surface":"Gravel","shade":"Yes","pets":"Yes","url":"https://www.recreation.gov/camping/campsites/47229"}},{"type":"Feature","geometry":{"type":"Point","coordinates":[-94.903579,35.752054]},"properties":{"kind":"campsite","name":"22","loop":"A","siteType":"STANDARD ELECTRIC","reservable":true,"campground":"ELK CREEK LANDING","facilityId":"233495","electric":"30","water":"Yes","sewer":null,"maxPeople":8,"maxVehicleFt":42,"driveway":"Back-In","surface":"Gravel","shade":"No","pets":"Yes","url":"https://www.recreation.gov/camping/campsites/47164"}},{"type":"Feature","geometry":{"type":"Point","coordinates":[-94.903003,35.750983]},"properties":{"kind":"campsite","name":"31","loop":"A","siteType":"STANDARD ELECTRIC","reservable":true,"campground":"ELK CREEK LANDING","facilityId":"233495","electric":"50","water":"Yes","sewer":null,"maxPeople":8,"maxVehicleFt":42,"driveway":"Back-In","surface":"Gravel","shade":"No","pets":"Yes","url":"https://www.recreation.gov/camping/campsites/46320"}},{"type":"Feature","geometry":{"type":"Point","coordinates":[-94.90321,35.75283]},"properties":{"kind":"campsite","name":"16","loop":"A","siteType":"STANDARD ELECTRIC","reservable":true,"campground":"ELK CREEK LANDING","facilityId":"233495","electric":"30","water":"Yes","sewer":null,"maxPeople":8,"maxVehicleFt":28,"driveway":"Back-In","surface":"Gravel","shade":"Yes","pets":"Yes","url":"https://www.recreation.gov/camping/campsites/47659"}},{"type":"Feature","geometry":{"type":"Point","coordinates":[-94.90329,35.752725]},"properties":{"kind":"campsite","name":"17","loop":"A","siteType":"STANDARD ELECTRIC","reservable":true,"campground":"ELK CREEK LANDING","facilityId":"233495","electric":"30","water":"Yes","sewer":null,"maxPeople":8,"maxVehicleFt":32,"driveway":"Back-In","surface":"Gravel","shade":"Yes","pets":"Yes","url":"https://www.recreation.gov/camping/campsites/47343"}},{"type":"Feature","geometry":{"type":"Point","coordinates":[-94.902632,35.751013]},"properties":{"kind":"campsite","name":"33","loop":"A","siteType":"STANDARD NONELECTRIC","reservable":true,"campground":"ELK CREEK LANDING","facilityId":"233495","electric":null,"water":"Yes","sewer":null,"maxPeople":8,"maxVehicleFt":0,"driveway":"Back-In","surface":"Gravel","shade":"Yes","pets":"Yes","url":"https://www.recreation.gov/camping/campsites/46416"}},{"type":"Feature","geometry":{"type":"Point","coordinates":[-94.903565,35.751887]},"properties":{"kind":"campsite","name":"23","loop":"A","siteType":"STANDARD ELECTRIC","reservable":true,"campground":"ELK CREEK LANDING","facilityId":"233495","electric":"30","water":"Yes","sewer":null,"maxPeople":8,"maxVehicleFt":33,"driveway":"Back-In","surface":"Gravel","shade":"Full","pets":"Yes","url":"https://www.recreation.gov/camping/campsites/47757"}},{"type":"Feature","geometry":{"type":"Point","coordinates":[-94.90321,35.750824]},"properties":{"kind":"campsite","name":"27","loop":"A","siteType":"STANDARD ELECTRIC","reservable":true,"campground":"ELK CREEK LANDING","facilityId":"233495","electric":"50","water":"Yes","sewer":null,"maxPeople":8,"maxVehicleFt":33,"driveway":"Back-In","surface":"Gravel","shade":"Full","pets":"Yes","url":"https://www.recreation.gov/camping/campsites/47926"}},{"type":"Feature","geometry":{"type":"Point","coordinates":[-94.903591,35.751628]},"properties":{"kind":"campsite","name":"25","loop":"A","siteType":"STANDARD ELECTRIC","reservable":true,"campground":"ELK CREEK LANDING","facilityId":"233495","electric":"30","water":"Yes","sewer":null,"maxPeople":8,"maxVehicleFt":26,"driveway":"Back-In","surface":"Gravel","shade":"Yes","pets":"Yes","url":"https://www.recreation.gov/camping/campsites/47282"}},{"type":"Feature","geometry":{"type":"Point","coordinates":[-94.902087,35.75476]},"properties":{"kind":"campsite","name":"05","loop":"A","siteType":"STANDARD NONELECTRIC","reservable":true,"campground":"ELK CREEK LANDING","facilityId":"233495","electric":null,"water":"Yes","sewer":null,"maxPeople":8,"maxVehicleFt":0,"driveway":"Back-In","surface":"Gravel","shade":"Full","pets":"Yes","url":"https://www.recreation.gov/camping/campsites/47529"}},{"type":"Feature","geometry":{"type":"Point","coordinates":[-94.902657,35.75422]},"properties":{"kind":"campsite","name":"07","loop":"A","siteType":"STANDARD NONELECTRIC","reservable":true,"campground":"ELK CREEK LANDING","facilityId":"233495","electric":null,"water":"Yes","sewer":null,"maxPeople":8,"maxVehicleFt":0,"driveway":"Back-In","surface":"Gravel","shade":"No","pets":"Yes","url":"https://www.recreation.gov/camping/campsites/47289"}},{"type":"Feature","geometry":{"type":"Point","coordinates":[-94.90211,35.749893]},"properties":{"kind":"campsite","name":"37","loop":"A","siteType":"STANDARD NONELECTRIC","reservable":true,"campground":"ELK CREEK LANDING","facilityId":"233495","electric":null,"water":"Yes","sewer":null,"maxPeople":8,"maxVehicleFt":0,"driveway":"Back-In","surface":"Gravel","shade":"Yes","pets":"Yes","url":"https://www.recreation.gov/camping/campsites/46363"}},{"type":"Feature","geometry":{"type":"Point","coordinates":[-94.903038,35.750576]},"properties":{"kind":"campsite","name":"29","loop":"A","siteType":"STANDARD ELECTRIC","reservable":true,"campground":"ELK CREEK LANDING","facilityId":"233495","electric":"50","water":"Yes","sewer":null,"maxPeople":8,"maxVehicleFt":84,"driveway":"Back-In","surface":"Gravel","shade":"Yes","pets":"Yes","url":"https://www.recreation.gov/camping/campsites/47857"}},{"type":"Feature","geometry":{"type":"Point","coordinates":[-94.902517,35.750821]},"properties":{"kind":"campsite","name":"34","loop":"A","siteType":"STANDARD NONELECTRIC","reservable":true,"campground":"ELK CREEK LANDING","facilityId":"233495","electric":null,"water":"Yes","sewer":null,"maxPeople":8,"maxVehicleFt":0,"driveway":"Back-In","surface":"Gravel","shade":"Yes","pets":"Yes","url":"https://www.recreation.gov/camping/campsites/46258"}},{"type":"Feature","geometry":{"type":"Point","coordinates":[-94.903125,35.752942]},"properties":{"kind":"campsite","name":"15","loop":"A","siteType":"STANDARD NONELECTRIC","reservable":true,"campground":"ELK CREEK LANDING","facilityId":"233495","electric":"","water":"Yes","sewer":null,"maxPeople":8,"maxVehicleFt":25,"driveway":"Back-In","surface":"Gravel","shade":"Yes","pets":"Yes","url":"https://www.recreation.gov/camping/campsites/46346"}},{"type":"Feature","geometry":{"type":"Point","coordinates":[-94.90299,35.751684]},"properties":{"kind":"campsite","name":"S002","loop":"A","siteType":"GROUP SHELTER NONELECTRIC","reservable":true,"campground":"ELK CREEK LANDING","facilityId":"233495","electric":null,"water":null,"sewer":null,"maxPeople":50,"maxVehicleFt":0,"driveway":null,"surface":"Gravel","shade":"Yes","pets":"Yes","url":"https://www.recreation.gov/camping/campsites/47247"}},{"type":"Feature","geometry":{"type":"Point","coordinates":[-94.902538,35.753522]},"properties":{"kind":"campsite","name":"11","loop":"A","siteType":"STANDARD NONELECTRIC","reservable":false,"campground":"ELK CREEK LANDING","facilityId":"233495","electric":null,"water":"Yes","sewer":null,"maxPeople":8,"maxVehicleFt":0,"driveway":"Back-In","surface":"Gravel","shade":"Yes","pets":"Yes","url":"https://www.recreation.gov/camping/campsites/47009"}},{"type":"Feature","geometry":{"type":"Point","coordinates":[-94.901687,35.754667]},"properties":{"kind":"campsite","name":"03","loop":"A","siteType":"STANDARD NONELECTRIC","reservable":false,"campground":"ELK CREEK LANDING","facilityId":"233495","electric":null,"water":"Yes","sewer":null,"maxPeople":8,"maxVehicleFt":0,"driveway":"Back-In","surface":"Gravel","shade":"No","pets":"Yes","url":"https://www.recreation.gov/camping/campsites/47722"}},{"type":"Feature","geometry":{"type":"Point","coordinates":[-94.90274,35.751164]},"properties":{"kind":"campsite","name":"32","loop":"A","siteType":"STANDARD NONELECTRIC","reservable":true,"campground":"ELK CREEK LANDING","facilityId":"233495","electric":null,"water":"Yes","sewer":null,"maxPeople":8,"maxVehicleFt":0,"driveway":"Back-In","surface":"Gravel","shade":"Full","pets":"Yes","url":"https://www.recreation.gov/camping/campsites/47575"}},{"type":"Feature","geometry":{"type":"Point","coordinates":[-94.902723,35.75404]},"properties":{"kind":"campsite","name":"08","loop":"A","siteType":"STANDARD NONELECTRIC","reservable":true,"campground":"ELK CREEK LANDING","facilityId":"233495","electric":null,"water":"Yes","sewer":null,"maxPeople":8,"maxVehicleFt":0,"driveway":"Back-In","surface":"Gravel","shade":"No","pets":"Yes","url":"https://www.recreation.gov/camping/campsites/47242"}},{"type":"Feature","geometry":{"type":"Point","coordinates":[-94.90209,35.754482]},"properties":{"kind":"campsite","name":"01","loop":"A","siteType":"STANDARD NONELECTRIC","reservable":false,"campground":"ELK CREEK LANDING","facilityId":"233495","electric":null,"water":"Yes","sewer":null,"maxPeople":8,"maxVehicleFt":0,"driveway":"Back-In","surface":"Gravel","shade":"Full","pets":"Yes","url":"https://www.recreation.gov/camping/campsites/46389"}},{"type":"Feature","geometry":{"type":"Point","coordinates":[-94.903584,35.752172]},"properties":{"kind":"campsite","name":"21","loop":"A","siteType":"STANDARD ELECTRIC","reservable":true,"campground":"ELK CREEK LANDING","facilityId":"233495","electric":"30","water":"Yes","sewer":null,"maxPeople":8,"maxVehicleFt":42,"driveway":"Back-In","surface":"Gravel","shade":"Yes","pets":"Yes","url":"https://www.recreation.gov/camping/campsites/46465"}},{"type":"Feature","geometry":{"type":"Point","coordinates":[-94.901969,35.750002]},"properties":{"kind":"campsite","name":"36","loop":"A","siteType":"STANDARD NONELECTRIC","reservable":true,"campground":"ELK CREEK LANDING","facilityId":"233495","electric":null,"water":"Yes","sewer":null,"maxPeople":8,"maxVehicleFt":0,"driveway":"Back-In","surface":"Gravel","shade":"Full","pets":"Yes","url":"https://www.recreation.gov/camping/campsites/47716"}},{"type":"Feature","geometry":{"type":"Point","coordinates":[-94.90293,35.750803]},"properties":{"kind":"campsite","name":"30","loop":"A","siteType":"STANDARD ELECTRIC","reservable":true,"campground":"ELK CREEK LANDING","facilityId":"233495","electric":"50","water":"Yes","sewer":null,"maxPeople":8,"maxVehicleFt":55,"driveway":"Back-In","surface":"Gravel","shade":"No","pets":"Yes","url":"https://www.recreation.gov/camping/campsites/46321"}},{"type":"Feature","geometry":{"type":"Point","coordinates":[-94.903476,35.752446]},"properties":{"kind":"campsite","name":"19","loop":"A","siteType":"STANDARD ELECTRIC","reservable":true,"campground":"ELK CREEK LANDING","facilityId":"233495","electric":"30","water":"Yes","sewer":null,"maxPeople":8,"maxVehicleFt":49,"driveway":"Back-In","surface":"Gravel","shade":"No","pets":"Yes","url":"https://www.recreation.gov/camping/campsites/46229"}},{"type":"Feature","geometry":{"type":"Point","coordinates":[-94.90196,35.749802]},"properties":{"kind":"campsite","name":"38","loop":"A","siteType":"STANDARD NONELECTRIC","reservable":false,"campground":"ELK CREEK LANDING","facilityId":"233495","electric":null,"water":"Yes","sewer":null,"maxPeople":8,"maxVehicleFt":0,"driveway":"Back-In","surface":"Gravel","shade":"Yes","pets":"Yes","url":"https://www.recreation.gov/camping/campsites/47820"}},{"type":"Feature","geometry":{"type":"Point","coordinates":[-94.902901,35.753602]},"properties":{"kind":"campsite","name":"","loop":null,"siteType":"STANDARD NONELECTRIC","reservable":false,"campground":"ELK CREEK LANDING","facilityId":"233495","electric":null,"water":null,"sewer":null,"maxPeople":8,"maxVehicleFt":0,"driveway":"Back-In","surface":"Gravel","shade":"Yes","pets":"Yes","url":"https://www.recreation.gov/camping/campsites/47133"}},{"type":"Feature","geometry":{"type":"Point","coordinates":[-94.902104,35.750081]},"properties":{"kind":"campsite","name":"35","loop":"A","siteType":"STANDARD NONELECTRIC","reservable":true,"campground":"ELK CREEK LANDING","facilityId":"233495","electric":null,"water":"Yes","sewer":null,"maxPeople":8,"maxVehicleFt":0,"driveway":"Back-In","surface":"Gravel","shade":"Yes","pets":"Yes","url":"https://www.recreation.gov/camping/campsites/47681"}},{"type":"Feature","geometry":{"type":"Point","coordinates":[-94.903591,35.751502]},"properties":{"kind":"campsite","name":"26","loop":"A","siteType":"STANDARD ELECTRIC","reservable":true,"campground":"ELK CREEK LANDING","facilityId":"233495","electric":"30","water":"Yes","sewer":null,"maxPeople":8,"maxVehicleFt":28,"driveway":"Back-In","surface":"Gravel","shade":"Yes","pets":"Yes","url":"https://www.recreation.gov/camping/campsites/47409"}},{"type":"Feature","geometry":{"type":"Point","coordinates":[-94.9627778,35.6816667]},"properties":{"kind":"campground","name":"CHICKEN CREEK","facilityId":"233457","phone":"918-487-5252","reservable":true,"url":"https://www.recreation.gov/camping/campgrounds/233457"}},{"type":"Feature","geometry":{"type":"Point","coordinates":[-94.962974,35.681631]},"properties":{"kind":"campsite","name":"088","loop":"CHICKEN CREEK ","siteType":"STANDARD ELECTRIC","reservable":true,"campground":"CHICKEN CREEK","facilityId":"233457","electric":"30","water":"Yes","sewer":null,"maxPeople":8,"maxVehicleFt":56,"driveway":"Back-In","surface":"Gravel","shade":"Yes","pets":"Yes","url":"https://www.recreation.gov/camping/campsites/56124"}},{"type":"Feature","geometry":{"type":"Point","coordinates":[-94.962876,35.681814]},"properties":{"kind":"campsite","name":"085","loop":"CHICKEN CREEK ","siteType":"STANDARD ELECTRIC","reservable":true,"campground":"CHICKEN CREEK","facilityId":"233457","electric":"30","water":"Yes","sewer":null,"maxPeople":8,"maxVehicleFt":56,"driveway":"Back-In","surface":"Gravel","shade":"Full","pets":"Yes","url":"https://www.recreation.gov/camping/campsites/56191"}},{"type":"Feature","geometry":{"type":"Point","coordinates":[-94.963245,35.683216]},"properties":{"kind":"campsite","name":"042","loop":"CHICKEN CREEK ","siteType":"STANDARD ELECTRIC","reservable":true,"campground":"CHICKEN CREEK","facilityId":"233457","electric":"30","water":"Yes","sewer":null,"maxPeople":8,"maxVehicleFt":63,"driveway":"Back-In","surface":"Gravel","shade":"Full","pets":"Yes","url":"https://www.recreation.gov/camping/campsites/56427"}},{"type":"Feature","geometry":{"type":"Point","coordinates":[-94.963014,35.681545]},"properties":{"kind":"campsite","name":"089","loop":"CHICKEN CREEK ","siteType":"STANDARD ELECTRIC","reservable":true,"campground":"CHICKEN CREEK","facilityId":"233457","electric":"30","water":"Yes","sewer":null,"maxPeople":8,"maxVehicleFt":56,"driveway":"Back-In","surface":"Gravel","shade":"Yes","pets":"Yes","url":"https://www.recreation.gov/camping/campsites/56833"}},{"type":"Feature","geometry":{"type":"Point","coordinates":[-94.963727,35.683471]},"properties":{"kind":"campsite","name":"029","loop":"CHICKEN CREEK ","siteType":"STANDARD ELECTRIC","reservable":true,"campground":"CHICKEN CREEK","facilityId":"233457","electric":"30","water":"Yes","sewer":null,"maxPeople":8,"maxVehicleFt":72,"driveway":"Back-In","surface":"Gravel","shade":"Yes","pets":"Yes","url":"https://www.recreation.gov/camping/campsites/56865"}},{"type":"Feature","geometry":{"type":"Point","coordinates":[-94.963689,35.683569]},"properties":{"kind":"campsite","name":"030","loop":"CHICKEN CREEK ","siteType":"STANDARD ELECTRIC","reservable":true,"campground":"CHICKEN CREEK","facilityId":"233457","electric":"30","water":"Yes","sewer":null,"maxPeople":8,"maxVehicleFt":43,"driveway":"Back-In","surface":"Gravel","shade":"Yes","pets":"Yes","url":"https://www.recreation.gov/camping/campsites/56598"}},{"type":"Feature","geometry":{"type":"Point","coordinates":[-94.964187,35.681333]},"properties":{"kind":"campsite","name":"075","loop":"CHICKEN CREEK ","siteType":"STANDARD ELECTRIC","reservable":true,"campground":"CHICKEN CREEK","facilityId":"233457","electric":"30","water":"Yes","sewer":null,"maxPeople":8,"maxVehicleFt":55,"driveway":"Back-In","surface":"Gravel","shade":"Yes","pets":"Yes","url":"https://www.recreation.gov/camping/campsites/56840"}},{"type":"Feature","geometry":{"type":"Point","coordinates":[-94.964133,35.681567]},"properties":{"kind":"campsite","name":"074","loop":"CHICKEN CREEK ","siteType":"STANDARD ELECTRIC","reservable":true,"campground":"CHICKEN CREEK","facilityId":"233457","electric":"30","water":"Yes","sewer":null,"maxPeople":8,"maxVehicleFt":74,"driveway":"Back-In","surface":"Gravel","shade":"Yes","pets":"Yes","url":"https://www.recreation.gov/camping/campsites/56059"}},{"type":"Feature","geometry":{"type":"Point","coordinates":[-94.963478,35.682949]},"properties":{"kind":"campsite","name":"040","loop":"CHICKEN CREEK ","siteType":"STANDARD ELECTRIC","reservable":true,"campground":"CHICKEN CREEK","facilityId":"233457","electric":"30","water":null,"sewer":null,"maxPeople":8,"maxVehicleFt":62,"driveway":"Back-In","surface":"Gravel","shade":"Yes","pets":"Yes","url":"https://www.recreation.gov/camping/campsites/56248"}},{"type":"Feature","geometry":{"type":"Point","coordinates":[-94.962817,35.684501]},"properties":{"kind":"campsite","name":"015","loop":"CHICKEN CREEK ","siteType":"STANDARD ELECTRIC","reservable":true,"campground":"CHICKEN CREEK","facilityId":"233457","electric":"30","water":"Yes","sewer":null,"maxPeople":8,"maxVehicleFt":140,"driveway":"Back-In","surface":"Gravel","shade":"Yes","pets":"Yes","url":"https://www.recreation.gov/camping/campsites/56814"}},{"type":"Feature","geometry":{"type":"Point","coordinates":[-94.962009,35.684274]},"properties":{"kind":"campsite","name":"009","loop":"CHICKEN CREEK ","siteType":"STANDARD ELECTRIC","reservable":true,"campground":"CHICKEN CREEK","facilityId":"233457","electric":"30","water":"Yes","sewer":null,"maxPeople":8,"maxVehicleFt":70,"driveway":"Back-In","surface":"Gravel","shade":"Yes","pets":"Yes","url":"https://www.recreation.gov/camping/campsites/56029"}},{"type":"Feature","geometry":{"type":"Point","coordinates":[-94.964243,35.681836]},"properties":{"kind":"campsite","name":"069","loop":"CHICKEN CREEK ","siteType":"STANDARD ELECTRIC","reservable":true,"campground":"CHICKEN CREEK","facilityId":"233457","electric":"30","water":"Yes","sewer":null,"maxPeople":8,"maxVehicleFt":57,"driveway":"Back-In","surface":"Gravel","shade":"Full","pets":"Yes","url":"https://www.recreation.gov/camping/campsites/56131"}},{"type":"Feature","geometry":{"type":"Point","coordinates":[-94.961786,35.683991]},"properties":{"kind":"campsite","name":"001","loop":"CHICKEN CREEK ","siteType":"STANDARD ELECTRIC","reservable":true,"campground":"CHICKEN CREEK","facilityId":"233457","electric":"30","water":null,"sewer":null,"maxPeople":8,"maxVehicleFt":75,"driveway":"Back-In","surface":"Gravel","shade":"Yes","pets":"Yes","url":"https://www.recreation.gov/camping/campsites/56126"}},{"type":"Feature","geometry":{"type":"Point","coordinates":[-94.963908,35.681636]},"properties":{"kind":"campsite","name":"076","loop":"CHICKEN CREEK ","siteType":"STANDARD ELECTRIC","reservable":true,"campground":"CHICKEN CREEK","facilityId":"233457","electric":"30","water":"Yes","sewer":null,"maxPeople":8,"maxVehicleFt":90,"driveway":"Back-In","surface":"Gravel","shade":"Yes","pets":"Yes","url":"https://www.recreation.gov/camping/campsites/56569"}},{"type":"Feature","geometry":{"type":"Point","coordinates":[-94.964449,35.683141]},"properties":{"kind":"campsite","name":"036","loop":"CHICKEN CREEK ","siteType":"STANDARD ELECTRIC","reservable":true,"campground":"CHICKEN CREEK","facilityId":"233457","electric":"30","water":null,"sewer":null,"maxPeople":8,"maxVehicleFt":67,"driveway":"Back-In","surface":"Gravel","shade":"Yes","pets":"Yes","url":"https://www.recreation.gov/camping/campsites/56631"}},{"type":"Feature","geometry":{"type":"Point","coordinates":[-94.963674,35.680483]},"properties":{"kind":"campsite","name":"099","loop":"CHICKEN CREEK ","siteType":"STANDARD ELECTRIC","reservable":true,"campground":"CHICKEN CREEK","facilityId":"233457","electric":"30","water":"Yes","sewer":null,"maxPeople":8,"maxVehicleFt":85,"driveway":null,"surface":"Gravel","shade":"Yes","pets":"Yes","url":"https://www.recreation.gov/camping/campsites/56373"}},{"type":"Feature","geometry":{"type":"Point","coordinates":[-94.963467,35.681834]},"properties":{"kind":"campsite","name":"080","loop":"CHICKEN CREEK ","siteType":"STANDARD ELECTRIC","reservable":true,"campground":"CHICKEN CREEK","facilityId":"233457","electric":"30","water":"Yes","sewer":null,"maxPeople":8,"maxVehicleFt":61,"driveway":"Back-In","surface":"Gravel","shade":"Yes","pets":"Yes","url":"https://www.recreation.gov/camping/campsites/56978"}},{"type":"Feature","geometry":{"type":"Point","coordinates":[-94.963353,35.681892]},"properties":{"kind":"campsite","name":"082","loop":"CHICKEN CREEK ","siteType":"STANDARD ELECTRIC","reservable":true,"campground":"CHICKEN CREEK","facilityId":"233457","electric":"30","water":"Yes","sewer":null,"maxPeople":8,"maxVehicleFt":90,"driveway":"Back-In","surface":"Gravel","shade":"Full","pets":"Yes","url":"https://www.recreation.gov/camping/campsites/56869"}},{"type":"Feature","geometry":{"type":"Point","coordinates":[-94.961699,35.684438]},"properties":{"kind":"campsite","name":"007","loop":"CHICKEN CREEK ","siteType":"STANDARD ELECTRIC","reservable":true,"campground":"CHICKEN CREEK","facilityId":"233457","electric":"30","water":"Yes","sewer":null,"maxPeople":8,"maxVehicleFt":55,"driveway":"Back-In","surface":"Gravel","shade":"Full","pets":"Yes","url":"https://www.recreation.gov/camping/campsites/56019"}},{"type":"Feature","geometry":{"type":"Point","coordinates":[-94.961261,35.682677]},"properties":{"kind":"campsite","name":"065","loop":"CHICKEN CREEK ","siteType":"STANDARD ELECTRIC","reservable":true,"campground":"CHICKEN CREEK","facilityId":"233457","electric":"30","water":null,"sewer":null,"maxPeople":8,"maxVehicleFt":50,"driveway":"Back-In","surface":"Gravel","shade":"Yes","pets":"Yes","url":"https://www.recreation.gov/camping/campsites/56256"}},{"type":"Feature","geometry":{"type":"Point","coordinates":[-94.964323,35.681507]},"properties":{"kind":"campsite","name":"073","loop":"CHICKEN CREEK ","siteType":"STANDARD ELECTRIC","reservable":true,"campground":"CHICKEN CREEK","facilityId":"233457","electric":"30","water":"Yes","sewer":null,"maxPeople":8,"maxVehicleFt":57,"driveway":"Back-In","surface":"Gravel","shade":"Yes","pets":"Yes","url":"https://www.recreation.gov/camping/campsites/56587"}},{"type":"Feature","geometry":{"type":"Point","coordinates":[-94.963807,35.681479]},"properties":{"kind":"campsite","name":"079","loop":"CHICKEN CREEK ","siteType":"STANDARD ELECTRIC","reservable":true,"campground":"CHICKEN CREEK","facilityId":"233457","electric":"30","water":"Yes","sewer":null,"maxPeople":8,"maxVehicleFt":56,"driveway":"Back-In","surface":"Gravel","shade":"Yes","pets":"Yes","url":"https://www.recreation.gov/camping/campsites/56889"}},{"type":"Feature","geometry":{"type":"Point","coordinates":[-94.963445,35.680534]},"properties":{"kind":"campsite","name":"100","loop":"CHICKEN CREEK ","siteType":"STANDARD ELECTRIC","reservable":true,"campground":"CHICKEN CREEK","facilityId":"233457","electric":"30","water":"Yes","sewer":null,"maxPeople":8,"maxVehicleFt":85,"driveway":null,"surface":"Gravel","shade":null,"pets":"Yes","url":"https://www.recreation.gov/camping/campsites/56822"}},{"type":"Feature","geometry":{"type":"Point","coordinates":[-94.962004,35.682803]},"properties":{"kind":"campsite","name":"059","loop":"CHICKEN CREEK ","siteType":"STANDARD ELECTRIC","reservable":true,"campground":"CHICKEN CREEK","facilityId":"233457","electric":"30","water":null,"sewer":null,"maxPeople":8,"maxVehicleFt":50,"driveway":"Back-In","surface":"Gravel","shade":"Full","pets":"Yes","url":"https://www.recreation.gov/camping/campsites/56715"}},{"type":"Feature","geometry":{"type":"Point","coordinates":[-94.963713,35.68114]},"properties":{"kind":"campsite","name":"092","loop":"CHICKEN CREEK ","siteType":"STANDARD ELECTRIC","reservable":true,"campground":"CHICKEN CREEK","facilityId":"233457","electric":"30","water":"Yes","sewer":null,"maxPeople":8,"maxVehicleFt":86,"driveway":"Back-In","surface":"Gravel","shade":"Yes","pets":"Yes","url":"https://www.recreation.gov/camping/campsites/56893"}},{"type":"Feature","geometry":{"type":"Point","coordinates":[-94.963464,35.683952]},"properties":{"kind":"campsite","name":"021","loop":"CHICKEN CREEK ","siteType":"STANDARD ELECTRIC","reservable":true,"campground":"CHICKEN CREEK","facilityId":"233457","electric":"30","water":"Yes","sewer":null,"maxPeople":8,"maxVehicleFt":45,"driveway":"Back-In","surface":"Gravel","shade":"Full","pets":"Yes","url":"https://www.recreation.gov/camping/campsites/56544"}},{"type":"Feature","geometry":{"type":"Point","coordinates":[-94.963237,35.681532]},"properties":{"kind":"campsite","name":"090","loop":"CHICKEN CREEK ","siteType":"STANDARD ELECTRIC","reservable":true,"campground":"CHICKEN CREEK","facilityId":"233457","electric":"50","water":"Yes","sewer":null,"maxPeople":8,"maxVehicleFt":77,"driveway":"Back-In","surface":"Gravel","shade":"Yes","pets":"Yes","url":"https://www.recreation.gov/camping/campsites/56015"}},{"type":"Feature","geometry":{"type":"Point","coordinates":[-94.964083,35.681927]},"properties":{"kind":"campsite","name":"070","loop":"CHICKEN CREEK ","siteType":"STANDARD ELECTRIC","reservable":true,"campground":"CHICKEN CREEK","facilityId":"233457","electric":"30","water":"Yes","sewer":null,"maxPeople":8,"maxVehicleFt":72,"driveway":"Back-In","surface":"Gravel","shade":"Yes","pets":"Yes","url":"https://www.recreation.gov/camping/campsites/56581"}},{"type":"Feature","geometry":{"type":"Point","coordinates":[-94.963614,35.684392]},"properties":{"kind":"campsite","name":"019","loop":"CHICKEN CREEK ","siteType":"STANDARD ELECTRIC","reservable":true,"campground":"CHICKEN CREEK","facilityId":"233457","electric":"30","water":"Yes","sewer":null,"maxPeople":8,"maxVehicleFt":100,"driveway":null,"surface":"Gravel","shade":"Full","pets":"Yes","url":"https://www.recreation.gov/camping/campsites/56955"}},{"type":"Feature","geometry":{"type":"Point","coordinates":[-94.964311,35.68284]},"properties":{"kind":"campsite","name":"038","loop":"CHICKEN CREEK ","siteType":"STANDARD ELECTRIC","reservable":true,"campground":"CHICKEN CREEK","facilityId":"233457","electric":"30","water":"Yes","sewer":null,"maxPeople":8,"maxVehicleFt":105,"driveway":"Back-In","surface":"Gravel","shade":"Yes","pets":"Yes","url":"https://www.recreation.gov/camping/campsites/56940"}},{"type":"Feature","geometry":{"type":"Point","coordinates":[-94.962827,35.682983]},"properties":{"kind":"campsite","name":"051","loop":"CHICKEN CREEK ","siteType":"STANDARD ELECTRIC","reservable":true,"campground":"CHICKEN CREEK","facilityId":"233457","electric":"30","water":null,"sewer":null,"maxPeople":8,"maxVehicleFt":60,"driveway":"Back-In","surface":"Gravel","shade":"Full","pets":"Yes","url":"https://www.recreation.gov/camping/campsites/56238"}},{"type":"Feature","geometry":{"type":"Point","coordinates":[-94.963814,35.680662]},"properties":{"kind":"campsite","name":"097","loop":"CHICKEN CREEK ","siteType":"STANDARD ELECTRIC","reservable":true,"campground":"CHICKEN CREEK","facilityId":"233457","electric":"30","water":"Yes","sewer":null,"maxPeople":8,"maxVehicleFt":50,"driveway":"Back-In","surface":"Gravel","shade":"Yes","pets":"Yes","url":"https://www.recreation.gov/camping/campsites/56283"}},{"type":"Feature","geometry":{"type":"Point","coordinates":[-94.961519,35.682641]},"properties":{"kind":"campsite","name":"062","loop":"CHICKEN CREEK ","siteType":"STANDARD ELECTRIC","reservable":true,"campground":"CHICKEN CREEK","facilityId":"233457","electric":"30","water":null,"sewer":null,"maxPeople":8,"maxVehicleFt":87,"driveway":null,"surface":"Gravel","shade":"Full","pets":"Yes","url":"https://www.recreation.gov/camping/campsites/56536"}},{"type":"Feature","geometry":{"type":"Point","coordinates":[-94.962901,35.683914]},"properties":{"kind":"campsite","name":"023","loop":"CHICKEN CREEK ","siteType":"STANDARD ELECTRIC","reservable":true,"campground":"CHICKEN CREEK","facilityId":"233457","electric":"30","water":"Yes","sewer":null,"maxPeople":8,"maxVehicleFt":95,"driveway":"Back-In","surface":"Gravel","shade":"Full","pets":"Yes","url":"https://www.recreation.gov/camping/campsites/56420"}},{"type":"Feature","geometry":{"type":"Point","coordinates":[-94.961432,35.683924]},"properties":{"kind":"campsite","name":"S001","loop":"CHICKEN CREEK ","siteType":"GROUP SHELTER ELECTRIC","reservable":true,"campground":"CHICKEN CREEK","facilityId":"233457","electric":"30","water":"Y","sewer":null,"maxPeople":50,"maxVehicleFt":0,"driveway":"Back-In","surface":"Gravel","shade":"Yes","pets":"Yes","url":"https://www.recreation.gov/camping/campsites/56788"}},{"type":"Feature","geometry":{"type":"Point","coordinates":[-94.964096,35.681778]},"properties":{"kind":"campsite","name":"072","loop":"CHICKEN CREEK ","siteType":"STANDARD ELECTRIC","reservable":true,"campground":"CHICKEN CREEK","facilityId":"233457","electric":"30","water":"Yes","sewer":null,"maxPeople":8,"maxVehicleFt":65,"driveway":"Back-In","surface":"Gravel","shade":"Yes","pets":"Yes","url":"https://www.recreation.gov/camping/campsites/56316"}},{"type":"Feature","geometry":{"type":"Point","coordinates":[-94.962139,35.683167]},"properties":{"kind":"campsite","name":"047","loop":"CHICKEN CREEK ","siteType":"STANDARD ELECTRIC","reservable":true,"campground":"CHICKEN CREEK","facilityId":"233457","electric":"30","water":"Yes","sewer":null,"maxPeople":8,"maxVehicleFt":60,"driveway":"Back-In","surface":"Gravel","shade":"Yes","pets":"Yes","url":"https://www.recreation.gov/camping/campsites/56168"}},{"type":"Feature","geometry":{"type":"Point","coordinates":[-94.963652,35.681756]},"properties":{"kind":"campsite","name":"078","loop":"CHICKEN CREEK ","siteType":"STANDARD ELECTRIC","reservable":true,"campground":"CHICKEN CREEK","facilityId":"233457","electric":"30","water":"Yes","sewer":null,"maxPeople":8,"maxVehicleFt":88,"driveway":"Back-In","surface":"Gravel","shade":"Yes","pets":"Yes","url":"https://www.recreation.gov/camping/campsites/56926"}},{"type":"Feature","geometry":{"type":"Point","coordinates":[-94.96291,35.682802]},"properties":{"kind":"campsite","name":"053","loop":"CHICKEN CREEK ","siteType":"STANDARD ELECTRIC","reservable":true,"campground":"CHICKEN CREEK","facilityId":"233457","electric":"30","water":null,"sewer":null,"maxPeople":8,"maxVehicleFt":79,"driveway":"Back-In","surface":"Gravel","shade":"Yes","pets":"Yes","url":"https://www.recreation.gov/camping/campsites/56934"}},{"type":"Feature","geometry":{"type":"Point","coordinates":[-94.962683,35.684127]},"properties":{"kind":"campsite","name":"012","loop":"CHICKEN CREEK ","siteType":"STANDARD ELECTRIC","reservable":true,"campground":"CHICKEN CREEK","facilityId":"233457","electric":"30","water":"Yes","sewer":null,"maxPeople":8,"maxVehicleFt":37,"driveway":"Back-In","surface":"Gravel","shade":"Yes","pets":"Yes","url":"https://www.recreation.gov/camping/campsites/56197"}},{"type":"Feature","geometry":{"type":"Point","coordinates":[-94.964271,35.683631]},"properties":{"kind":"campsite","name":"034","loop":"CHICKEN CREEK ","siteType":"STANDARD ELECTRIC","reservable":true,"campground":"CHICKEN CREEK","facilityId":"233457","electric":"30","water":"Yes","sewer":null,"maxPeople":8,"maxVehicleFt":60,"driveway":"Back-In","surface":"Gravel","shade":"Yes","pets":"Yes","url":"https://www.recreation.gov/camping/campsites/56623"}},{"type":"Feature","geometry":{"type":"Point","coordinates":[-94.962723,35.682715]},"properties":{"kind":"campsite","name":"052","loop":"CHICKEN CREEK ","siteType":"STANDARD ELECTRIC","reservable":true,"campground":"CHICKEN CREEK","facilityId":"233457","electric":"30","water":"Yes","sewer":null,"maxPeople":8,"maxVehicleFt":95,"driveway":"Back-In","surface":"Gravel","shade":"Full","pets":"Yes","url":"https://www.recreation.gov/camping/campsites/56578"}},{"type":"Feature","geometry":{"type":"Point","coordinates":[-94.962421,35.682998]},"properties":{"kind":"campsite","name":"048","loop":"CHICKEN CREEK ","siteType":"STANDARD ELECTRIC","reservable":true,"campground":"CHICKEN CREEK","facilityId":"233457","electric":"30","water":null,"sewer":null,"maxPeople":8,"maxVehicleFt":94,"driveway":"Back-In","surface":"Gravel","shade":"Full","pets":"Yes","url":"https://www.recreation.gov/camping/campsites/56492"}},{"type":"Feature","geometry":{"type":"Point","coordinates":[-94.963074,35.681813]},"properties":{"kind":"campsite","name":"086","loop":"CHICKEN CREEK ","siteType":"STANDARD ELECTRIC","reservable":true,"campground":"CHICKEN CREEK","facilityId":"233457","electric":"50","water":"Yes","sewer":null,"maxPeople":8,"maxVehicleFt":85,"driveway":null,"surface":"Gravel","shade":"Yes","pets":"Yes","url":"https://www.recreation.gov/camping/campsites/56707"}},{"type":"Feature","geometry":{"type":"Point","coordinates":[-94.964034,35.682076]},"properties":{"kind":"campsite","name":"068","loop":"CHICKEN CREEK ","siteType":"STANDARD ELECTRIC","reservable":true,"campground":"CHICKEN CREEK","facilityId":"233457","electric":"30","water":"Yes","sewer":null,"maxPeople":8,"maxVehicleFt":62,"driveway":"Back-In","surface":"Gravel","shade":"Yes","pets":"Yes","url":"https://www.recreation.gov/camping/campsites/56426"}},{"type":"Feature","geometry":{"type":"Point","coordinates":[-94.963287,35.683956]},"properties":{"kind":"campsite","name":"022","loop":"CHICKEN CREEK ","siteType":"STANDARD ELECTRIC","reservable":true,"campground":"CHICKEN CREEK","facilityId":"233457","electric":"30","water":"Yes","sewer":null,"maxPeople":8,"maxVehicleFt":55,"driveway":"Back-In","surface":"Gravel","shade":"Full","pets":"Yes","url":"https://www.recreation.gov/camping/campsites/56459"}},{"type":"Feature","geometry":{"type":"Point","coordinates":[-94.964218,35.682057]},"properties":{"kind":"campsite","name":"067","loop":"CHICKEN CREEK ","siteType":"STANDARD ELECTRIC","reservable":true,"campground":"CHICKEN CREEK","facilityId":"233457","electric":"30","water":null,"sewer":null,"maxPeople":8,"maxVehicleFt":50,"driveway":"Back-In","surface":"Gravel","shade":"Yes","pets":"Yes","url":"https://www.recreation.gov/camping/campsites/56069"}},{"type":"Feature","geometry":{"type":"Point","coordinates":[-94.962928,35.681716]},"properties":{"kind":"campsite","name":"087","loop":"CHICKEN CREEK ","siteType":"STANDARD ELECTRIC","reservable":true,"campground":"CHICKEN CREEK","facilityId":"233457","electric":"30","water":"Yes","sewer":null,"maxPeople":8,"maxVehicleFt":56,"driveway":"Back-In","surface":"Gravel","shade":"Yes","pets":"Yes","url":"https://www.recreation.gov/camping/campsites/56887"}},{"type":"Feature","geometry":{"type":"Point","coordinates":[-94.96312,35.680934]},"properties":{"kind":"campsite","name":"102","loop":"CHICKEN CREEK ","siteType":"STANDARD ELECTRIC","reservable":true,"campground":"CHICKEN CREEK","facilityId":"233457","electric":"30","water":"Yes","sewer":null,"maxPeople":8,"maxVehicleFt":90,"driveway":null,"surface":"Gravel","shade":"Yes","pets":"Yes","url":"https://www.recreation.gov/camping/campsites/56130"}},{"type":"Feature","geometry":{"type":"Point","coordinates":[-94.96205,35.683167]},"properties":{"kind":"campsite","name":"046","loop":"CHICKEN CREEK ","siteType":"STANDARD ELECTRIC","reservable":true,"campground":"CHICKEN CREEK","facilityId":"233457","electric":"30","water":"Yes","sewer":null,"maxPeople":8,"maxVehicleFt":50,"driveway":"Back-In","surface":"Gravel","shade":"Yes","pets":"Yes","url":"https://www.recreation.gov/camping/campsites/56574"}},{"type":"Feature","geometry":{"type":"Point","coordinates":[-94.963871,35.68108]},"properties":{"kind":"campsite","name":"093","loop":"CHICKEN CREEK ","siteType":"STANDARD ELECTRIC","reservable":true,"campground":"CHICKEN CREEK","facilityId":"233457","electric":"30","water":"Yes","sewer":null,"maxPeople":8,"maxVehicleFt":51,"driveway":"Back-In","surface":"Gravel","shade":"Full","pets":"Yes","url":"https://www.recreation.gov/camping/campsites/56666"}},{"type":"Feature","geometry":{"type":"Point","coordinates":[-94.961023,35.684604]},"properties":{"kind":"campsite","name":"005","loop":"CHICKEN CREEK ","siteType":"STANDARD ELECTRIC","reservable":true,"campground":"CHICKEN CREEK","facilityId":"233457","electric":"30","water":null,"sewer":null,"maxPeople":8,"maxVehicleFt":60,"driveway":"Back-In","surface":"Gravel","shade":"Full","pets":"Yes","url":"https://www.recreation.gov/camping/campsites/56621"}},{"type":"Feature","geometry":{"type":"Point","coordinates":[-94.963324,35.680701]},"properties":{"kind":"campsite","name":"101","loop":"CHICKEN CREEK ","siteType":"STANDARD ELECTRIC","reservable":true,"campground":"CHICKEN CREEK","facilityId":"233457","electric":"30","water":"Yes","sewer":null,"maxPeople":8,"maxVehicleFt":85,"driveway":null,"surface":"Gravel","shade":"Yes","pets":"Yes","url":"https://www.recreation.gov/camping/campsites/56341"}},{"type":"Feature","geometry":{"type":"Point","coordinates":[-94.963119,35.683621]},"properties":{"kind":"campsite","name":"026","loop":"CHICKEN CREEK ","siteType":"STANDARD ELECTRIC","reservable":true,"campground":"CHICKEN CREEK","facilityId":"233457","electric":"50","water":"Yes","sewer":null,"maxPeople":8,"maxVehicleFt":110,"driveway":null,"surface":"Gravel","shade":"Yes","pets":"Yes","url":"https://www.recreation.gov/camping/campsites/56145"}},{"type":"Feature","geometry":{"type":"Point","coordinates":[-94.962463,35.682552]},"properties":{"kind":"campsite","name":"055","loop":"CHICKEN CREEK ","siteType":"STANDARD ELECTRIC","reservable":true,"campground":"CHICKEN CREEK","facilityId":"233457","electric":"30","water":null,"sewer":null,"maxPeople":8,"maxVehicleFt":79,"driveway":"Back-In","surface":"Gravel","shade":"Full","pets":"Yes","url":"https://www.recreation.gov/camping/campsites/56653"}},{"type":"Feature","geometry":{"type":"Point","coordinates":[-94.962886,35.684213]},"properties":{"kind":"campsite","name":"014","loop":"CHICKEN CREEK ","siteType":"STANDARD ELECTRIC","reservable":true,"campground":"CHICKEN CREEK","facilityId":"233457","electric":"30","water":"Yes","sewer":null,"maxPeople":8,"maxVehicleFt":34,"driveway":"Back-In","surface":"Gravel","shade":"Full","pets":"Yes","url":"https://www.recreation.gov/camping/campsites/56133"}},{"type":"Feature","geometry":{"type":"Point","coordinates":[-94.963633,35.681557]},"properties":{"kind":"campsite","name":"081","loop":"CHICKEN CREEK ","siteType":"STANDARD ELECTRIC","reservable":true,"campground":"CHICKEN CREEK","facilityId":"233457","electric":"30","water":"Yes","sewer":null,"maxPeople":8,"maxVehicleFt":60,"driveway":"Back-In","surface":"Gravel","shade":null,"pets":"Yes","url":"https://www.recreation.gov/camping/campsites/56741"}},{"type":"Feature","geometry":{"type":"Point","coordinates":[-94.962162,35.682525]},"properties":{"kind":"campsite","name":"056","loop":"CHICKEN CREEK ","siteType":"STANDARD ELECTRIC","reservable":true,"campground":"CHICKEN CREEK","facilityId":"233457","electric":"30","water":"Yes","sewer":null,"maxPeople":8,"maxVehicleFt":40,"driveway":"Back-In","surface":"Gravel","shade":"Yes","pets":"Yes","url":"https://www.recreation.gov/camping/campsites/56630"}},{"type":"Feature","geometry":{"type":"Point","coordinates":[-94.961167,35.684467]},"properties":{"kind":"campsite","name":"002","loop":"CHICKEN CREEK ","siteType":"STANDARD ELECTRIC","reservable":true,"campground":"CHICKEN CREEK","facilityId":"233457","electric":"30","water":null,"sewer":null,"maxPeople":8,"maxVehicleFt":60,"driveway":"Back-In","surface":"Gravel","shade":"Full","pets":"Yes","url":"https://www.recreation.gov/camping/campsites/56663"}},{"type":"Feature","geometry":{"type":"Point","coordinates":[-94.960845,35.682683]},"properties":{"kind":"campsite","name":"066","loop":"CHICKEN CREEK ","siteType":"STANDARD ELECTRIC","reservable":true,"campground":"CHICKEN CREEK","facilityId":"233457","electric":"30","water":"Yes","sewer":null,"maxPeople":8,"maxVehicleFt":73,"driveway":"Back-In","surface":"Gravel","shade":"Full","pets":"Yes","url":"https://www.recreation.gov/camping/campsites/56706"}},{"type":"Feature","geometry":{"type":"Point","coordinates":[-94.961648,35.682831]},"properties":{"kind":"campsite","name":"061","loop":"CHICKEN CREEK ","siteType":"STANDARD ELECTRIC","reservable":true,"campground":"CHICKEN CREEK","facilityId":"233457","electric":"30","water":null,"sewer":null,"maxPeople":8,"maxVehicleFt":58,"driveway":"Back-In","surface":"Gravel","shade":"Full","pets":"Yes","url":"https://www.recreation.gov/camping/campsites/56485"}},{"type":"Feature","geometry":{"type":"Point","coordinates":[-94.963843,35.683793]},"properties":{"kind":"campsite","name":"031","loop":"CHICKEN CREEK ","siteType":"STANDARD ELECTRIC","reservable":true,"campground":"CHICKEN CREEK","facilityId":"233457","electric":"30","water":"Yes","sewer":null,"maxPeople":8,"maxVehicleFt":71,"driveway":"Back-In","surface":"Gravel","shade":"Yes","pets":"Yes","url":"https://www.recreation.gov/camping/campsites/56555"}},{"type":"Feature","geometry":{"type":"Point","coordinates":[-94.963677,35.684104]},"properties":{"kind":"campsite","name":"020","loop":"CHICKEN CREEK ","siteType":"STANDARD ELECTRIC","reservable":true,"campground":"CHICKEN CREEK","facilityId":"233457","electric":"30","water":"Yes","sewer":null,"maxPeople":8,"maxVehicleFt":104,"driveway":"Back-In","surface":"Gravel","shade":"Yes","pets":"Yes","url":"https://www.recreation.gov/camping/campsites/56067"}},{"type":"Feature","geometry":{"type":"Point","coordinates":[-94.963671,35.680735]},"properties":{"kind":"campsite","name":"098","loop":"CHICKEN CREEK ","siteType":"STANDARD ELECTRIC","reservable":true,"campground":"CHICKEN CREEK","facilityId":"233457","electric":"30","water":null,"sewer":null,"maxPeople":8,"maxVehicleFt":100,"driveway":null,"surface":"Gravel","shade":null,"pets":"Yes","url":"https://www.recreation.gov/camping/campsites/56143"}},{"type":"Feature","geometry":{"type":"Point","coordinates":[-94.962848,35.68193]},"properties":{"kind":"campsite","name":"084","loop":"CHICKEN CREEK ","siteType":"STANDARD ELECTRIC","reservable":true,"campground":"CHICKEN CREEK","facilityId":"233457","electric":"30","water":"Yes","sewer":null,"maxPeople":8,"maxVehicleFt":56,"driveway":"Back-In","surface":"Gravel","shade":"Full","pets":"Yes","url":"https://www.recreation.gov/camping/campsites/56827"}},{"type":"Feature","geometry":{"type":"Point","coordinates":[-94.962697,35.68255]},"properties":{"kind":"campsite","name":"054","loop":"CHICKEN CREEK ","siteType":"STANDARD ELECTRIC","reservable":true,"campground":"CHICKEN CREEK","facilityId":"233457","electric":"30","water":null,"sewer":null,"maxPeople":8,"maxVehicleFt":73,"driveway":"Back-In","surface":"Gravel","shade":"Full","pets":"Yes","url":"https://www.recreation.gov/camping/campsites/56935"}},{"type":"Feature","geometry":{"type":"Point","coordinates":[-94.962515,35.683887]},"properties":{"kind":"campsite","name":"024","loop":"CHICKEN CREEK ","siteType":"STANDARD ELECTRIC","reservable":true,"campground":"CHICKEN CREEK","facilityId":"233457","electric":"30","water":"Yes","sewer":null,"maxPeople":8,"maxVehicleFt":78,"driveway":"Back-In","surface":"Gravel","shade":"Full","pets":"Yes","url":"https://www.recreation.gov/camping/campsites/56858"}},{"type":"Feature","geometry":{"type":"Point","coordinates":[-94.962284,35.68352]},"properties":{"kind":"campsite","name":"043","loop":"CHICKEN CREEK ","siteType":"STANDARD ELECTRIC","reservable":true,"campground":"CHICKEN CREEK","facilityId":"233457","electric":"50","water":"Yes","sewer":null,"maxPeople":8,"maxVehicleFt":32,"driveway":"Back-In","surface":"Gravel","shade":"Yes","pets":"Yes","url":"https://www.recreation.gov/camping/campsites/56759"}},{"type":"Feature","geometry":{"type":"Point","coordinates":[-94.962213,35.684251]},"properties":{"kind":"campsite","name":"011","loop":"CHICKEN CREEK ","siteType":"STANDARD ELECTRIC","reservable":true,"campground":"CHICKEN CREEK","facilityId":"233457","electric":"30","water":"Yes","sewer":null,"maxPeople":8,"maxVehicleFt":72,"driveway":"Back-In","surface":"Gravel","shade":"Yes","pets":"Yes","url":"https://www.recreation.gov/camping/campsites/56627"}},{"type":"Feature","geometry":{"type":"Point","coordinates":[-94.961836,35.682467]},"properties":{"kind":"campsite","name":"057","loop":"CHICKEN CREEK ","siteType":"STANDARD ELECTRIC","reservable":true,"campground":"CHICKEN CREEK","facilityId":"233457","electric":"30","water":null,"sewer":null,"maxPeople":8,"maxVehicleFt":62,"driveway":"Back-In","surface":"Gravel","shade":"Yes","pets":"Yes","url":"https://www.recreation.gov/camping/campsites/56187"}},{"type":"Feature","geometry":{"type":"Point","coordinates":[-94.961107,35.684613]},"properties":{"kind":"campsite","name":"004","loop":"CHICKEN CREEK ","siteType":"STANDARD ELECTRIC","reservable":true,"campground":"CHICKEN CREEK","facilityId":"233457","electric":"30","water":null,"sewer":null,"maxPeople":8,"maxVehicleFt":40,"driveway":"Back-In","surface":"Gravel","shade":"Full","pets":"Yes","url":"https://www.recreation.gov/camping/campsites/56608"}},{"type":"Feature","geometry":{"type":"Point","coordinates":[-94.963282,35.683589]},"properties":{"kind":"campsite","name":"025","loop":"CHICKEN CREEK ","siteType":"STANDARD ELECTRIC","reservable":true,"campground":"CHICKEN CREEK","facilityId":"233457","electric":"50","water":"Yes","sewer":null,"maxPeople":8,"maxVehicleFt":125,"driveway":null,"surface":"Gravel","shade":"Yes","pets":"Yes","url":"https://www.recreation.gov/camping/campsites/56664"}},{"type":"Feature","geometry":{"type":"Point","coordinates":[-94.963203,35.684338]},"properties":{"kind":"campsite","name":"016","loop":"CHICKEN CREEK ","siteType":"STANDARD ELECTRIC","reservable":true,"campground":"CHICKEN CREEK","facilityId":"233457","electric":"30","water":"Yes","sewer":null,"maxPeople":8,"maxVehicleFt":100,"driveway":"Back-In","surface":"Gravel","shade":"Full","pets":"Yes","url":"https://www.recreation.gov/camping/campsites/56541"}},{"type":"Feature","geometry":{"type":"Point","coordinates":[-94.961548,35.682841]},"properties":{"kind":"campsite","name":"063","loop":"CHICKEN CREEK ","siteType":"STANDARD ELECTRIC","reservable":true,"campground":"CHICKEN CREEK","facilityId":"233457","electric":"30","water":null,"sewer":null,"maxPeople":8,"maxVehicleFt":95,"driveway":"Back-In","surface":"Gravel","shade":"Full","pets":"Yes","url":"https://www.recreation.gov/camping/campsites/56352"}},{"type":"Feature","geometry":{"type":"Point","coordinates":[-94.964263,35.683854]},"properties":{"kind":"campsite","name":"033","loop":"CHICKEN CREEK ","siteType":"STANDARD ELECTRIC","reservable":true,"campground":"CHICKEN CREEK","facilityId":"233457","electric":"30","water":"Yes","sewer":null,"maxPeople":8,"maxVehicleFt":50,"driveway":"Back-In","surface":"Gravel","shade":"Yes","pets":"Yes","url":"https://www.recreation.gov/camping/campsites/56763"}},{"type":"Feature","geometry":{"type":"Point","coordinates":[-94.96306,35.682096]},"properties":{"kind":"campsite","name":"083","loop":"CHICKEN CREEK ","siteType":"STANDARD ELECTRIC","reservable":true,"campground":"CHICKEN CREEK","facilityId":"233457","electric":"50","water":"Yes","sewer":null,"maxPeople":8,"maxVehicleFt":66,"driveway":"Back-In","surface":"Gravel","shade":"Full","pets":"Yes","url":"https://www.recreation.gov/camping/campsites/56779"}},{"type":"Feature","geometry":{"type":"Point","coordinates":[-94.962949,35.683459]},"properties":{"kind":"campsite","name":"027","loop":"CHICKEN CREEK ","siteType":"STANDARD ELECTRIC","reservable":true,"campground":"CHICKEN CREEK","facilityId":"233457","electric":"30","water":"Yes","sewer":null,"maxPeople":8,"maxVehicleFt":50,"driveway":"Back-In","surface":"Gravel","shade":"Yes","pets":"Yes","url":"https://www.recreation.gov/camping/campsites/56260"}},{"type":"Feature","geometry":{"type":"Point","coordinates":[-94.963979,35.680861]},"properties":{"kind":"campsite","name":"095","loop":"CHICKEN CREEK ","siteType":"STANDARD ELECTRIC","reservable":true,"campground":"CHICKEN CREEK","facilityId":"233457","electric":"30","water":"Yes","sewer":null,"maxPeople":8,"maxVehicleFt":105,"driveway":null,"surface":"Gravel","shade":"Yes","pets":"Yes","url":"https://www.recreation.gov/camping/campsites/56317"}},{"type":"Feature","geometry":{"type":"Point","coordinates":[-94.961816,35.683113]},"properties":{"kind":"campsite","name":"045","loop":"CHICKEN CREEK ","siteType":"STANDARD ELECTRIC","reservable":true,"campground":"CHICKEN CREEK","facilityId":"233457","electric":"30","water":null,"sewer":null,"maxPeople":8,"maxVehicleFt":60,"driveway":"Back-In","surface":"Gravel","shade":"Yes","pets":"Yes","url":"https://www.recreation.gov/camping/campsites/56445"}},{"type":"Feature","geometry":{"type":"Point","coordinates":[-94.964066,35.683628]},"properties":{"kind":"campsite","name":"032","loop":"CHICKEN CREEK ","siteType":"STANDARD ELECTRIC","reservable":true,"campground":"CHICKEN CREEK","facilityId":"233457","electric":"30","water":"Yes","sewer":null,"maxPeople":8,"maxVehicleFt":145,"driveway":null,"surface":"Gravel","shade":"Yes","pets":"Yes","url":"https://www.recreation.gov/camping/campsites/56048"}},{"type":"Feature","geometry":{"type":"Point","coordinates":[-94.961204,35.682795]},"properties":{"kind":"campsite","name":"064","loop":"CHICKEN CREEK ","siteType":"STANDARD ELECTRIC","reservable":true,"campground":"CHICKEN CREEK","facilityId":"233457","electric":"30","water":"Yes","sewer":null,"maxPeople":8,"maxVehicleFt":52,"driveway":"Back-In","surface":"Gravel","shade":"Yes","pets":"Yes","url":"https://www.recreation.gov/camping/campsites/56040"}},{"type":"Feature","geometry":{"type":"Point","coordinates":[-94.962605,35.684344]},"properties":{"kind":"campsite","name":"013","loop":"CHICKEN CREEK ","siteType":"STANDARD ELECTRIC","reservable":true,"campground":"CHICKEN CREEK","facilityId":"233457","electric":"30","water":"Yes","sewer":null,"maxPeople":8,"maxVehicleFt":103,"driveway":"Back-In","surface":"Gravel","shade":"Full","pets":"Yes","url":"https://www.recreation.gov/camping/campsites/56324"}},{"type":"Feature","geometry":{"type":"Point","coordinates":[-94.961918,35.682639]},"properties":{"kind":"campsite","name":"058","loop":"CHICKEN CREEK ","siteType":"STANDARD ELECTRIC","reservable":true,"campground":"CHICKEN CREEK","facilityId":"233457","electric":"30","water":null,"sewer":null,"maxPeople":8,"maxVehicleFt":51,"driveway":"Back-In","surface":"Gravel","shade":"Yes","pets":"Yes","url":"https://www.recreation.gov/camping/campsites/56617"}},{"type":"Feature","geometry":{"type":"Point","coordinates":[-94.964521,35.682897]},"properties":{"kind":"campsite","name":"037","loop":"CHICKEN CREEK ","siteType":"STANDARD ELECTRIC","reservable":true,"campground":"CHICKEN CREEK","facilityId":"233457","electric":"30","water":"Yes","sewer":null,"maxPeople":8,"maxVehicleFt":71,"driveway":"Back-In","surface":"Gravel","shade":null,"pets":"Yes","url":"https://www.recreation.gov/camping/campsites/56482"}},{"type":"Feature","geometry":{"type":"Point","coordinates":[-94.963785,35.680968]},"properties":{"kind":"campsite","name":"096","loop":"CHICKEN CREEK ","siteType":"STANDARD ELECTRIC","reservable":true,"campground":"CHICKEN CREEK","facilityId":"233457","electric":"30","water":"Yes","sewer":null,"maxPeople":8,"maxVehicleFt":146,"driveway":null,"surface":"Gravel","shade":"Yes","pets":"Yes","url":"https://www.recreation.gov/camping/campsites/56214"}},{"type":"Feature","geometry":{"type":"Point","coordinates":[-94.962582,35.683111]},"properties":{"kind":"campsite","name":"049","loop":"CHICKEN CREEK ","siteType":"STANDARD ELECTRIC","reservable":true,"campground":"CHICKEN CREEK","facilityId":"233457","electric":"30","water":null,"sewer":null,"maxPeople":8,"maxVehicleFt":46,"driveway":"Back-In","surface":"Gravel","shade":"Full","pets":"Yes","url":"https://www.recreation.gov/camping/campsites/56930"}},{"type":"Feature","geometry":{"type":"Point","coordinates":[-94.964311,35.683365]},"properties":{"kind":"campsite","name":"035","loop":"CHICKEN CREEK ","siteType":"STANDARD ELECTRIC","reservable":true,"campground":"CHICKEN CREEK","facilityId":"233457","electric":"30","water":"Yes","sewer":null,"maxPeople":8,"maxVehicleFt":71,"driveway":"Back-In","surface":"Gravel","shade":"Full","pets":"Yes","url":"https://www.recreation.gov/camping/campsites/56618"}},{"type":"Feature","geometry":{"type":"Point","coordinates":[-94.963584,35.681181]},"properties":{"kind":"campsite","name":"091","loop":"CHICKEN CREEK ","siteType":"STANDARD ELECTRIC","reservable":true,"campground":"CHICKEN CREEK","facilityId":"233457","electric":"30","water":"Yes","sewer":null,"maxPeople":8,"maxVehicleFt":80,"driveway":"Back-In","surface":"Gravel","shade":"Yes","pets":"Yes","url":"https://www.recreation.gov/camping/campsites/56586"}},{"type":"Feature","geometry":{"type":"Point","coordinates":[-94.961324,35.684729]},"properties":{"kind":"campsite","name":"006","loop":"CHICKEN CREEK ","siteType":"STANDARD ELECTRIC","reservable":true,"campground":"CHICKEN CREEK","facilityId":"233457","electric":"30","water":null,"sewer":null,"maxPeople":8,"maxVehicleFt":60,"driveway":"Back-In","surface":"Gravel","shade":"Full","pets":"Yes","url":"https://www.recreation.gov/camping/campsites/56773"}},{"type":"Feature","geometry":{"type":"Point","coordinates":[-94.962019,35.684116]},"properties":{"kind":"campsite","name":"010","loop":"CHICKEN CREEK ","siteType":"STANDARD ELECTRIC","reservable":true,"campground":"CHICKEN CREEK","facilityId":"233457","electric":"30","water":null,"sewer":null,"maxPeople":8,"maxVehicleFt":50,"driveway":"Back-In","surface":"Gravel","shade":"Yes","pets":"Yes","url":"https://www.recreation.gov/camping/campsites/56299"}},{"type":"Feature","geometry":{"type":"Point","coordinates":[-94.963971,35.681415]},"properties":{"kind":"campsite","name":"077","loop":"CHICKEN CREEK ","siteType":"STANDARD ELECTRIC","reservable":true,"campground":"CHICKEN CREEK","facilityId":"233457","electric":"30","water":"Yes","sewer":null,"maxPeople":8,"maxVehicleFt":63,"driveway":"Back-In","surface":"Gravel","shade":"Full","pets":"Yes","url":"https://www.recreation.gov/camping/campsites/56849"}},{"type":"Feature","geometry":{"type":"Point","coordinates":[-94.961861,35.68436]},"properties":{"kind":"campsite","name":"008","loop":"CHICKEN CREEK ","siteType":"STANDARD ELECTRIC","reservable":true,"campground":"CHICKEN CREEK","facilityId":"233457","electric":"30","water":"Yes","sewer":null,"maxPeople":8,"maxVehicleFt":105,"driveway":"Back-In","surface":"Gravel","shade":"Full","pets":"Yes","url":"https://www.recreation.gov/camping/campsites/56344"}},{"type":"Feature","geometry":{"type":"Point","coordinates":[-94.960875,35.684498]},"properties":{"kind":"campsite","name":"003","loop":"CHICKEN CREEK ","siteType":"STANDARD ELECTRIC","reservable":true,"campground":"CHICKEN CREEK","facilityId":"233457","electric":"30","water":null,"sewer":null,"maxPeople":8,"maxVehicleFt":60,"driveway":"Back-In","surface":"Gravel","shade":"Full","pets":"Yes","url":"https://www.recreation.gov/camping/campsites/56407"}},{"type":"Feature","geometry":{"type":"Point","coordinates":[-94.964281,35.681669]},"properties":{"kind":"campsite","name":"071","loop":"CHICKEN CREEK ","siteType":"STANDARD ELECTRIC","reservable":true,"campground":"CHICKEN CREEK","facilityId":"233457","electric":"30","water":null,"sewer":null,"maxPeople":8,"maxVehicleFt":67,"driveway":"Back-In","surface":"Gravel","shade":"Yes","pets":"Yes","url":"https://www.recreation.gov/camping/campsites/56989"}},{"type":"Feature","geometry":{"type":"Point","coordinates":[-94.962584,35.682954]},"properties":{"kind":"campsite","name":"050","loop":"CHICKEN CREEK ","siteType":"STANDARD ELECTRIC","reservable":true,"campground":"CHICKEN CREEK","facilityId":"233457","electric":"30","water":"Yes","sewer":null,"maxPeople":8,"maxVehicleFt":32,"driveway":"Back-In","surface":"Gravel","shade":"Full","pets":"Yes","url":"https://www.recreation.gov/camping/campsites/56166"}},{"type":"Feature","geometry":{"type":"Point","coordinates":[-94.961778,35.682795]},"properties":{"kind":"campsite","name":"060","loop":"CHICKEN CREEK ","siteType":"STANDARD ELECTRIC","reservable":true,"campground":"CHICKEN CREEK","facilityId":"233457","electric":"30","water":null,"sewer":null,"maxPeople":8,"maxVehicleFt":97,"driveway":"Back-In","surface":"Gravel","shade":"Full","pets":"Yes","url":"https://www.recreation.gov/camping/campsites/56505"}},{"type":"Feature","geometry":{"type":"Point","coordinates":[-94.964106,35.681053]},"properties":{"kind":"campsite","name":"094","loop":"CHICKEN CREEK ","siteType":"STANDARD ELECTRIC","reservable":true,"campground":"CHICKEN CREEK","facilityId":"233457","electric":"30","water":"Yes","sewer":null,"maxPeople":8,"maxVehicleFt":67,"driveway":"Back-In","surface":"Gravel","shade":"Yes","pets":"Yes","url":"https://www.recreation.gov/camping/campsites/56868"}},{"type":"Feature","geometry":{"type":"Point","coordinates":[-94.961949,35.683351]},"properties":{"kind":"campsite","name":"044","loop":"CHICKEN CREEK ","siteType":"STANDARD ELECTRIC","reservable":true,"campground":"CHICKEN CREEK","facilityId":"233457","electric":"50","water":"Yes","sewer":null,"maxPeople":8,"maxVehicleFt":88,"driveway":"Back-In","surface":"Gravel","shade":"Yes","pets":"Yes","url":"https://www.recreation.gov/camping/campsites/56255"}},{"type":"Feature","geometry":{"type":"Point","coordinates":[-94.96335,35.683023]},"properties":{"kind":"campsite","name":"041","loop":"CHICKEN CREEK ","siteType":"STANDARD ELECTRIC","reservable":true,"campground":"CHICKEN CREEK","facilityId":"233457","electric":"30","water":null,"sewer":null,"maxPeople":8,"maxVehicleFt":43,"driveway":"Back-In","surface":"Gravel","shade":null,"pets":"Yes","url":"https://www.recreation.gov/camping/campsites/56229"}},{"type":"Feature","geometry":{"type":"Point","coordinates":[-94.963231,35.683418]},"properties":{"kind":"campsite","name":"028","loop":"CHICKEN CREEK ","siteType":"STANDARD ELECTRIC","reservable":true,"campground":"CHICKEN CREEK","facilityId":"233457","electric":"30","water":"Yes","sewer":null,"maxPeople":8,"maxVehicleFt":90,"driveway":"Back-In","surface":"Gravel","shade":"Yes","pets":"Yes","url":"https://www.recreation.gov/camping/campsites/56241"}},{"type":"Feature","geometry":{"type":"Point","coordinates":[-94.962775,35.683707]},"properties":{"kind":"campsite","name":"S002","loop":"CHICKEN CREEK ","siteType":"GROUP SHELTER NONELECTRIC","reservable":true,"campground":"CHICKEN CREEK","facilityId":"233457","electric":null,"water":"Y","sewer":null,"maxPeople":50,"maxVehicleFt":0,"driveway":"Back-In","surface":"Gravel","shade":"Yes","pets":"Yes","url":"https://www.recreation.gov/camping/campsites/56267"}},{"type":"Feature","geometry":{"type":"Point","coordinates":[-94.962919,35.684379]},"properties":{"kind":"campsite","name":"017","loop":"CHICKEN CREEK ","siteType":"STANDARD ELECTRIC","reservable":true,"campground":"CHICKEN CREEK","facilityId":"233457","electric":"30","water":"Yes","sewer":null,"maxPeople":8,"maxVehicleFt":45,"driveway":"Back-In","surface":"Gravel","shade":"Yes","pets":"Yes","url":"https://www.recreation.gov/camping/campsites/56398"}},{"type":"Feature","geometry":{"type":"Point","coordinates":[-94.963328,35.684666]},"properties":{"kind":"campsite","name":"018","loop":"CHICKEN CREEK ","siteType":"STANDARD ELECTRIC","reservable":true,"campground":"CHICKEN CREEK","facilityId":"233457","electric":"30","water":"Yes","sewer":null,"maxPeople":8,"maxVehicleFt":65,"driveway":"Back-In","surface":"Gravel","shade":"Yes","pets":"Yes","url":"https://www.recreation.gov/camping/campsites/56142"}},{"type":"Feature","geometry":{"type":"Point","coordinates":[-95.27789787,35.87890279]},"properties":{"kind":"facility","name":"Wahoo Bay","facilityId":"248240","phone":null,"reservable":false,"url":"https://www.recreation.gov/camping/campgrounds/248240"}},{"type":"Feature","geometry":{"type":"Point","coordinates":[-95.2336111,35.8677778]},"properties":{"kind":"campground","name":"DAM SITE (FORT GIBSON LAKE)","facilityId":"233480","phone":"918-682-4314","reservable":true,"url":"https://www.recreation.gov/camping/campgrounds/233480"}},{"type":"Feature","geometry":{"type":"Point","coordinates":[-95.23295,35.86743]},"properties":{"kind":"campsite","name":"DS Shelter","loop":"Main","siteType":"GROUP SHELTER NONELECTRIC","reservable":true,"campground":"DAM SITE (FORT GIBSON LAKE)","facilityId":"233480","electric":null,"water":"Yes","sewer":null,"maxPeople":25,"maxVehicleFt":0,"driveway":null,"surface":null,"shade":null,"pets":null,"url":"https://www.recreation.gov/camping/campsites/10367611"}},{"type":"Feature","geometry":{"type":"Point","coordinates":[-95.22977,35.86499]},"properties":{"kind":"campsite","name":"30","loop":"Main","siteType":"STANDARD NONELECTRIC","reservable":true,"campground":"DAM SITE (FORT GIBSON LAKE)","facilityId":"233480","electric":null,"water":"No","sewer":null,"maxPeople":8,"maxVehicleFt":0,"driveway":null,"surface":null,"shade":null,"pets":null,"url":"https://www.recreation.gov/camping/campsites/10367601"}},{"type":"Feature","geometry":{"type":"Point","coordinates":[-95.23035,35.86507]},"properties":{"kind":"campsite","name":"14","loop":"Main","siteType":"STANDARD NONELECTRIC","reservable":true,"campground":"DAM SITE (FORT GIBSON LAKE)","facilityId":"233480","electric":null,"water":"No","sewer":null,"maxPeople":8,"maxVehicleFt":0,"driveway":null,"surface":null,"shade":null,"pets":null,"url":"https://www.recreation.gov/camping/campsites/10367594"}},{"type":"Feature","geometry":{"type":"Point","coordinates":[-95.22948,35.86452]},"properties":{"kind":"campsite","name":"24","loop":"Main","siteType":"STANDARD NONELECTRIC","reservable":true,"campground":"DAM SITE (FORT GIBSON LAKE)","facilityId":"233480","electric":null,"water":"No","sewer":null,"maxPeople":8,"maxVehicleFt":0,"driveway":null,"surface":null,"shade":null,"pets":null,"url":"https://www.recreation.gov/camping/campsites/10367596"}},{"type":"Feature","geometry":{"type":"Point","coordinates":[-95.22994,35.86486]},"properties":{"kind":"campsite","name":"27","loop":"Main","siteType":"STANDARD NONELECTRIC","reservable":true,"campground":"DAM SITE (FORT GIBSON LAKE)","facilityId":"233480","electric":null,"water":"No","sewer":null,"maxPeople":8,"maxVehicleFt":0,"driveway":null,"surface":null,"shade":null,"pets":null,"url":"https://www.recreation.gov/camping/campsites/10367599"}},{"type":"Feature","geometry":{"type":"Point","coordinates":[-95.23068,35.86584]},"properties":{"kind":"campsite","name":"40","loop":"Main","siteType":"STANDARD NONELECTRIC","reservable":true,"campground":"DAM SITE (FORT GIBSON LAKE)","facilityId":"233480","electric":null,"water":"No","sewer":null,"maxPeople":8,"maxVehicleFt":0,"driveway":null,"surface":null,"shade":null,"pets":null,"url":"https://www.recreation.gov/camping/campsites/10367603"}},{"type":"Feature","geometry":{"type":"Point","coordinates":[-95.2296,35.86471]},"properties":{"kind":"campsite","name":"26","loop":"Main","siteType":"STANDARD NONELECTRIC","reservable":true,"campground":"DAM SITE (FORT GIBSON LAKE)","facilityId":"233480","electric":null,"water":"No","sewer":null,"maxPeople":8,"maxVehicleFt":0,"driveway":null,"surface":null,"shade":null,"pets":null,"url":"https://www.recreation.gov/camping/campsites/10367598"}},{"type":"Feature","geometry":{"type":"Point","coordinates":[-95.23138,35.86605]},"properties":{"kind":"campsite","name":"5","loop":"Main","siteType":"STANDARD NONELECTRIC","reservable":true,"campground":"DAM SITE (FORT GIBSON LAKE)","facilityId":"233480","electric":null,"water":"No","sewer":null,"maxPeople":8,"maxVehicleFt":0,"driveway":null,"surface":null,"shade":null,"pets":null,"url":"https://www.recreation.gov/camping/campsites/10367590"}},{"type":"Feature","geometry":{"type":"Point","coordinates":[-95.23117,35.86612]},"properties":{"kind":"campsite","name":"4","loop":"Main","siteType":"STANDARD NONELECTRIC","reservable":true,"campground":"DAM SITE (FORT GIBSON LAKE)","facilityId":"233480","electric":null,"water":"No","sewer":null,"maxPeople":8,"maxVehicleFt":0,"driveway":null,"surface":null,"shade":null,"pets":null,"url":"https://www.recreation.gov/camping/campsites/10367589"}},{"type":"Feature","geometry":{"type":"Point","coordinates":[-95.23148,35.8662]},"properties":{"kind":"campsite","name":"3","loop":"Main","siteType":"STANDARD NONELECTRIC","reservable":true,"campground":"DAM SITE (FORT GIBSON LAKE)","facilityId":"233480","electric":null,"water":"No","sewer":null,"maxPeople":8,"maxVehicleFt":0,"driveway":null,"surface":null,"shade":null,"pets":null,"url":"https://www.recreation.gov/camping/campsites/10367588"}},{"type":"Feature","geometry":{"type":"Point","coordinates":[-95.23018,35.86559]},"properties":{"kind":"campsite","name":"36","loop":"Main","siteType":"STANDARD NONELECTRIC","reservable":true,"campground":"DAM SITE (FORT GIBSON LAKE)","facilityId":"233480","electric":null,"water":"No","sewer":null,"maxPeople":8,"maxVehicleFt":0,"driveway":null,"surface":null,"shade":null,"pets":null,"url":"https://www.recreation.gov/camping/campsites/10367606"}},{"type":"Feature","geometry":{"type":"Point","coordinates":[-95.23044,35.86587]},"properties":{"kind":"campsite","name":"38","loop":"Main","siteType":"STANDARD NONELECTRIC","reservable":true,"campground":"DAM SITE (FORT GIBSON LAKE)","facilityId":"233480","electric":null,"water":"No","sewer":null,"maxPeople":8,"maxVehicleFt":0,"driveway":null,"surface":null,"shade":null,"pets":null,"url":"https://www.recreation.gov/camping/campsites/10367608"}},{"type":"Feature","geometry":{"type":"Point","coordinates":[-95.22972,35.86433]},"properties":{"kind":"campsite","name":"25","loop":"Main","siteType":"STANDARD NONELECTRIC","reservable":true,"campground":"DAM SITE (FORT GIBSON LAKE)","facilityId":"233480","electric":null,"water":"No","sewer":null,"maxPeople":8,"maxVehicleFt":0,"driveway":null,"surface":null,"shade":null,"pets":null,"url":"https://www.recreation.gov/camping/campsites/10367597"}},{"type":"Feature","geometry":{"type":"Point","coordinates":[-95.22941,35.8642]},"properties":{"kind":"campsite","name":"23","loop":"Main","siteType":"STANDARD NONELECTRIC","reservable":true,"campground":"DAM SITE (FORT GIBSON LAKE)","facilityId":"233480","electric":null,"water":"No","sewer":null,"maxPeople":8,"maxVehicleFt":0,"driveway":null,"surface":null,"shade":null,"pets":null,"url":"https://www.recreation.gov/camping/campsites/10367595"}},{"type":"Feature","geometry":{"type":"Point","coordinates":[-95.23135,35.86591]},"properties":{"kind":"campsite","name":"7","loop":"Main","siteType":"STANDARD NONELECTRIC","reservable":true,"campground":"DAM SITE (FORT GIBSON LAKE)","facilityId":"233480","electric":null,"water":"No","sewer":null,"maxPeople":8,"maxVehicleFt":0,"driveway":null,"surface":null,"shade":null,"pets":null,"url":"https://www.recreation.gov/camping/campsites/10367592"}},{"type":"Feature","geometry":{"type":"Point","coordinates":[-95.23011,35.86547]},"properties":{"kind":"campsite","name":"35","loop":"Main","siteType":"STANDARD NONELECTRIC","reservable":true,"campground":"DAM SITE (FORT GIBSON LAKE)","facilityId":"233480","electric":null,"water":"No","sewer":null,"maxPeople":8,"maxVehicleFt":0,"driveway":null,"surface":null,"shade":null,"pets":null,"url":"https://www.recreation.gov/camping/campsites/10367605"}},{"type":"Feature","geometry":{"type":"Point","coordinates":[-95.23129,35.86641]},"properties":{"kind":"campsite","name":"43","loop":"Main","siteType":"STANDARD NONELECTRIC","reservable":true,"campground":"DAM SITE (FORT GIBSON LAKE)","facilityId":"233480","electric":null,"water":"No","sewer":null,"maxPeople":8,"maxVehicleFt":0,"driveway":null,"surface":null,"shade":null,"pets":null,"url":"https://www.recreation.gov/camping/campsites/10367610"}},{"type":"Feature","geometry":{"type":"Point","coordinates":[-95.23006,35.86513]},"properties":{"kind":"campsite","name":"34","loop":"Main","siteType":"STANDARD NONELECTRIC","reservable":true,"campground":"DAM SITE (FORT GIBSON LAKE)","facilityId":"233480","electric":null,"water":"No","sewer":null,"maxPeople":8,"maxVehicleFt":0,"driveway":null,"surface":null,"shade":null,"pets":null,"url":"https://www.recreation.gov/camping/campsites/10367604"}},{"type":"Feature","geometry":{"type":"Point","coordinates":[-95.22972,35.86483]},"properties":{"kind":"campsite","name":"28","loop":"Main","siteType":"STANDARD NONELECTRIC","reservable":true,"campground":"DAM SITE (FORT GIBSON LAKE)","facilityId":"233480","electric":null,"water":"No","sewer":null,"maxPeople":8,"maxVehicleFt":0,"driveway":null,"surface":null,"shade":null,"pets":null,"url":"https://www.recreation.gov/camping/campsites/10367600"}},{"type":"Feature","geometry":{"type":"Point","coordinates":[-95.23107,35.86597]},"properties":{"kind":"campsite","name":"6","loop":"Main","siteType":"STANDARD NONELECTRIC","reservable":true,"campground":"DAM SITE (FORT GIBSON LAKE)","facilityId":"233480","electric":null,"water":"No","sewer":null,"maxPeople":8,"maxVehicleFt":0,"driveway":null,"surface":null,"shade":null,"pets":null,"url":"https://www.recreation.gov/camping/campsites/10367591"}},{"type":"Feature","geometry":{"type":"Point","coordinates":[-95.23124,35.86575]},"properties":{"kind":"campsite","name":"9","loop":"Main","siteType":"STANDARD NONELECTRIC","reservable":true,"campground":"DAM SITE (FORT GIBSON LAKE)","facilityId":"233480","electric":null,"water":"No","sewer":null,"maxPeople":8,"maxVehicleFt":0,"driveway":null,"surface":null,"shade":null,"pets":null,"url":"https://www.recreation.gov/camping/campsites/10367593"}},{"type":"Feature","geometry":{"type":"Point","coordinates":[-95.2316,35.86636]},"properties":{"kind":"campsite","name":"1","loop":"Main","siteType":"STANDARD NONELECTRIC","reservable":true,"campground":"DAM SITE (FORT GIBSON LAKE)","facilityId":"233480","electric":null,"water":"No","sewer":null,"maxPeople":8,"maxVehicleFt":0,"driveway":null,"surface":null,"shade":null,"pets":null,"url":"https://www.recreation.gov/camping/campsites/10367587"}},{"type":"Feature","geometry":{"type":"Point","coordinates":[-95.22985,35.8652]},"properties":{"kind":"campsite","name":"31","loop":"Main","siteType":"STANDARD NONELECTRIC","reservable":true,"campground":"DAM SITE (FORT GIBSON LAKE)","facilityId":"233480","electric":null,"water":"No","sewer":null,"maxPeople":8,"maxVehicleFt":0,"driveway":null,"surface":null,"shade":null,"pets":null,"url":"https://www.recreation.gov/camping/campsites/10367602"}},{"type":"Feature","geometry":{"type":"Point","coordinates":[-95.23031,35.86574]},"properties":{"kind":"campsite","name":"37","loop":"Main","siteType":"STANDARD NONELECTRIC","reservable":true,"campground":"DAM SITE (FORT GIBSON LAKE)","facilityId":"233480","electric":null,"water":"No","sewer":null,"maxPeople":8,"maxVehicleFt":0,"driveway":null,"surface":null,"shade":null,"pets":null,"url":"https://www.recreation.gov/camping/campsites/10367607"}},{"type":"Feature","geometry":{"type":"Point","coordinates":[-95.23535,35.86545]},"properties":{"kind":"campsite","name":"OL Shelter","loop":"Overlook","siteType":"GROUP SHELTER ELECTRIC","reservable":true,"campground":"DAM SITE (FORT GIBSON LAKE)","facilityId":"233480","electric":null,"water":"Yes","sewer":null,"maxPeople":75,"maxVehicleFt":0,"driveway":null,"surface":null,"shade":null,"pets":null,"url":"https://www.recreation.gov/camping/campsites/10367612"}},{"type":"Feature","geometry":{"type":"Point","coordinates":[-95.23053,35.86555]},"properties":{"kind":"campsite","name":"39","loop":"Main","siteType":"STANDARD NONELECTRIC","reservable":true,"campground":"DAM SITE (FORT GIBSON LAKE)","facilityId":"233480","electric":null,"water":"No","sewer":null,"maxPeople":8,"maxVehicleFt":0,"driveway":null,"surface":null,"shade":null,"pets":null,"url":"https://www.recreation.gov/camping/campsites/10367609"}},{"type":"Feature","geometry":{"type":"Point","coordinates":[-94.9722222,35.6475]},"properties":{"kind":"campground","name":"SNAKE CREEK","facilityId":"233632","phone":"918-487-5252","reservable":true,"url":"https://www.recreation.gov/camping/campgrounds/233632"}},{"type":"Feature","geometry":{"type":"Point","coordinates":[-94.9751,35.650979]},"properties":{"kind":"campsite","name":"101","loop":"0512","siteType":"STANDARD ELECTRIC","reservable":true,"campground":"SNAKE CREEK","facilityId":"233632","electric":"30","water":null,"sewer":null,"maxPeople":8,"maxVehicleFt":0,"driveway":"Back-In","surface":"Gravel","shade":"Full","pets":"Yes","url":"https://www.recreation.gov/camping/campsites/37572"}},{"type":"Feature","geometry":{"type":"Point","coordinates":[-94.975426,35.651079]},"properties":{"kind":"campsite","name":"103","loop":"0512","siteType":"STANDARD ELECTRIC","reservable":true,"campground":"SNAKE CREEK","facilityId":"233632","electric":"30","water":null,"sewer":null,"maxPeople":8,"maxVehicleFt":0,"driveway":"Back-In","surface":"Gravel","shade":"Full","pets":"Yes","url":"https://www.recreation.gov/camping/campsites/37003"}},{"type":"Feature","geometry":{"type":"Point","coordinates":[-94.975259,35.65093]},"properties":{"kind":"campsite","name":"102","loop":"0512","siteType":"STANDARD ELECTRIC","reservable":true,"campground":"SNAKE CREEK","facilityId":"233632","electric":"30","water":null,"sewer":null,"maxPeople":8,"maxVehicleFt":0,"driveway":"Back-In","surface":"Gravel","shade":"Full","pets":"Yes","url":"https://www.recreation.gov/camping/campsites/37674"}},{"type":"Feature","geometry":{"type":"Point","coordinates":[-94.974593,35.650738]},"properties":{"kind":"campsite","name":"098","loop":"0512","siteType":"STANDARD ELECTRIC","reservable":true,"campground":"SNAKE CREEK","facilityId":"233632","electric":"30","water":null,"sewer":null,"maxPeople":8,"maxVehicleFt":0,"driveway":"Back-In","surface":"Gravel","shade":"Yes","pets":"Yes","url":"https://www.recreation.gov/camping/campsites/37235"}},{"type":"Feature","geometry":{"type":"Point","coordinates":[-94.975641,35.650885]},"properties":{"kind":"campsite","name":"105","loop":"0512","siteType":"STANDARD ELECTRIC","reservable":true,"campground":"SNAKE CREEK","facilityId":"233632","electric":"30","water":null,"sewer":null,"maxPeople":8,"maxVehicleFt":0,"driveway":"Back-In","surface":"Gravel","shade":"Full","pets":"Yes","url":"https://www.recreation.gov/camping/campsites/37966"}},{"type":"Feature","geometry":{"type":"Point","coordinates":[-94.972779,35.648042]},"properties":{"kind":"campsite","name":"042","loop":"0512","siteType":"STANDARD ELECTRIC","reservable":true,"campground":"SNAKE CREEK","facilityId":"233632","electric":"30","water":null,"sewer":null,"maxPeople":8,"maxVehicleFt":0,"driveway":"Back-In","surface":"Gravel","shade":"Full","pets":"Yes","url":"https://www.recreation.gov/camping/campsites/37094"}},{"type":"Feature","geometry":{"type":"Point","coordinates":[-94.975407,35.650731]},"properties":{"kind":"campsite","name":"106","loop":"0512","siteType":"STANDARD ELECTRIC","reservable":true,"campground":"SNAKE CREEK","facilityId":"233632","electric":"30","water":null,"sewer":null,"maxPeople":8,"maxVehicleFt":0,"driveway":"Back-In","surface":"Gravel","shade":"Yes","pets":"Yes","url":"https://www.recreation.gov/camping/campsites/37194"}},{"type":"Feature","geometry":{"type":"Point","coordinates":[-94.970542,35.648252]},"properties":{"kind":"campsite","name":"014","loop":"SCRE","siteType":"STANDARD ELECTRIC","reservable":true,"campground":"SNAKE CREEK","facilityId":"233632","electric":"30","water":null,"sewer":null,"maxPeople":8,"maxVehicleFt":0,"driveway":"Back-In","surface":"Gravel","shade":"Full","pets":"Yes","url":"https://www.recreation.gov/camping/campsites/37044"}},{"type":"Feature","geometry":{"type":"Point","coordinates":[-94.972585,35.647048]},"properties":{"kind":"campsite","name":"025","loop":"SCRE","siteType":"STANDARD ELECTRIC","reservable":true,"campground":"SNAKE CREEK","facilityId":"233632","electric":"30","water":null,"sewer":null,"maxPeople":8,"maxVehicleFt":0,"driveway":null,"surface":"Gravel","shade":null,"pets":"Yes","url":"https://www.recreation.gov/camping/campsites/37941"}},{"type":"Feature","geometry":{"type":"Point","coordinates":[-94.971712,35.648768]},"properties":{"kind":"campsite","name":"056","loop":"0512","siteType":"STANDARD ELECTRIC","reservable":true,"campground":"SNAKE CREEK","facilityId":"233632","electric":"30","water":null,"sewer":null,"maxPeople":8,"maxVehicleFt":0,"driveway":"Back-In","surface":"Gravel","shade":null,"pets":"Yes","url":"https://www.recreation.gov/camping/campsites/37831"}},{"type":"Feature","geometry":{"type":"Point","coordinates":[-94.972737,35.647081]},"properties":{"kind":"campsite","name":"026","loop":"SCRE","siteType":"STANDARD ELECTRIC","reservable":true,"campground":"SNAKE CREEK","facilityId":"233632","electric":"30","water":null,"sewer":null,"maxPeople":8,"maxVehicleFt":0,"driveway":null,"surface":"Gravel","shade":null,"pets":"Yes","url":"https://www.recreation.gov/camping/campsites/37632"}},{"type":"Feature","geometry":{"type":"Point","coordinates":[-94.97202,35.648966]},"properties":{"kind":"campsite","name":"058","loop":"0512","siteType":"STANDARD ELECTRIC","reservable":true,"campground":"SNAKE CREEK","facilityId":"233632","electric":"30","water":null,"sewer":null,"maxPeople":8,"maxVehicleFt":0,"driveway":"Back-In","surface":"Gravel","shade":"Full","pets":"Yes","url":"https://www.recreation.gov/camping/campsites/37084"}},{"type":"Feature","geometry":{"type":"Point","coordinates":[-94.970254,35.648461]},"properties":{"kind":"campsite","name":"012","loop":"SCRE","siteType":"STANDARD ELECTRIC","reservable":true,"campground":"SNAKE CREEK","facilityId":"233632","electric":"30","water":null,"sewer":null,"maxPeople":8,"maxVehicleFt":0,"driveway":"Back-In","surface":"Gravel","shade":"Full","pets":"Yes","url":"https://www.recreation.gov/camping/campsites/29553"}},{"type":"Feature","geometry":{"type":"Point","coordinates":[-94.97273,35.650703]},"properties":{"kind":"campsite","name":"083","loop":"0512","siteType":"STANDARD ELECTRIC","reservable":true,"campground":"SNAKE CREEK","facilityId":"233632","electric":"30","water":null,"sewer":null,"maxPeople":8,"maxVehicleFt":0,"driveway":"Back-In","surface":"Gravel","shade":null,"pets":"Yes","url":"https://www.recreation.gov/camping/campsites/37358"}},{"type":"Feature","geometry":{"type":"Point","coordinates":[-94.971918,35.647298]},"properties":{"kind":"campsite","name":"021","loop":"SCRE","siteType":"STANDARD ELECTRIC","reservable":true,"campground":"SNAKE CREEK","facilityId":"233632","electric":"30","water":null,"sewer":null,"maxPeople":8,"maxVehicleFt":0,"driveway":null,"surface":"Gravel","shade":null,"pets":"Yes","url":"https://www.recreation.gov/camping/campsites/37671"}},{"type":"Feature","geometry":{"type":"Point","coordinates":[-94.97597,35.65106]},"properties":{"kind":"campsite","name":"S003","loop":"0512","siteType":"GROUP SHELTER ELECTRIC","reservable":true,"campground":"SNAKE CREEK","facilityId":"233632","electric":"30","water":"Y","sewer":null,"maxPeople":50,"maxVehicleFt":0,"driveway":"Back-In","surface":"Gravel","shade":"Yes","pets":"Yes","url":"https://www.recreation.gov/camping/campsites/37692"}},{"type":"Feature","geometry":{"type":"Point","coordinates":[-94.972656,35.647381]},"properties":{"kind":"campsite","name":"035","loop":"0512","siteType":"STANDARD ELECTRIC","reservable":true,"campground":"SNAKE CREEK","facilityId":"233632","electric":"30","water":null,"sewer":null,"maxPeople":8,"maxVehicleFt":0,"driveway":"Back-In","surface":"Gravel","shade":"Yes","pets":"Yes","url":"https://www.recreation.gov/camping/campsites/37872"}},{"type":"Feature","geometry":{"type":"Point","coordinates":[-94.974911,35.65061]},"properties":{"kind":"campsite","name":"108","loop":"0512","siteType":"STANDARD ELECTRIC","reservable":true,"campground":"SNAKE CREEK","facilityId":"233632","electric":"30","water":null,"sewer":null,"maxPeople":8,"maxVehicleFt":0,"driveway":"Back-In","surface":"Gravel","shade":null,"pets":"Yes","url":"https://www.recreation.gov/camping/campsites/37349"}},{"type":"Feature","geometry":{"type":"Point","coordinates":[-94.97107,35.649951]},"properties":{"kind":"campsite","name":"075","loop":"SCRE","siteType":"STANDARD ELECTRIC","reservable":true,"campground":"SNAKE CREEK","facilityId":"233632","electric":"30","water":"Yes","sewer":"Yes","maxPeople":8,"maxVehicleFt":0,"driveway":"Back-In","surface":"Paved","shade":"Full","pets":"Yes","url":"https://www.recreation.gov/camping/campsites/37962"}},{"type":"Feature","geometry":{"type":"Point","coordinates":[-94.974947,35.650922]},"properties":{"kind":"campsite","name":"100","loop":"0512","siteType":"STANDARD ELECTRIC","reservable":true,"campground":"SNAKE CREEK","facilityId":"233632","electric":"30","water":null,"sewer":null,"maxPeople":8,"maxVehicleFt":0,"driveway":"Back-In","surface":"Gravel","shade":"Full","pets":"Yes","url":"https://www.recreation.gov/camping/campsites/37636"}},{"type":"Feature","geometry":{"type":"Point","coordinates":[-94.97241,35.647052]},"properties":{"kind":"campsite","name":"024","loop":"SCRE","siteType":"STANDARD ELECTRIC","reservable":true,"campground":"SNAKE CREEK","facilityId":"233632","electric":"30","water":null,"sewer":null,"maxPeople":8,"maxVehicleFt":0,"driveway":null,"surface":"Gravel","shade":"Yes","pets":"Yes","url":"https://www.recreation.gov/camping/campsites/37834"}},{"type":"Feature","geometry":{"type":"Point","coordinates":[-94.97084,35.648515]},"properties":{"kind":"campsite","name":"004","loop":"SCRE","siteType":"STANDARD ELECTRIC","reservable":true,"campground":"SNAKE CREEK","facilityId":"233632","electric":"30","water":null,"sewer":null,"maxPeople":8,"maxVehicleFt":0,"driveway":"Back-In","surface":"Gravel","shade":"Full","pets":"Yes","url":"https://www.recreation.gov/camping/campsites/37356"}},{"type":"Feature","geometry":{"type":"Point","coordinates":[-94.975231,35.650707]},"properties":{"kind":"campsite","name":"107","loop":"0512","siteType":"STANDARD ELECTRIC","reservable":true,"campground":"SNAKE CREEK","facilityId":"233632","electric":"30","water":null,"sewer":null,"maxPeople":8,"maxVehicleFt":0,"driveway":"Back-In","surface":"Gravel","shade":null,"pets":"Yes","url":"https://www.recreation.gov/camping/campsites/37700"}},{"type":"Feature","geometry":{"type":"Point","coordinates":[-94.972523,35.648681]},"properties":{"kind":"campsite","name":"049","loop":"0512","siteType":"STANDARD ELECTRIC","reservable":true,"campground":"SNAKE CREEK","facilityId":"233632","electric":"50","water":null,"sewer":null,"maxPeople":8,"maxVehicleFt":0,"driveway":"Back-In","surface":"Gravel","shade":"Full","pets":"Yes","url":"https://www.recreation.gov/camping/campsites/37951"}},{"type":"Feature","geometry":{"type":"Point","coordinates":[-94.971923,35.649524]},"properties":{"kind":"campsite","name":"072","loop":"SCRE","siteType":"STANDARD ELECTRIC","reservable":true,"campground":"SNAKE CREEK","facilityId":"233632","electric":"30","water":null,"sewer":null,"maxPeople":8,"maxVehicleFt":0,"driveway":"Back-In","surface":"Paved","shade":"Yes","pets":"Yes","url":"https://www.recreation.gov/camping/campsites/37593"}},{"type":"Feature","geometry":{"type":"Point","coordinates":[-94.970974,35.649859]},"properties":{"kind":"campsite","name":"076","loop":"0512","siteType":"STANDARD ELECTRIC","reservable":true,"campground":"SNAKE CREEK","facilityId":"233632","electric":"30","water":"Yes","sewer":"Yes","maxPeople":8,"maxVehicleFt":0,"driveway":"Back-In","surface":"Paved","shade":"Full","pets":"Yes","url":"https://www.recreation.gov/camping/campsites/37996"}},{"type":"Feature","geometry":{"type":"Point","coordinates":[-94.971391,35.647685]},"properties":{"kind":"campsite","name":"019","loop":"SCRE","siteType":"STANDARD ELECTRIC","reservable":true,"campground":"SNAKE CREEK","facilityId":"233632","electric":"30","water":null,"sewer":null,"maxPeople":8,"maxVehicleFt":0,"driveway":"Back-In","surface":"Gravel","shade":"Yes","pets":"Yes","url":"https://www.recreation.gov/camping/campsites/37157"}},{"type":"Feature","geometry":{"type":"Point","coordinates":[-94.971595,35.64955]},"properties":{"kind":"campsite","name":"074","loop":"SCRE","siteType":"STANDARD ELECTRIC","reservable":true,"campground":"SNAKE CREEK","facilityId":"233632","electric":"30","water":null,"sewer":null,"maxPeople":8,"maxVehicleFt":0,"driveway":"Back-In","surface":"Paved","shade":"Full","pets":"Yes","url":"https://www.recreation.gov/camping/campsites/37512"}},{"type":"Feature","geometry":{"type":"Point","coordinates":[-94.974493,35.650952]},"properties":{"kind":"campsite","name":"092","loop":"0512","siteType":"STANDARD ELECTRIC","reservable":true,"campground":"SNAKE CREEK","facilityId":"233632","electric":"30","water":null,"sewer":null,"maxPeople":8,"maxVehicleFt":0,"driveway":"Back-In","surface":"Gravel","shade":"Yes","pets":"Yes","url":"https://www.recreation.gov/camping/campsites/37271"}},{"type":"Feature","geometry":{"type":"Point","coordinates":[-94.972273,35.647788]},"properties":{"kind":"campsite","name":"044","loop":"0512","siteType":"STANDARD ELECTRIC","reservable":true,"campground":"SNAKE CREEK","facilityId":"233632","electric":"30","water":null,"sewer":null,"maxPeople":8,"maxVehicleFt":0,"driveway":"Back-In","surface":"Gravel","shade":"Full","pets":"Yes","url":"https://www.recreation.gov/camping/campsites/37241"}},{"type":"Feature","geometry":{"type":"Point","coordinates":[-94.973565,35.65032]},"properties":{"kind":"campsite","name":"079","loop":"0512","siteType":"STANDARD ELECTRIC","reservable":true,"campground":"SNAKE CREEK","facilityId":"233632","electric":"30","water":null,"sewer":null,"maxPeople":8,"maxVehicleFt":0,"driveway":"Back-In","surface":"Gravel","shade":"Yes","pets":"Yes","url":"https://www.recreation.gov/camping/campsites/37628"}},{"type":"Feature","geometry":{"type":"Point","coordinates":[-94.973712,35.650489]},"properties":{"kind":"campsite","name":"084","loop":"0512","siteType":"STANDARD ELECTRIC","reservable":true,"campground":"SNAKE CREEK","facilityId":"233632","electric":"30","water":null,"sewer":null,"maxPeople":8,"maxVehicleFt":0,"driveway":null,"surface":"Gravel","shade":"Full","pets":"Yes","url":"https://www.recreation.gov/camping/campsites/37654"}},{"type":"Feature","geometry":{"type":"Point","coordinates":[-94.972751,35.648596]},"properties":{"kind":"campsite","name":"051","loop":"0512","siteType":"STANDARD ELECTRIC","reservable":true,"campground":"SNAKE CREEK","facilityId":"233632","electric":"50","water":null,"sewer":null,"maxPeople":8,"maxVehicleFt":0,"driveway":"Back-In","surface":"Gravel","shade":"Yes","pets":"Yes","url":"https://www.recreation.gov/camping/campsites/37744"}},{"type":"Feature","geometry":{"type":"Point","coordinates":[-94.97331,35.650285]},"properties":{"kind":"campsite","name":"080","loop":"0512","siteType":"STANDARD ELECTRIC","reservable":true,"campground":"SNAKE CREEK","facilityId":"233632","electric":"30","water":null,"sewer":null,"maxPeople":8,"maxVehicleFt":0,"driveway":null,"surface":"Gravel","shade":"Full","pets":"Yes","url":"https://www.recreation.gov/camping/campsites/37298"}},{"type":"Feature","geometry":{"type":"Point","coordinates":[-94.972684,35.648444]},"properties":{"kind":"campsite","name":"052","loop":"0512","siteType":"STANDARD ELECTRIC","reservable":true,"campground":"SNAKE CREEK","facilityId":"233632","electric":"50","water":null,"sewer":null,"maxPeople":8,"maxVehicleFt":0,"driveway":null,"surface":"Gravel","shade":"Yes","pets":"Yes","url":"https://www.recreation.gov/camping/campsites/37336"}},{"type":"Feature","geometry":{"type":"Point","coordinates":[-94.972918,35.647112]},"properties":{"kind":"campsite","name":"027","loop":"SCRE","siteType":"STANDARD ELECTRIC","reservable":true,"campground":"SNAKE CREEK","facilityId":"233632","electric":"30","water":null,"sewer":null,"maxPeople":8,"maxVehicleFt":0,"driveway":null,"surface":"Gravel","shade":null,"pets":"Yes","url":"https://www.recreation.gov/camping/campsites/37641"}},{"type":"Feature","geometry":{"type":"Point","coordinates":[-94.972449,35.648493]},"properties":{"kind":"campsite","name":"047","loop":"0512","siteType":"STANDARD ELECTRIC","reservable":true,"campground":"SNAKE CREEK","facilityId":"233632","electric":"50","water":null,"sewer":null,"maxPeople":8,"maxVehicleFt":0,"driveway":"Back-In","surface":"Gravel","shade":"Yes","pets":"Yes","url":"https://www.recreation.gov/camping/campsites/37917"}},{"type":"Feature","geometry":{"type":"Point","coordinates":[-94.973146,35.650816]},"properties":{"kind":"campsite","name":"087","loop":"0512","siteType":"STANDARD ELECTRIC","reservable":true,"campground":"SNAKE CREEK","facilityId":"233632","electric":"30","water":null,"sewer":null,"maxPeople":8,"maxVehicleFt":0,"driveway":"Back-In","surface":"Gravel","shade":"Yes","pets":"Yes","url":"https://www.recreation.gov/camping/campsites/37584"}},{"type":"Feature","geometry":{"type":"Point","coordinates":[-94.972118,35.647151]},"properties":{"kind":"campsite","name":"022","loop":"SCRE","siteType":"STANDARD ELECTRIC","reservable":true,"campground":"SNAKE CREEK","facilityId":"233632","electric":"30","water":null,"sewer":null,"maxPeople":8,"maxVehicleFt":0,"driveway":null,"surface":"Gravel","shade":"Yes","pets":"Yes","url":"https://www.recreation.gov/camping/campsites/37058"}},{"type":"Feature","geometry":{"type":"Point","coordinates":[-94.972815,35.650572]},"properties":{"kind":"campsite","name":"082","loop":"0512","siteType":"STANDARD ELECTRIC","reservable":true,"campground":"SNAKE CREEK","facilityId":"233632","electric":"30","water":null,"sewer":null,"maxPeople":8,"maxVehicleFt":0,"driveway":"Back-In","surface":"Gravel","shade":"Full","pets":"Yes","url":"https://www.recreation.gov/camping/campsites/37855"}},{"type":"Feature","geometry":{"type":"Point","coordinates":[-94.973212,35.647252]},"properties":{"kind":"campsite","name":"029","loop":"SCRE","siteType":"STANDARD ELECTRIC","reservable":true,"campground":"SNAKE CREEK","facilityId":"233632","electric":"30","water":null,"sewer":null,"maxPeople":8,"maxVehicleFt":0,"driveway":null,"surface":"Gravel","shade":null,"pets":"Yes","url":"https://www.recreation.gov/camping/campsites/37625"}},{"type":"Feature","geometry":{"type":"Point","coordinates":[-94.971377,35.649262]},"properties":{"kind":"campsite","name":"067","loop":"SCRE","siteType":"STANDARD ELECTRIC","reservable":true,"campground":"SNAKE CREEK","facilityId":"233632","electric":"30","water":null,"sewer":null,"maxPeople":8,"maxVehicleFt":0,"driveway":"Back-In","surface":"Paved","shade":"Yes","pets":"Yes","url":"https://www.recreation.gov/camping/campsites/37086"}},{"type":"Feature","geometry":{"type":"Point","coordinates":[-94.970777,35.649618]},"properties":{"kind":"campsite","name":"078","loop":"SCRE","siteType":"STANDARD ELECTRIC","reservable":true,"campground":"SNAKE CREEK","facilityId":"233632","electric":"30","water":"Yes","sewer":"Yes","maxPeople":8,"maxVehicleFt":0,"driveway":"Back-In","surface":"Paved","shade":"Full","pets":"Yes","url":"https://www.recreation.gov/camping/campsites/37100"}},{"type":"Feature","geometry":{"type":"Point","coordinates":[-94.971555,35.647537]},"properties":{"kind":"campsite","name":"020","loop":"SCRE","siteType":"STANDARD ELECTRIC","reservable":true,"campground":"SNAKE CREEK","facilityId":"233632","electric":"30","water":null,"sewer":null,"maxPeople":8,"maxVehicleFt":0,"driveway":"Back-In","surface":"Gravel","shade":"Full","pets":"Yes","url":"https://www.recreation.gov/camping/campsites/37574"}},{"type":"Feature","geometry":{"type":"Point","coordinates":[-94.972016,35.648641]},"properties":{"kind":"campsite","name":"055","loop":"0512","siteType":"STANDARD ELECTRIC","reservable":true,"campground":"SNAKE CREEK","facilityId":"233632","electric":"30","water":null,"sewer":null,"maxPeople":8,"maxVehicleFt":0,"driveway":null,"surface":"Gravel","shade":"Yes","pets":"Yes","url":"https://www.recreation.gov/camping/campsites/37847"}},{"type":"Feature","geometry":{"type":"Point","coordinates":[-94.972124,35.649513]},"properties":{"kind":"campsite","name":"071","loop":"SCRE","siteType":"STANDARD ELECTRIC","reservable":true,"campground":"SNAKE CREEK","facilityId":"233632","electric":"30","water":null,"sewer":null,"maxPeople":8,"maxVehicleFt":0,"driveway":"Back-In","surface":"Paved","shade":"Yes","pets":"Yes","url":"https://www.recreation.gov/camping/campsites/37238"}},{"type":"Feature","geometry":{"type":"Point","coordinates":[-94.974982,35.651247]},"properties":{"kind":"campsite","name":"094","loop":"0512","siteType":"STANDARD ELECTRIC","reservable":true,"campground":"SNAKE CREEK","facilityId":"233632","electric":"30","water":null,"sewer":null,"maxPeople":8,"maxVehicleFt":0,"driveway":"Back-In","surface":"Gravel","shade":"Yes","pets":"Yes","url":"https://www.recreation.gov/camping/campsites/37087"}},{"type":"Feature","geometry":{"type":"Point","coordinates":[-94.974705,35.65054]},"properties":{"kind":"campsite","name":"109","loop":"0512","siteType":"STANDARD ELECTRIC","reservable":true,"campground":"SNAKE CREEK","facilityId":"233632","electric":"30","water":null,"sewer":null,"maxPeople":8,"maxVehicleFt":0,"driveway":"Back-In","surface":"Gravel","shade":null,"pets":"Yes","url":"https://www.recreation.gov/camping/campsites/37988"}},{"type":"Feature","geometry":{"type":"Point","coordinates":[-94.973029,35.647162]},"properties":{"kind":"campsite","name":"028","loop":"SCRE","siteType":"STANDARD ELECTRIC","reservable":true,"campground":"SNAKE CREEK","facilityId":"233632","electric":"30","water":null,"sewer":null,"maxPeople":8,"maxVehicleFt":0,"driveway":null,"surface":"Gravel","shade":"Yes","pets":"Yes","url":"https://www.recreation.gov/camping/campsites/29731"}},{"type":"Feature","geometry":{"type":"Point","coordinates":[-94.972257,35.647096]},"properties":{"kind":"campsite","name":"023","loop":"SCRE","siteType":"STANDARD ELECTRIC","reservable":true,"campground":"SNAKE CREEK","facilityId":"233632","electric":"30","water":null,"sewer":null,"maxPeople":8,"maxVehicleFt":0,"driveway":null,"surface":"Gravel","shade":"Yes","pets":"Yes","url":"https://www.recreation.gov/camping/campsites/37321"}},{"type":"Feature","geometry":{"type":"Point","coordinates":[-94.973057,35.647683]},"properties":{"kind":"campsite","name":"038","loop":"0512","siteType":"STANDARD ELECTRIC","reservable":true,"campground":"SNAKE CREEK","facilityId":"233632","electric":"30","water":null,"sewer":null,"maxPeople":8,"maxVehicleFt":0,"driveway":"Back-In","surface":"Gravel","shade":"Yes","pets":"Yes","url":"https://www.recreation.gov/camping/campsites/37893"}},{"type":"Feature","geometry":{"type":"Point","coordinates":[-94.973208,35.648167]},"properties":{"kind":"campsite","name":"040","loop":"0512","siteType":"STANDARD ELECTRIC","reservable":true,"campground":"SNAKE CREEK","facilityId":"233632","electric":"30","water":null,"sewer":null,"maxPeople":8,"maxVehicleFt":0,"driveway":"Back-In","surface":"Gravel","shade":"Full","pets":"Yes","url":"https://www.recreation.gov/camping/campsites/37729"}},{"type":"Feature","geometry":{"type":"Point","coordinates":[-94.970912,35.648118]},"properties":{"kind":"campsite","name":"016","loop":"SCRE","siteType":"STANDARD ELECTRIC","reservable":true,"campground":"SNAKE CREEK","facilityId":"233632","electric":"30","water":null,"sewer":null,"maxPeople":8,"maxVehicleFt":0,"driveway":"Back-In","surface":"Gravel","shade":"Full","pets":"Yes","url":"https://www.recreation.gov/camping/campsites/37606"}},{"type":"Feature","geometry":{"type":"Point","coordinates":[-94.970701,35.64861]},"properties":{"kind":"campsite","name":"003","loop":"SCRE","siteType":"STANDARD ELECTRIC","reservable":true,"campground":"SNAKE CREEK","facilityId":"233632","electric":"30","water":null,"sewer":null,"maxPeople":8,"maxVehicleFt":0,"driveway":"Back-In","surface":"Gravel","shade":"Yes","pets":"Yes","url":"https://www.recreation.gov/camping/campsites/37991"}},{"type":"Feature","geometry":{"type":"Point","coordinates":[-94.972555,35.64894]},"properties":{"kind":"campsite","name":"061","loop":"0512","siteType":"STANDARD ELECTRIC","reservable":true,"campground":"SNAKE CREEK","facilityId":"233632","electric":"30","water":null,"sewer":null,"maxPeople":8,"maxVehicleFt":0,"driveway":"Back-In","surface":"Gravel","shade":"Full","pets":"Yes","url":"https://www.recreation.gov/camping/campsites/37447"}},{"type":"Feature","geometry":{"type":"Point","coordinates":[-94.973346,35.650818]},"properties":{"kind":"campsite","name":"088","loop":"0512","siteType":"STANDARD ELECTRIC","reservable":true,"campground":"SNAKE CREEK","facilityId":"233632","electric":"30","water":null,"sewer":null,"maxPeople":8,"maxVehicleFt":0,"driveway":"Back-In","surface":"Gravel","shade":"Full","pets":"Yes","url":"https://www.recreation.gov/camping/campsites/37970"}},{"type":"Feature","geometry":{"type":"Point","coordinates":[-94.971903,35.648282]},"properties":{"kind":"campsite","name":"045","loop":"0512","siteType":"STANDARD ELECTRIC","reservable":true,"campground":"SNAKE CREEK","facilityId":"233632","electric":"50","water":null,"sewer":null,"maxPeople":8,"maxVehicleFt":0,"driveway":"Back-In","surface":"Gravel","shade":"Full","pets":"Yes","url":"https://www.recreation.gov/camping/campsites/37936"}},{"type":"Feature","geometry":{"type":"Point","coordinates":[-94.971569,35.649174]},"properties":{"kind":"campsite","name":"066","loop":"SCRE","siteType":"STANDARD ELECTRIC","reservable":true,"campground":"SNAKE CREEK","facilityId":"233632","electric":"30","water":null,"sewer":null,"maxPeople":8,"maxVehicleFt":0,"driveway":"Back-In","surface":"Paved","shade":"Full","pets":"Yes","url":"https://www.recreation.gov/camping/campsites/37465"}},{"type":"Feature","geometry":{"type":"Point","coordinates":[-94.971605,35.647886]},"properties":{"kind":"campsite","name":"010","loop":"SCRE","siteType":"STANDARD ELECTRIC","reservable":true,"campground":"SNAKE CREEK","facilityId":"233632","electric":"50","water":null,"sewer":null,"maxPeople":8,"maxVehicleFt":0,"driveway":null,"surface":"Gravel","shade":"Yes","pets":"Yes","url":"https://www.recreation.gov/camping/campsites/37291"}},{"type":"Feature","geometry":{"type":"Point","coordinates":[-94.971142,35.648366]},"properties":{"kind":"campsite","name":"006","loop":"SCRE","siteType":"STANDARD ELECTRIC","reservable":true,"campground":"SNAKE CREEK","facilityId":"233632","electric":"30","water":"Yes","sewer":null,"maxPeople":8,"maxVehicleFt":0,"driveway":"Back-In","surface":"Gravel","shade":"Full","pets":"Yes","url":"https://www.recreation.gov/camping/campsites/37788"}},{"type":"Feature","geometry":{"type":"Point","coordinates":[-94.971411,35.648912]},"properties":{"kind":"campsite","name":"064","loop":"SCRE","siteType":"STANDARD ELECTRIC","reservable":true,"campground":"SNAKE CREEK","facilityId":"233632","electric":"30","water":null,"sewer":null,"maxPeople":8,"maxVehicleFt":0,"driveway":"Back-In","surface":"Paved","shade":"Full","pets":"Yes","url":"https://www.recreation.gov/camping/campsites/37374"}},{"type":"Feature","geometry":{"type":"Point","coordinates":[-94.971886,35.648889]},"properties":{"kind":"campsite","name":"057","loop":"0512","siteType":"STANDARD ELECTRIC","reservable":true,"campground":"SNAKE CREEK","facilityId":"233632","electric":"30","water":null,"sewer":null,"maxPeople":8,"maxVehicleFt":0,"driveway":null,"surface":"Gravel","shade":"Full","pets":"Yes","url":"https://www.recreation.gov/camping/campsites/37259"}},{"type":"Feature","geometry":{"type":"Point","coordinates":[-94.971785,35.649674]},"properties":{"kind":"campsite","name":"073","loop":"SCRE","siteType":"STANDARD ELECTRIC","reservable":true,"campground":"SNAKE CREEK","facilityId":"233632","electric":"30","water":null,"sewer":null,"maxPeople":8,"maxVehicleFt":0,"driveway":"Back-In","surface":"Paved","shade":"Yes","pets":"Yes","url":"https://www.recreation.gov/camping/campsites/37548"}},{"type":"Feature","geometry":{"type":"Point","coordinates":[-94.972286,35.649145]},"properties":{"kind":"campsite","name":"060","loop":"0512","siteType":"STANDARD ELECTRIC","reservable":true,"campground":"SNAKE CREEK","facilityId":"233632","electric":"30","water":null,"sewer":null,"maxPeople":8,"maxVehicleFt":0,"driveway":"Back-In","surface":"Paved","shade":"Yes","pets":"Yes","url":"https://www.recreation.gov/camping/campsites/37653"}},{"type":"Feature","geometry":{"type":"Point","coordinates":[-94.97043,35.648615]},"properties":{"kind":"campsite","name":"001","loop":"SCRE","siteType":"STANDARD ELECTRIC","reservable":true,"campground":"SNAKE CREEK","facilityId":"233632","electric":"30","water":null,"sewer":null,"maxPeople":8,"maxVehicleFt":0,"driveway":"Back-In","surface":"Gravel","shade":"Full","pets":"Yes","url":"https://www.recreation.gov/camping/campsites/37141"}},{"type":"Feature","geometry":{"type":"Point","coordinates":[-94.973755,35.6507]},"properties":{"kind":"campsite","name":"089","loop":"0512","siteType":"STANDARD ELECTRIC","reservable":true,"campground":"SNAKE CREEK","facilityId":"233632","electric":"30","water":null,"sewer":null,"maxPeople":8,"maxVehicleFt":0,"driveway":"Back-In","surface":"Gravel","shade":"Full","pets":"Yes","url":"https://www.recreation.gov/camping/campsites/37747"}},{"type":"Feature","geometry":{"type":"Point","coordinates":[-94.971709,35.64777]},"properties":{"kind":"campsite","name":"011","loop":"SCRE","siteType":"STANDARD ELECTRIC","reservable":true,"campground":"SNAKE CREEK","facilityId":"233632","electric":"50","water":null,"sewer":null,"maxPeople":8,"maxVehicleFt":0,"driveway":null,"surface":"Gravel","shade":"Yes","pets":"Yes","url":"https://www.recreation.gov/camping/campsites/37337"}},{"type":"Feature","geometry":{"type":"Point","coordinates":[-94.971933,35.649263]},"properties":{"kind":"campsite","name":"070","loop":"SCRE","siteType":"STANDARD ELECTRIC","reservable":true,"campground":"SNAKE CREEK","facilityId":"233632","electric":"30","water":null,"sewer":null,"maxPeople":8,"maxVehicleFt":0,"driveway":"Back-In","surface":"Paved","shade":"Yes","pets":"Yes","url":"https://www.recreation.gov/camping/campsites/37092"}},{"type":"Feature","geometry":{"type":"Point","coordinates":[-94.970606,35.648532]},"properties":{"kind":"campsite","name":"002","loop":"SCRE","siteType":"STANDARD ELECTRIC","reservable":true,"campground":"SNAKE CREEK","facilityId":"233632","electric":"30","water":null,"sewer":null,"maxPeople":8,"maxVehicleFt":0,"driveway":"Back-In","surface":"Gravel","shade":"Yes","pets":"Yes","url":"https://www.recreation.gov/camping/campsites/37390"}},{"type":"Feature","geometry":{"type":"Point","coordinates":[-94.97226,35.648858]},"properties":{"kind":"campsite","name":"062","loop":"0512","siteType":"STANDARD ELECTRIC","reservable":true,"campground":"SNAKE CREEK","facilityId":"233632","electric":"30","water":null,"sewer":null,"maxPeople":8,"maxVehicleFt":0,"driveway":"Back-In","surface":"Gravel","shade":"Full","pets":"Yes","url":"https://www.recreation.gov/camping/campsites/37928"}},{"type":"Feature","geometry":{"type":"Point","coordinates":[-94.971802,35.648548]},"properties":{"kind":"campsite","name":"054","loop":"0512","siteType":"STANDARD ELECTRIC","reservable":true,"campground":"SNAKE CREEK","facilityId":"233632","electric":"30","water":null,"sewer":null,"maxPeople":8,"maxVehicleFt":0,"driveway":"Back-In","surface":"Gravel","shade":"Full","pets":"Yes","url":"https://www.recreation.gov/camping/campsites/37772"}},{"type":"Feature","geometry":{"type":"Point","coordinates":[-94.974795,35.650893]},"properties":{"kind":"campsite","name":"099","loop":"0512","siteType":"STANDARD ELECTRIC","reservable":true,"campground":"SNAKE CREEK","facilityId":"233632","electric":"30","water":null,"sewer":null,"maxPeople":8,"maxVehicleFt":0,"driveway":"Back-In","surface":"Gravel","shade":"Full","pets":"Yes","url":"https://www.recreation.gov/camping/campsites/37827"}},{"type":"Feature","geometry":{"type":"Point","coordinates":[-94.971263,35.648763]},"properties":{"kind":"campsite","name":"S001","loop":"0512","siteType":"GROUP SHELTER ELECTRIC","reservable":true,"campground":"SNAKE CREEK","facilityId":"233632","electric":"30","water":"Y","sewer":null,"maxPeople":50,"maxVehicleFt":0,"driveway":"Back-In","surface":"Gravel","shade":"Yes","pets":"Yes","url":"https://www.recreation.gov/camping/campsites/37228"}},{"type":"Feature","geometry":{"type":"Point","coordinates":[-94.971508,35.648038]},"properties":{"kind":"campsite","name":"009","loop":"SCRE","siteType":"STANDARD ELECTRIC","reservable":true,"campground":"SNAKE CREEK","facilityId":"233632","electric":"50","water":null,"sewer":null,"maxPeople":8,"maxVehicleFt":0,"driveway":null,"surface":"Gravel","shade":"Yes","pets":"Yes","url":"https://www.recreation.gov/camping/campsites/37786"}},{"type":"Feature","geometry":{"type":"Point","coordinates":[-94.971753,35.649338]},"properties":{"kind":"campsite","name":"069","loop":"SCRE","siteType":"STANDARD ELECTRIC","reservable":true,"campground":"SNAKE CREEK","facilityId":"233632","electric":"30","water":null,"sewer":null,"maxPeople":8,"maxVehicleFt":0,"driveway":"Back-In","surface":"Paved","shade":"Yes","pets":"Yes","url":"https://www.recreation.gov/camping/campsites/37413"}},{"type":"Feature","geometry":{"type":"Point","coordinates":[-94.973385,35.647468]},"properties":{"kind":"campsite","name":"031","loop":"SCRE","siteType":"STANDARD ELECTRIC","reservable":true,"campground":"SNAKE CREEK","facilityId":"233632","electric":"30","water":null,"sewer":null,"maxPeople":8,"maxVehicleFt":0,"driveway":null,"surface":"Gravel","shade":"Yes","pets":"Yes","url":"https://www.recreation.gov/camping/campsites/37012"}},{"type":"Feature","geometry":{"type":"Point","coordinates":[-94.972318,35.647412]},"properties":{"kind":"campsite","name":"034","loop":"SCRE","siteType":"STANDARD ELECTRIC","reservable":true,"campground":"SNAKE CREEK","facilityId":"233632","electric":"30","water":null,"sewer":null,"maxPeople":8,"maxVehicleFt":0,"driveway":"Back-In","surface":"Gravel","shade":"Yes","pets":"Yes","url":"https://www.recreation.gov/camping/campsites/37808"}},{"type":"Feature","geometry":{"type":"Point","coordinates":[-94.972234,35.648351]},"properties":{"kind":"campsite","name":"046","loop":"0512","siteType":"STANDARD ELECTRIC","reservable":true,"campground":"SNAKE CREEK","facilityId":"233632","electric":"50","water":null,"sewer":null,"maxPeople":8,"maxVehicleFt":0,"driveway":"Back-In","surface":"Gravel","shade":"Full","pets":"Yes","url":"https://www.recreation.gov/camping/campsites/37809"}},{"type":"Feature","geometry":{"type":"Point","coordinates":[-94.971243,35.647942]},"properties":{"kind":"campsite","name":"018","loop":"SCRE","siteType":"STANDARD ELECTRIC","reservable":true,"campground":"SNAKE CREEK","facilityId":"233632","electric":"30","water":null,"sewer":null,"maxPeople":8,"maxVehicleFt":0,"driveway":"Back-In","surface":"Gravel","shade":"Yes","pets":"Yes","url":"https://www.recreation.gov/camping/campsites/37351"}},{"type":"Feature","geometry":{"type":"Point","coordinates":[-94.974262,35.650709]},"properties":{"kind":"campsite","name":"091","loop":"0512","siteType":"STANDARD ELECTRIC","reservable":true,"campground":"SNAKE CREEK","facilityId":"233632","electric":"30","water":null,"sewer":null,"maxPeople":8,"maxVehicleFt":0,"driveway":null,"surface":"Gravel","shade":"Full","pets":"Yes","url":"https://www.recreation.gov/camping/campsites/37761"}},{"type":"Feature","geometry":{"type":"Point","coordinates":[-94.975619,35.651324]},"properties":{"kind":"campsite","name":"096","loop":"0512","siteType":"STANDARD ELECTRIC","reservable":true,"campground":"SNAKE CREEK","facilityId":"233632","electric":"30","water":null,"sewer":null,"maxPeople":8,"maxVehicleFt":0,"driveway":"Back-In","surface":"Gravel","shade":"Yes","pets":"Yes","url":"https://www.recreation.gov/camping/campsites/37866"}},{"type":"Feature","geometry":{"type":"Point","coordinates":[-94.97086,35.64978]},"properties":{"kind":"campsite","name":"077","loop":"SCRE","siteType":"STANDARD ELECTRIC","reservable":true,"campground":"SNAKE CREEK","facilityId":"233632","electric":"30","water":"Yes","sewer":"Yes","maxPeople":8,"maxVehicleFt":0,"driveway":"Back-In","surface":"Paved","shade":"Full","pets":"Yes","url":"https://www.recreation.gov/camping/campsites/37187"}},{"type":"Feature","geometry":{"type":"Point","coordinates":[-94.972965,35.650434]},"properties":{"kind":"campsite","name":"081","loop":"0512","siteType":"STANDARD ELECTRIC","reservable":true,"campground":"SNAKE CREEK","facilityId":"233632","electric":"30","water":null,"sewer":null,"maxPeople":8,"maxVehicleFt":0,"driveway":"Back-In","surface":"Gravel","shade":"Full","pets":"Yes","url":"https://www.recreation.gov/camping/campsites/37258"}},{"type":"Feature","geometry":{"type":"Point","coordinates":[-94.972868,35.647577]},"properties":{"kind":"campsite","name":"037","loop":"0512","siteType":"STANDARD ELECTRIC","reservable":true,"campground":"SNAKE CREEK","facilityId":"233632","electric":"30","water":null,"sewer":null,"maxPeople":8,"maxVehicleFt":0,"driveway":"Back-In","surface":"Gravel","shade":"Yes","pets":"Yes","url":"https://www.recreation.gov/camping/campsites/37220"}},{"type":"Feature","geometry":{"type":"Point","coordinates":[-94.97316,35.647893]},"properties":{"kind":"campsite","name":"039","loop":"0512","siteType":"STANDARD ELECTRIC","reservable":true,"campground":"SNAKE CREEK","facilityId":"233632","electric":"30","water":null,"sewer":null,"maxPeople":8,"maxVehicleFt":0,"driveway":"Back-In","surface":"Gravel","shade":"Yes","pets":"Yes","url":"https://www.recreation.gov/camping/campsites/37203"}},{"type":"Feature","geometry":{"type":"Point","coordinates":[-94.975828,35.651289]},"properties":{"kind":"campsite","name":"097","loop":"0512","siteType":"STANDARD ELECTRIC","reservable":true,"campground":"SNAKE CREEK","facilityId":"233632","electric":"30","water":null,"sewer":null,"maxPeople":8,"maxVehicleFt":0,"driveway":"Back-In","surface":"Gravel","shade":"Full","pets":"Yes","url":"https://www.recreation.gov/camping/campsites/37670"}},{"type":"Feature","geometry":{"type":"Point","coordinates":[-94.972077,35.648845]},"properties":{"kind":"campsite","name":"063","loop":"0512","siteType":"STANDARD ELECTRIC","reservable":true,"campground":"SNAKE CREEK","facilityId":"233632","electric":"30","water":null,"sewer":null,"maxPeople":8,"maxVehicleFt":0,"driveway":"Back-In","surface":"Gravel","shade":"Full","pets":"Yes","url":"https://www.recreation.gov/camping/campsites/37320"}},{"type":"Feature","geometry":{"type":"Point","coordinates":[-94.972168,35.647534]},"properties":{"kind":"campsite","name":"033","loop":"0512","siteType":"STANDARD ELECTRIC","reservable":true,"campground":"SNAKE CREEK","facilityId":"233632","electric":"30","water":null,"sewer":null,"maxPeople":8,"maxVehicleFt":0,"driveway":"Back-In","surface":"Gravel","shade":"Yes","pets":"Yes","url":"https://www.recreation.gov/camping/campsites/37767"}},{"type":"Feature","geometry":{"type":"Point","coordinates":[-94.970787,35.648394]},"properties":{"kind":"campsite","name":"005","loop":"SCRE","siteType":"STANDARD ELECTRIC","reservable":true,"campground":"SNAKE CREEK","facilityId":"233632","electric":"30","water":null,"sewer":null,"maxPeople":8,"maxVehicleFt":0,"driveway":"Back-In","surface":"Gravel","shade":"Yes","pets":"Yes","url":"https://www.recreation.gov/camping/campsites/37845"}},{"type":"Feature","geometry":{"type":"Point","coordinates":[-94.97105,35.647987]},"properties":{"kind":"campsite","name":"017","loop":"SCRE","siteType":"STANDARD ELECTRIC","reservable":true,"campground":"SNAKE CREEK","facilityId":"233632","electric":"30","water":null,"sewer":null,"maxPeople":8,"maxVehicleFt":0,"driveway":"Back-In","surface":"Gravel","shade":"Full","pets":"Yes","url":"https://www.recreation.gov/camping/campsites/37623"}},{"type":"Feature","geometry":{"type":"Point","coordinates":[-94.971252,35.648285]},"properties":{"kind":"campsite","name":"007","loop":"SCRE","siteType":"STANDARD ELECTRIC","reservable":true,"campground":"SNAKE CREEK","facilityId":"233632","electric":"50","water":null,"sewer":null,"maxPeople":8,"maxVehicleFt":0,"driveway":"Back-In","surface":"Gravel","shade":"Full","pets":"Yes","url":"https://www.recreation.gov/camping/campsites/29290"}},{"type":"Feature","geometry":{"type":"Point","coordinates":[-94.973978,35.650523]},"properties":{"kind":"campsite","name":"090","loop":"0512","siteType":"STANDARD ELECTRIC","reservable":true,"campground":"SNAKE CREEK","facilityId":"233632","electric":"30","water":null,"sewer":null,"maxPeople":8,"maxVehicleFt":0,"driveway":null,"surface":"Gravel","shade":"Full","pets":"Yes","url":"https://www.recreation.gov/camping/campsites/37927"}},{"type":"Feature","geometry":{"type":"Point","coordinates":[-94.971562,35.64937]},"properties":{"kind":"campsite","name":"068","loop":"SCRE","siteType":"STANDARD ELECTRIC","reservable":true,"campground":"SNAKE CREEK","facilityId":"233632","electric":"30","water":null,"sewer":null,"maxPeople":8,"maxVehicleFt":0,"driveway":"Back-In","surface":"Paved","shade":"Full","pets":"Yes","url":"https://www.recreation.gov/camping/campsites/37478"}},{"type":"Feature","geometry":{"type":"Point","coordinates":[-94.973011,35.650749]},"properties":{"kind":"campsite","name":"086","loop":"0512","siteType":"STANDARD ELECTRIC","reservable":true,"campground":"SNAKE CREEK","facilityId":"233632","electric":"30","water":null,"sewer":null,"maxPeople":8,"maxVehicleFt":0,"driveway":null,"surface":"Gravel","shade":"Full","pets":"Yes","url":"https://www.recreation.gov/camping/campsites/37091"}},{"type":"Feature","geometry":{"type":"Point","coordinates":[-94.970409,35.648341]},"properties":{"kind":"campsite","name":"013","loop":"SCRE","siteType":"STANDARD ELECTRIC","reservable":true,"campground":"SNAKE CREEK","facilityId":"233632","electric":"30","water":null,"sewer":null,"maxPeople":8,"maxVehicleFt":0,"driveway":"Back-In","surface":"Gravel","shade":"Full","pets":"Yes","url":"https://www.recreation.gov/camping/campsites/37028"}},{"type":"Feature","geometry":{"type":"Point","coordinates":[-94.97166,35.649078]},"properties":{"kind":"campsite","name":"065","loop":"SCRE","siteType":"STANDARD ELECTRIC","reservable":true,"campground":"SNAKE CREEK","facilityId":"233632","electric":"30","water":null,"sewer":null,"maxPeople":8,"maxVehicleFt":0,"driveway":"Back-In","surface":"Paved","shade":"Yes","pets":"Yes","url":"https://www.recreation.gov/camping/campsites/37170"}},{"type":"Feature","geometry":{"type":"Point","coordinates":[-94.972358,35.64863]},"properties":{"kind":"campsite","name":"048","loop":"0512","siteType":"STANDARD ELECTRIC","reservable":true,"campground":"SNAKE CREEK","facilityId":"233632","electric":"50","water":null,"sewer":null,"maxPeople":8,"maxVehicleFt":0,"driveway":null,"surface":"Gravel","shade":"Yes","pets":"Yes","url":"https://www.recreation.gov/camping/campsites/37323"}},{"type":"Feature","geometry":{"type":"Point","coordinates":[-94.971584,35.648556]},"properties":{"kind":"campsite","name":"053","loop":"0512","siteType":"STANDARD ELECTRIC","reservable":true,"campground":"SNAKE CREEK","facilityId":"233632","electric":"30","water":null,"sewer":null,"maxPeople":8,"maxVehicleFt":0,"driveway":null,"surface":"Gravel","shade":"Full","pets":"Yes","url":"https://www.recreation.gov/camping/campsites/37110"}},{"type":"Feature","geometry":{"type":"Point","coordinates":[-94.973449,35.650636]},"properties":{"kind":"campsite","name":"S002","loop":"0512","siteType":"GROUP SHELTER NONELECTRIC","reservable":true,"campground":"SNAKE CREEK","facilityId":"233632","electric":null,"water":"Y","sewer":null,"maxPeople":50,"maxVehicleFt":0,"driveway":"Back-In","surface":"Gravel","shade":"Yes","pets":"Yes","url":"https://www.recreation.gov/camping/campsites/37080"}},{"type":"Feature","geometry":{"type":"Point","coordinates":[-94.97071,35.648162]},"properties":{"kind":"campsite","name":"015","loop":"SCRE","siteType":"STANDARD ELECTRIC","reservable":true,"campground":"SNAKE CREEK","facilityId":"233632","electric":"30","water":null,"sewer":null,"maxPeople":8,"maxVehicleFt":0,"driveway":"Back-In","surface":"Gravel","shade":"Full","pets":"Yes","url":"https://www.recreation.gov/camping/campsites/37874"}},{"type":"Feature","geometry":{"type":"Point","coordinates":[-94.972567,35.647899]},"properties":{"kind":"campsite","name":"043","loop":"0512","siteType":"STANDARD ELECTRIC","reservable":true,"campground":"SNAKE CREEK","facilityId":"233632","electric":"30","water":null,"sewer":null,"maxPeople":8,"maxVehicleFt":0,"driveway":"Back-In","surface":"Gravel","shade":"Full","pets":"Yes","url":"https://www.recreation.gov/camping/campsites/37637"}},{"type":"Feature","geometry":{"type":"Point","coordinates":[-94.972199,35.649033]},"properties":{"kind":"campsite","name":"059","loop":"0512","siteType":"STANDARD ELECTRIC","reservable":true,"campground":"SNAKE CREEK","facilityId":"233632","electric":"30","water":null,"sewer":null,"maxPeople":8,"maxVehicleFt":0,"driveway":"Back-In","surface":"Gravel","shade":"Yes","pets":"Yes","url":"https://www.recreation.gov/camping/campsites/37944"}},{"type":"Feature","geometry":{"type":"Point","coordinates":[-94.973155,35.648339]},"properties":{"kind":"campsite","name":"041","loop":"0512","siteType":"STANDARD ELECTRIC","reservable":true,"campground":"SNAKE CREEK","facilityId":"233632","electric":"30","water":null,"sewer":null,"maxPeople":8,"maxVehicleFt":0,"driveway":"Back-In","surface":"Gravel","shade":"Full","pets":"Yes","url":"https://www.recreation.gov/camping/campsites/37128"}},{"type":"Feature","geometry":{"type":"Point","coordinates":[-94.973335,35.647341]},"properties":{"kind":"campsite","name":"030","loop":"SCRE","siteType":"STANDARD ELECTRIC","reservable":true,"campground":"SNAKE CREEK","facilityId":"233632","electric":"30","water":null,"sewer":null,"maxPeople":8,"maxVehicleFt":0,"driveway":null,"surface":"Gravel","shade":null,"pets":"Yes","url":"https://www.recreation.gov/camping/campsites/37427"}},{"type":"Feature","geometry":{"type":"Point","coordinates":[-94.975699,35.651012]},"properties":{"kind":"campsite","name":"104","loop":"0512","siteType":"STANDARD ELECTRIC","reservable":true,"campground":"SNAKE CREEK","facilityId":"233632","electric":"30","water":null,"sewer":null,"maxPeople":8,"maxVehicleFt":0,"driveway":"Back-In","surface":"Gravel","shade":"Full","pets":"Yes","url":"https://www.recreation.gov/camping/campsites/37281"}},{"type":"Feature","geometry":{"type":"Point","coordinates":[-94.97266,35.648739]},"properties":{"kind":"campsite","name":"050","loop":"0512","siteType":"STANDARD ELECTRIC","reservable":true,"campground":"SNAKE CREEK","facilityId":"233632","electric":"50","water":null,"sewer":null,"maxPeople":8,"maxVehicleFt":0,"driveway":"Back-In","surface":"Gravel","shade":"Yes","pets":"Yes","url":"https://www.recreation.gov/camping/campsites/37481"}},{"type":"Feature","geometry":{"type":"Point","coordinates":[-94.9732884,35.6505479]},"properties":{"kind":"campsite","name":"085","loop":"0512","siteType":"STANDARD ELECTRIC","reservable":true,"campground":"SNAKE CREEK","facilityId":"233632","electric":"30","water":null,"sewer":null,"maxPeople":8,"maxVehicleFt":0,"driveway":null,"surface":"Gravel","shade":"Full","pets":"Yes","url":"https://www.recreation.gov/camping/campsites/37322"}},{"type":"Feature","geometry":{"type":"Point","coordinates":[-94.974688,35.651093]},"properties":{"kind":"campsite","name":"093","loop":"0512","siteType":"STANDARD ELECTRIC","reservable":true,"campground":"SNAKE CREEK","facilityId":"233632","electric":"30","water":null,"sewer":null,"maxPeople":8,"maxVehicleFt":0,"driveway":"Back-In","surface":"Gravel","shade":"Full","pets":"Yes","url":"https://www.recreation.gov/camping/campsites/37158"}},{"type":"Feature","geometry":{"type":"Point","coordinates":[-94.972045,35.647758]},"properties":{"kind":"campsite","name":"032","loop":"0512","siteType":"STANDARD ELECTRIC","reservable":true,"campground":"SNAKE CREEK","facilityId":"233632","electric":"30","water":null,"sewer":null,"maxPeople":8,"maxVehicleFt":0,"driveway":null,"surface":"Gravel","shade":"Full","pets":"Yes","url":"https://www.recreation.gov/camping/campsites/37579"}},{"type":"Feature","geometry":{"type":"Point","coordinates":[-94.972828,35.647412]},"properties":{"kind":"campsite","name":"036","loop":"0512","siteType":"STANDARD ELECTRIC","reservable":true,"campground":"SNAKE CREEK","facilityId":"233632","electric":"30","water":null,"sewer":null,"maxPeople":8,"maxVehicleFt":0,"driveway":"Back-In","surface":"Gravel","shade":"Yes","pets":"Yes","url":"https://www.recreation.gov/camping/campsites/37494"}},{"type":"Feature","geometry":{"type":"Point","coordinates":[-94.971354,35.648158]},"properties":{"kind":"campsite","name":"008","loop":"SCRE","siteType":"STANDARD ELECTRIC","reservable":true,"campground":"SNAKE CREEK","facilityId":"233632","electric":"50","water":null,"sewer":null,"maxPeople":8,"maxVehicleFt":0,"driveway":null,"surface":"Gravel","shade":"Yes","pets":"Yes","url":"https://www.recreation.gov/camping/campsites/37519"}},{"type":"Feature","geometry":{"type":"Point","coordinates":[-94.975218,35.651287]},"properties":{"kind":"campsite","name":"095","loop":"0512","siteType":"STANDARD ELECTRIC","reservable":true,"campground":"SNAKE CREEK","facilityId":"233632","electric":"30","water":null,"sewer":null,"maxPeople":8,"maxVehicleFt":0,"driveway":"Back-In","surface":"Gravel","shade":"Yes","pets":"Yes","url":"https://www.recreation.gov/camping/campsites/37922"}},{"type":"Feature","geometry":{"type":"Point","coordinates":[-94.94668725,35.69808268]},"properties":{"kind":"facility","name":"Sixshooter","facilityId":"248268","phone":null,"reservable":false,"url":"https://www.recreation.gov/camping/campgrounds/248268"}},{"type":"Feature","geometry":{"type":"Point","coordinates":[-95.27298407,35.88459657]},"properties":{"kind":"facility","name":"Sequoyah Bay","facilityId":"248241","phone":null,"reservable":false,"url":"https://www.recreation.gov/camping/campgrounds/248241"}},{"type":"Feature","geometry":{"type":"Point","coordinates":[-95.26699964,35.59838159]},"properties":{"kind":"facility","name":"Spaniard Creek","facilityId":"248222","phone":null,"reservable":false,"url":"https://www.recreation.gov/camping/campgrounds/248222"}},{"type":"Feature","geometry":{"type":"Point","coordinates":[-94.96,35.7066667]},"properties":{"kind":"campground","name":"COOKSON BEND","facilityId":"233464","phone":"918-487-5252","reservable":true,"url":"https://www.recreation.gov/camping/campgrounds/233464"}},{"type":"Feature","geometry":{"type":"Point","coordinates":[-94.956801,35.705135]},"properties":{"kind":"campsite","name":"026","loop":"CBEN","siteType":"STANDARD ELECTRIC","reservable":true,"campground":"COOKSON BEND","facilityId":"233464","electric":"30","water":null,"sewer":null,"maxPeople":8,"maxVehicleFt":40,"driveway":"Back-In","surface":"Gravel","shade":"Full","pets":"Yes","url":"https://www.recreation.gov/camping/campsites/22359"}},{"type":"Feature","geometry":{"type":"Point","coordinates":[-94.954194,35.704478]},"properties":{"kind":"campsite","name":"045","loop":"CBEN","siteType":"STANDARD ELECTRIC","reservable":true,"campground":"COOKSON BEND","facilityId":"233464","electric":"30","water":null,"sewer":null,"maxPeople":8,"maxVehicleFt":42,"driveway":"Back-In","surface":"Gravel","shade":"Full","pets":"Yes","url":"https://www.recreation.gov/camping/campsites/22362"}},{"type":"Feature","geometry":{"type":"Point","coordinates":[-94.957473,35.706124]},"properties":{"kind":"campsite","name":"020","loop":"CBEN","siteType":"STANDARD ELECTRIC","reservable":true,"campground":"COOKSON BEND","facilityId":"233464","electric":"30","water":null,"sewer":null,"maxPeople":8,"maxVehicleFt":105,"driveway":"Back-In","surface":"Gravel","shade":"Full","pets":"Yes","url":"https://www.recreation.gov/camping/campsites/22357"}},{"type":"Feature","geometry":{"type":"Point","coordinates":[-94.958735,35.707049]},"properties":{"kind":"campsite","name":"065","loop":"0512","siteType":"STANDARD NONELECTRIC","reservable":true,"campground":"COOKSON BEND","facilityId":"233464","electric":null,"water":null,"sewer":null,"maxPeople":8,"maxVehicleFt":0,"driveway":"Back-In","surface":"Gravel","shade":"Yes","pets":"Yes","url":"https://www.recreation.gov/camping/campsites/22379"}},{"type":"Feature","geometry":{"type":"Point","coordinates":[-94.959405,35.707036]},"properties":{"kind":"campsite","name":"077","loop":"0512","siteType":"STANDARD NONELECTRIC","reservable":true,"campground":"COOKSON BEND","facilityId":"233464","electric":null,"water":null,"sewer":null,"maxPeople":8,"maxVehicleFt":0,"driveway":"Back-In","surface":"Gravel","shade":"Yes","pets":"Yes","url":"https://www.recreation.gov/camping/campsites/22414"}},{"type":"Feature","geometry":{"type":"Point","coordinates":[-94.957252,35.708901]},"properties":{"kind":"campsite","name":"115","loop":"0512","siteType":"STANDARD NONELECTRIC","reservable":true,"campground":"COOKSON BEND","facilityId":"233464","electric":null,"water":null,"sewer":null,"maxPeople":8,"maxVehicleFt":0,"driveway":"Back-In","surface":"Gravel","shade":"Yes","pets":"Yes","url":"https://www.recreation.gov/camping/campsites/22435"}},{"type":"Feature","geometry":{"type":"Point","coordinates":[-94.954173,35.704671]},"properties":{"kind":"campsite","name":"046","loop":"CBEN","siteType":"STANDARD ELECTRIC","reservable":true,"campground":"COOKSON BEND","facilityId":"233464","electric":"30","water":null,"sewer":null,"maxPeople":8,"maxVehicleFt":42,"driveway":"Back-In","surface":"Gravel","shade":"Yes","pets":"Yes","url":"https://www.recreation.gov/camping/campsites/21942"}},{"type":"Feature","geometry":{"type":"Point","coordinates":[-94.955618,35.705649]},"properties":{"kind":"campsite","name":"005","loop":"CBEN","siteType":"STANDARD ELECTRIC","reservable":true,"campground":"COOKSON BEND","facilityId":"233464","electric":"30","water":null,"sewer":null,"maxPeople":8,"maxVehicleFt":40,"driveway":"Back-In","surface":"Gravel","shade":"Full","pets":"Yes","url":"https://www.recreation.gov/camping/campsites/22403"}},{"type":"Feature","geometry":{"type":"Point","coordinates":[-94.959015,35.707023]},"properties":{"kind":"campsite","name":"062","loop":"0512","siteType":"STANDARD NONELECTRIC","reservable":true,"campground":"COOKSON BEND","facilityId":"233464","electric":null,"water":null,"sewer":null,"maxPeople":8,"maxVehicleFt":0,"driveway":"Back-In","surface":"Gravel","shade":"Yes","pets":"Yes","url":"https://www.recreation.gov/camping/campsites/22364"}},{"type":"Feature","geometry":{"type":"Point","coordinates":[-94.960609,35.708261]},"properties":{"kind":"campsite","name":"107","loop":"0512","siteType":"STANDARD NONELECTRIC","reservable":true,"campground":"COOKSON BEND","facilityId":"233464","electric":null,"water":null,"sewer":null,"maxPeople":8,"maxVehicleFt":0,"driveway":"Back-In","surface":"Gravel","shade":"Yes","pets":"Yes","url":"https://www.recreation.gov/camping/campsites/22431"}},{"type":"Feature","geometry":{"type":"Point","coordinates":[-94.9608,35.7072]},"properties":{"kind":"campsite","name":"094","loop":"0512","siteType":"STANDARD NONELECTRIC","reservable":true,"campground":"COOKSON BEND","facilityId":"233464","electric":null,"water":null,"sewer":null,"maxPeople":8,"maxVehicleFt":0,"driveway":"Back-In","surface":"Gravel","shade":"Yes","pets":"Yes","url":"https://www.recreation.gov/camping/campsites/22350"}},{"type":"Feature","geometry":{"type":"Point","coordinates":[-94.957767,35.7059]},"properties":{"kind":"campsite","name":"021","loop":"CBEN","siteType":"STANDARD ELECTRIC","reservable":true,"campground":"COOKSON BEND","facilityId":"233464","electric":"30","water":null,"sewer":null,"maxPeople":8,"maxVehicleFt":42,"driveway":"Back-In","surface":"Gravel","shade":"Full","pets":"Yes","url":"https://www.recreation.gov/camping/campsites/22358"}},{"type":"Feature","geometry":{"type":"Point","coordinates":[-94.960022,35.706718]},"properties":{"kind":"campsite","name":"080","loop":"0512","siteType":"STANDARD NONELECTRIC","reservable":true,"campground":"COOKSON BEND","facilityId":"233464","electric":null,"water":null,"sewer":null,"maxPeople":8,"maxVehicleFt":0,"driveway":"Back-In","surface":"Gravel","shade":"Yes","pets":"Yes","url":"https://www.recreation.gov/camping/campsites/21951"}},{"type":"Feature","geometry":{"type":"Point","coordinates":[-94.955455,35.705644]},"properties":{"kind":"campsite","name":"003","loop":"CBEN","siteType":"STANDARD NONELECTRIC","reservable":true,"campground":"COOKSON BEND","facilityId":"233464","electric":null,"water":null,"sewer":null,"maxPeople":8,"maxVehicleFt":0,"driveway":"Back-In","surface":"Gravel","shade":"Yes","pets":"Yes","url":"https://www.recreation.gov/camping/campsites/21938"}},{"type":"Feature","geometry":{"type":"Point","coordinates":[-94.960362,35.708389]},"properties":{"kind":"campsite","name":"101","loop":"0512","siteType":"STANDARD NONELECTRIC","reservable":true,"campground":"COOKSON BEND","facilityId":"233464","electric":null,"water":null,"sewer":null,"maxPeople":8,"maxVehicleFt":0,"driveway":"Back-In","surface":"Gravel","shade":"Yes","pets":"Yes","url":"https://www.recreation.gov/camping/campsites/21956"}},{"type":"Feature","geometry":{"type":"Point","coordinates":[-94.960845,35.708273]},"properties":{"kind":"campsite","name":"108","loop":"0512","siteType":"STANDARD NONELECTRIC","reservable":true,"campground":"COOKSON BEND","facilityId":"233464","electric":null,"water":null,"sewer":null,"maxPeople":8,"maxVehicleFt":0,"driveway":"Back-In","surface":"Gravel","shade":"Yes","pets":"Yes","url":"https://www.recreation.gov/camping/campsites/21933"}},{"type":"Feature","geometry":{"type":"Point","coordinates":[-94.961343,35.707774]},"properties":{"kind":"campsite","name":"111","loop":"0512","siteType":"STANDARD NONELECTRIC","reservable":true,"campground":"COOKSON BEND","facilityId":"233464","electric":null,"water":null,"sewer":null,"maxPeople":8,"maxVehicleFt":0,"driveway":"Back-In","surface":"Gravel","shade":"Yes","pets":"Yes","url":"https://www.recreation.gov/camping/campsites/21957"}},{"type":"Feature","geometry":{"type":"Point","coordinates":[-94.959319,35.707411]},"properties":{"kind":"campsite","name":"075","loop":"0512","siteType":"STANDARD NONELECTRIC","reservable":true,"campground":"COOKSON BEND","facilityId":"233464","electric":null,"water":null,"sewer":null,"maxPeople":8,"maxVehicleFt":0,"driveway":"Back-In","surface":"Gravel","shade":"Yes","pets":"Yes","url":"https://www.recreation.gov/camping/campsites/22383"}},{"type":"Feature","geometry":{"type":"Point","coordinates":[-94.956787,35.709212]},"properties":{"kind":"campsite","name":"116","loop":"0512","siteType":"STANDARD NONELECTRIC","reservable":true,"campground":"COOKSON BEND","facilityId":"233464","electric":null,"water":null,"sewer":null,"maxPeople":8,"maxVehicleFt":0,"driveway":"Back-In","surface":"Gravel","shade":"Yes","pets":"Yes","url":"https://www.recreation.gov/camping/campsites/22391"}},{"type":"Feature","geometry":{"type":"Point","coordinates":[-94.960609,35.707911]},"properties":{"kind":"campsite","name":"104","loop":"0512","siteType":"STANDARD NONELECTRIC","reservable":true,"campground":"COOKSON BEND","facilityId":"233464","electric":null,"water":null,"sewer":null,"maxPeople":8,"maxVehicleFt":0,"driveway":"Back-In","surface":"Gravel","shade":"Yes","pets":"Yes","url":"https://www.recreation.gov/camping/campsites/22390"}},{"type":"Feature","geometry":{"type":"Point","coordinates":[-94.957917,35.708806]},"properties":{"kind":"campsite","name":"112","loop":"0512","siteType":"STANDARD NONELECTRIC","reservable":true,"campground":"COOKSON BEND","facilityId":"233464","electric":null,"water":null,"sewer":null,"maxPeople":8,"maxVehicleFt":0,"driveway":"Back-In","surface":"Gravel","shade":"Yes","pets":"Yes","url":"https://www.recreation.gov/camping/campsites/22419"}},{"type":"Feature","geometry":{"type":"Point","coordinates":[-94.955145,35.704956]},"properties":{"kind":"campsite","name":"038","loop":"CBEN","siteType":"STANDARD ELECTRIC","reservable":true,"campground":"COOKSON BEND","facilityId":"233464","electric":"30","water":null,"sewer":null,"maxPeople":8,"maxVehicleFt":42,"driveway":"Back-In","surface":"Gravel","shade":"Yes","pets":"Yes","url":"https://www.recreation.gov/camping/campsites/22360"}},{"type":"Feature","geometry":{"type":"Point","coordinates":[-94.957658,35.70681]},"properties":{"kind":"campsite","name":"056","loop":"CBEN","siteType":"STANDARD ELECTRIC","reservable":true,"campground":"COOKSON BEND","facilityId":"233464","electric":"50","water":"Yes","sewer":null,"maxPeople":8,"maxVehicleFt":42,"driveway":"Back-In","surface":"Gravel","shade":"Full","pets":"Yes","url":"https://www.recreation.gov/camping/campsites/21944"}},{"type":"Feature","geometry":{"type":"Point","coordinates":[-94.956222,35.704974]},"properties":{"kind":"campsite","name":"030","loop":"CBEN","siteType":"STANDARD ELECTRIC","reservable":true,"campground":"COOKSON BEND","facilityId":"233464","electric":"30","water":null,"sewer":null,"maxPeople":8,"maxVehicleFt":42,"driveway":"Back-In","surface":"Gravel","shade":"Full","pets":"Yes","url":"https://www.recreation.gov/camping/campsites/22409"}},{"type":"Feature","geometry":{"type":"Point","coordinates":[-94.955345,35.705026]},"properties":{"kind":"campsite","name":"036","loop":"CBEN","siteType":"STANDARD ELECTRIC","reservable":true,"campground":"COOKSON BEND","facilityId":"233464","electric":"30","water":null,"sewer":null,"maxPeople":8,"maxVehicleFt":42,"driveway":"Back-In","surface":"Gravel","shade":"Full","pets":"Yes","url":"https://www.recreation.gov/camping/campsites/22388"}},{"type":"Feature","geometry":{"type":"Point","coordinates":[-94.955128,35.704687]},"properties":{"kind":"campsite","name":"039","loop":"CBEN","siteType":"STANDARD ELECTRIC","reservable":true,"campground":"COOKSON BEND","facilityId":"233464","electric":"30","water":null,"sewer":null,"maxPeople":8,"maxVehicleFt":57,"driveway":"Back-In","surface":"Gravel","shade":"Full","pets":"Yes","url":"https://www.recreation.gov/camping/campsites/22389"}},{"type":"Feature","geometry":{"type":"Point","coordinates":[-94.959098,35.706255]},"properties":{"kind":"campsite","name":"070","loop":"0512","siteType":"STANDARD NONELECTRIC","reservable":true,"campground":"COOKSON BEND","facilityId":"233464","electric":null,"water":null,"sewer":null,"maxPeople":8,"maxVehicleFt":0,"driveway":"Back-In","surface":"Gravel","shade":"Yes","pets":"Yes","url":"https://www.recreation.gov/camping/campsites/22427"}},{"type":"Feature","geometry":{"type":"Point","coordinates":[-94.959466,35.708136]},"properties":{"kind":"campsite","name":"G009","loop":"0512","siteType":"STANDARD ELECTRIC","reservable":true,"campground":"COOKSON BEND","facilityId":"233464","electric":"30","water":null,"sewer":null,"maxPeople":8,"maxVehicleFt":42,"driveway":"Back-In","surface":"Gravel","shade":"Yes","pets":"Yes","url":"https://www.recreation.gov/camping/campsites/21935"}},{"type":"Feature","geometry":{"type":"Point","coordinates":[-94.958132,35.707524]},"properties":{"kind":"campsite","name":"060","loop":"0512","siteType":"STANDARD NONELECTRIC","reservable":true,"campground":"COOKSON BEND","facilityId":"233464","electric":null,"water":null,"sewer":null,"maxPeople":8,"maxVehicleFt":0,"driveway":"Back-In","surface":"Gravel","shade":"Yes","pets":"Yes","url":"https://www.recreation.gov/camping/campsites/22378"}},{"type":"Feature","geometry":{"type":"Point","coordinates":[-94.955848,35.705654]},"properties":{"kind":"campsite","name":"006","loop":"CBEN","siteType":"STANDARD ELECTRIC","reservable":true,"campground":"COOKSON BEND","facilityId":"233464","electric":"30","water":null,"sewer":null,"maxPeople":8,"maxVehicleFt":26,"driveway":"Back-In","surface":"Gravel","shade":"Full","pets":"Yes","url":"https://www.recreation.gov/camping/campsites/22438"}},{"type":"Feature","geometry":{"type":"Point","coordinates":[-94.953353,35.704458]},"properties":{"kind":"campsite","name":"050","loop":"CBEN","siteType":"STANDARD ELECTRIC","reservable":true,"campground":"COOKSON BEND","facilityId":"233464","electric":"30","water":null,"sewer":null,"maxPeople":8,"maxVehicleFt":42,"driveway":"Back-In","surface":"Gravel","shade":null,"pets":"Yes","url":"https://www.recreation.gov/camping/campsites/22399"}},{"type":"Feature","geometry":{"type":"Point","coordinates":[-94.954877,35.704615]},"properties":{"kind":"campsite","name":"041","loop":"CBEN","siteType":"STANDARD ELECTRIC","reservable":true,"campground":"COOKSON BEND","facilityId":"233464","electric":"30","water":null,"sewer":null,"maxPeople":8,"maxVehicleFt":42,"driveway":"Back-In","surface":"Gravel","shade":"Yes","pets":"Yes","url":"https://www.recreation.gov/camping/campsites/22442"}},{"type":"Feature","geometry":{"type":"Point","coordinates":[-94.959322,35.707162]},"properties":{"kind":"campsite","name":"076","loop":"0512","siteType":"STANDARD NONELECTRIC","reservable":true,"campground":"COOKSON BEND","facilityId":"233464","electric":null,"water":null,"sewer":null,"maxPeople":8,"maxVehicleFt":0,"driveway":"Back-In","surface":"Gravel","shade":"Yes","pets":"Yes","url":"https://www.recreation.gov/camping/campsites/21927"}},{"type":"Feature","geometry":{"type":"Point","coordinates":[-94.9598,35.70742]},"properties":{"kind":"campsite","name":"086","loop":"0512","siteType":"STANDARD NONELECTRIC","reservable":true,"campground":"COOKSON BEND","facilityId":"233464","electric":null,"water":null,"sewer":null,"maxPeople":8,"maxVehicleFt":0,"driveway":"Back-In","surface":"Gravel","shade":"Yes","pets":"Yes","url":"https://www.recreation.gov/camping/campsites/22429"}},{"type":"Feature","geometry":{"type":"Point","coordinates":[-94.959945,35.706547]},"properties":{"kind":"campsite","name":"081","loop":"0512","siteType":"STANDARD NONELECTRIC","reservable":true,"campground":"COOKSON BEND","facilityId":"233464","electric":null,"water":null,"sewer":null,"maxPeople":8,"maxVehicleFt":0,"driveway":"Back-In","surface":"Gravel","shade":"Yes","pets":"Yes","url":"https://www.recreation.gov/camping/campsites/22373"}},{"type":"Feature","geometry":{"type":"Point","coordinates":[-94.960522,35.708049]},"properties":{"kind":"campsite","name":"103","loop":"0512","siteType":"STANDARD NONELECTRIC","reservable":true,"campground":"COOKSON BEND","facilityId":"233464","electric":null,"water":null,"sewer":null,"maxPeople":8,"maxVehicleFt":0,"driveway":"Back-In","surface":"Gravel","shade":"Yes","pets":"Yes","url":"https://www.recreation.gov/camping/campsites/22369"}},{"type":"Feature","geometry":{"type":"Point","coordinates":[-94.956157,35.705287]},"properties":{"kind":"campsite","name":"018","loop":"0512","siteType":"STANDARD ELECTRIC","reservable":true,"campground":"COOKSON BEND","facilityId":"233464","electric":"30","water":null,"sewer":null,"maxPeople":8,"maxVehicleFt":40,"driveway":null,"surface":"Paved","shade":"Full","pets":"Yes","url":"https://www.recreation.gov/camping/campsites/22425"}},{"type":"Feature","geometry":{"type":"Point","coordinates":[-94.95595,35.705135]},"properties":{"kind":"campsite","name":"032","loop":"CBEN","siteType":"STANDARD ELECTRIC","reservable":true,"campground":"COOKSON BEND","facilityId":"233464","electric":"30","water":null,"sewer":null,"maxPeople":8,"maxVehicleFt":69,"driveway":"Back-In","surface":"Gravel","shade":"Yes","pets":"Yes","url":"https://www.recreation.gov/camping/campsites/22386"}},{"type":"Feature","geometry":{"type":"Point","coordinates":[-94.959004,35.706609]},"properties":{"kind":"campsite","name":"069","loop":"0512","siteType":"STANDARD NONELECTRIC","reservable":true,"campground":"COOKSON BEND","facilityId":"233464","electric":null,"water":null,"sewer":null,"maxPeople":8,"maxVehicleFt":0,"driveway":"Back-In","surface":"Gravel","shade":"Yes","pets":"Yes","url":"https://www.recreation.gov/camping/campsites/22381"}},{"type":"Feature","geometry":{"type":"Point","coordinates":[-94.959294,35.708467]},"properties":{"kind":"campsite","name":"G004","loop":"0512","siteType":"STANDARD ELECTRIC","reservable":true,"campground":"COOKSON BEND","facilityId":"233464","electric":"30","water":null,"sewer":null,"maxPeople":8,"maxVehicleFt":40,"driveway":"Back-In","surface":"Gravel","shade":"Yes","pets":"Yes","url":"https://www.recreation.gov/camping/campsites/22376"}},{"type":"Feature","geometry":{"type":"Point","coordinates":[-94.9551,35.705741]},"properties":{"kind":"campsite","name":"001","loop":"CBEN","siteType":"STANDARD ELECTRIC","reservable":true,"campground":"COOKSON BEND","facilityId":"233464","electric":"30","water":null,"sewer":null,"maxPeople":8,"maxVehicleFt":25,"driveway":"Back-In","surface":"Gravel","shade":"Full","pets":"Yes","url":"https://www.recreation.gov/camping/campsites/22355"}},{"type":"Feature","geometry":{"type":"Point","coordinates":[-94.960776,35.707797]},"properties":{"kind":"campsite","name":"105","loop":"0512","siteType":"STANDARD NONELECTRIC","reservable":true,"campground":"COOKSON BEND","facilityId":"233464","electric":null,"water":null,"sewer":null,"maxPeople":8,"maxVehicleFt":0,"driveway":"Back-In","surface":"Gravel","shade":"Yes","pets":"Yes","url":"https://www.recreation.gov/camping/campsites/21932"}},{"type":"Feature","geometry":{"type":"Point","coordinates":[-94.956587,35.709209]},"properties":{"kind":"campsite","name":"117","loop":"0512","siteType":"STANDARD NONELECTRIC","reservable":true,"campground":"COOKSON BEND","facilityId":"233464","electric":null,"water":null,"sewer":null,"maxPeople":8,"maxVehicleFt":0,"driveway":"Back-In","surface":"Gravel","shade":"Yes","pets":"Yes","url":"https://www.recreation.gov/camping/campsites/21934"}},{"type":"Feature","geometry":{"type":"Point","coordinates":[-94.959852,35.708269]},"properties":{"kind":"campsite","name":"XXX2","loop":"MANAGEMENT SITES","siteType":"MANAGEMENT","reservable":false,"campground":"COOKSON BEND","facilityId":"233464","electric":null,"water":null,"sewer":null,"maxPeople":0,"maxVehicleFt":0,"driveway":null,"surface":null,"shade":null,"pets":null,"url":"https://www.recreation.gov/camping/campsites/22437"}},{"type":"Feature","geometry":{"type":"Point","coordinates":[-94.959523,35.706001]},"properties":{"kind":"campsite","name":"072","loop":"0512","siteType":"STANDARD NONELECTRIC","reservable":true,"campground":"COOKSON BEND","facilityId":"233464","electric":null,"water":null,"sewer":null,"maxPeople":8,"maxVehicleFt":0,"driveway":"Back-In","surface":"Gravel","shade":"Yes","pets":"Yes","url":"https://www.recreation.gov/camping/campsites/21926"}},{"type":"Feature","geometry":{"type":"Point","coordinates":[-94.957394,35.705188]},"properties":{"kind":"campsite","name":"027","loop":"CBEN","siteType":"STANDARD ELECTRIC","reservable":true,"campground":"COOKSON BEND","facilityId":"233464","electric":"30","water":null,"sewer":null,"maxPeople":8,"maxVehicleFt":40,"driveway":"Back-In","surface":"Gravel","shade":"Yes","pets":"Yes","url":"https://www.recreation.gov/camping/campsites/22439"}},{"type":"Feature","geometry":{"type":"Point","coordinates":[-94.95391,35.70442]},"properties":{"kind":"campsite","name":"047","loop":"CBEN","siteType":"STANDARD ELECTRIC","reservable":true,"campground":"COOKSON BEND","facilityId":"233464","electric":"30","water":null,"sewer":null,"maxPeople":8,"maxVehicleFt":42,"driveway":"Back-In","surface":"Gravel","shade":"Yes","pets":"Yes","url":"https://www.recreation.gov/camping/campsites/22411"}},{"type":"Feature","geometry":{"type":"Point","coordinates":[-94.959673,35.708351]},"properties":{"kind":"campsite","name":"G002","loop":"0512","siteType":"STANDARD ELECTRIC","reservable":true,"campground":"COOKSON BEND","facilityId":"233464","electric":"30","water":null,"sewer":null,"maxPeople":8,"maxVehicleFt":34,"driveway":"Back-In","surface":"Gravel","shade":"Yes","pets":"Yes","url":"https://www.recreation.gov/camping/campsites/22392"}},{"type":"Feature","geometry":{"type":"Point","coordinates":[-94.956664,35.706172]},"properties":{"kind":"campsite","name":"011","loop":"CBEN","siteType":"STANDARD ELECTRIC","reservable":true,"campground":"COOKSON BEND","facilityId":"233464","electric":"30","water":null,"sewer":null,"maxPeople":8,"maxVehicleFt":40,"driveway":"Back-In","surface":"Gravel","shade":"Full","pets":"Yes","url":"https://www.recreation.gov/camping/campsites/22395"}},{"type":"Feature","geometry":{"type":"Point","coordinates":[-94.959163,35.707498]},"properties":{"kind":"campsite","name":"074","loop":"0512","siteType":"STANDARD NONELECTRIC","reservable":true,"campground":"COOKSON BEND","facilityId":"233464","electric":null,"water":null,"sewer":null,"maxPeople":8,"maxVehicleFt":0,"driveway":"Back-In","surface":"Gravel","shade":"Yes","pets":"Yes","url":"https://www.recreation.gov/camping/campsites/22372"}},{"type":"Feature","geometry":{"type":"Point","coordinates":[-94.960872,35.707983]},"properties":{"kind":"campsite","name":"106","loop":"0512","siteType":"STANDARD NONELECTRIC","reservable":true,"campground":"COOKSON BEND","facilityId":"233464","electric":null,"water":null,"sewer":null,"maxPeople":8,"maxVehicleFt":0,"driveway":"Back-In","surface":"Gravel","shade":"Yes","pets":"Yes","url":"https://www.recreation.gov/camping/campsites/22375"}},{"type":"Feature","geometry":{"type":"Point","coordinates":[-94.957273,35.705747]},"properties":{"kind":"campsite","name":"017","loop":"0512","siteType":"STANDARD ELECTRIC","reservable":true,"campground":"COOKSON BEND","facilityId":"233464","electric":"30","water":null,"sewer":null,"maxPeople":8,"maxVehicleFt":35,"driveway":"Back-In","surface":"Gravel","shade":"Yes","pets":"Yes","url":"https://www.recreation.gov/camping/campsites/22363"}},{"type":"Feature","geometry":{"type":"Point","coordinates":[-94.957639,35.706443]},"properties":{"kind":"campsite","name":"052","loop":"CBEN","siteType":"STANDARD ELECTRIC","reservable":true,"campground":"COOKSON BEND","facilityId":"233464","electric":"50","water":"Yes","sewer":null,"maxPeople":8,"maxVehicleFt":36,"driveway":"Back-In","surface":"Gravel","shade":"Yes","pets":"Yes","url":"https://www.recreation.gov/camping/campsites/21949"}},{"type":"Feature","geometry":{"type":"Point","coordinates":[-94.957489,35.706457]},"properties":{"kind":"campsite","name":"051","loop":"CBEN","siteType":"STANDARD ELECTRIC","reservable":true,"campground":"COOKSON BEND","facilityId":"233464","electric":"50","water":"Yes","sewer":null,"maxPeople":8,"maxVehicleFt":40,"driveway":"Back-In","surface":"Gravel","shade":"Yes","pets":"Yes","url":"https://www.recreation.gov/camping/campsites/22412"}},{"type":"Feature","geometry":{"type":"Point","coordinates":[-94.957404,35.705835]},"properties":{"kind":"campsite","name":"022","loop":"CBEN","siteType":"STANDARD ELECTRIC","reservable":true,"campground":"COOKSON BEND","facilityId":"233464","electric":"30","water":null,"sewer":null,"maxPeople":8,"maxVehicleFt":42,"driveway":"Back-In","surface":"Gravel","shade":"Full","pets":"Yes","url":"https://www.recreation.gov/camping/campsites/22407"}},{"type":"Feature","geometry":{"type":"Point","coordinates":[-94.955561,35.705067]},"properties":{"kind":"campsite","name":"034","loop":"CBEN","siteType":"STANDARD ELECTRIC","reservable":true,"campground":"COOKSON BEND","facilityId":"233464","electric":"30","water":null,"sewer":null,"maxPeople":8,"maxVehicleFt":63,"driveway":"Back-In","surface":"Gravel","shade":"Full","pets":"Yes","url":"https://www.recreation.gov/camping/campsites/22398"}},{"type":"Feature","geometry":{"type":"Point","coordinates":[-94.960603,35.707746]},"properties":{"kind":"campsite","name":"096","loop":"0512","siteType":"STANDARD NONELECTRIC","reservable":true,"campground":"COOKSON BEND","facilityId":"233464","electric":null,"water":null,"sewer":null,"maxPeople":8,"maxVehicleFt":0,"driveway":"Back-In","surface":"Gravel","shade":"Yes","pets":"Yes","url":"https://www.recreation.gov/camping/campsites/22384"}},{"type":"Feature","geometry":{"type":"Point","coordinates":[-94.959852,35.708269]},"properties":{"kind":"campsite","name":"G001","loop":"0512","siteType":"STANDARD ELECTRIC","reservable":true,"campground":"COOKSON BEND","facilityId":"233464","electric":"30","water":null,"sewer":null,"maxPeople":8,"maxVehicleFt":40,"driveway":"Back-In","surface":"Gravel","shade":"Yes","pets":"Yes","url":"https://www.recreation.gov/camping/campsites/21958"}},{"type":"Feature","geometry":{"type":"Point","coordinates":[-94.960267,35.708064]},"properties":{"kind":"campsite","name":"099","loop":"0512","siteType":"STANDARD NONELECTRIC","reservable":true,"campground":"COOKSON BEND","facilityId":"233464","electric":null,"water":null,"sewer":null,"maxPeople":8,"maxVehicleFt":0,"driveway":"Back-In","surface":"Gravel","shade":"Yes","pets":"Yes","url":"https://www.recreation.gov/camping/campsites/21954"}},{"type":"Feature","geometry":{"type":"Point","coordinates":[-94.957542,35.709037]},"properties":{"kind":"campsite","name":"114","loop":"0512","siteType":"STANDARD NONELECTRIC","reservable":true,"campground":"COOKSON BEND","facilityId":"233464","electric":null,"water":null,"sewer":null,"maxPeople":8,"maxVehicleFt":0,"driveway":"Back-In","surface":"Gravel","shade":"Yes","pets":"Yes","url":"https://www.recreation.gov/camping/campsites/22434"}},{"type":"Feature","geometry":{"type":"Point","coordinates":[-94.954515,35.704582]},"properties":{"kind":"campsite","name":"043","loop":"CBEN","siteType":"STANDARD ELECTRIC","reservable":true,"campground":"COOKSON BEND","facilityId":"233464","electric":"30","water":null,"sewer":null,"maxPeople":8,"maxVehicleFt":42,"driveway":"Back-In","surface":"Gravel","shade":"Yes","pets":"Yes","url":"https://www.recreation.gov/camping/campsites/22410"}},{"type":"Feature","geometry":{"type":"Point","coordinates":[-94.960211,35.707302]},"properties":{"kind":"campsite","name":"089","loop":"0512","siteType":"STANDARD NONELECTRIC","reservable":true,"campground":"COOKSON BEND","facilityId":"233464","electric":null,"water":null,"sewer":null,"maxPeople":8,"maxVehicleFt":0,"driveway":"Back-In","surface":"Gravel","shade":"Yes","pets":"Yes","url":"https://www.recreation.gov/camping/campsites/22374"}},{"type":"Feature","geometry":{"type":"Point","coordinates":[-94.959694,35.70655]},"properties":{"kind":"campsite","name":"082","loop":"0512","siteType":"STANDARD NONELECTRIC","reservable":true,"campground":"COOKSON BEND","facilityId":"233464","electric":null,"water":null,"sewer":null,"maxPeople":8,"maxVehicleFt":0,"driveway":"Back-In","surface":"Gravel","shade":"Yes","pets":"Yes","url":"https://www.recreation.gov/camping/campsites/21952"}},{"type":"Feature","geometry":{"type":"Point","coordinates":[-94.954907,35.704863]},"properties":{"kind":"campsite","name":"040","loop":"CBEN","siteType":"STANDARD ELECTRIC","reservable":true,"campground":"COOKSON BEND","facilityId":"233464","electric":"30","water":null,"sewer":null,"maxPeople":8,"maxVehicleFt":42,"driveway":"Back-In","surface":"Gravel","shade":"Full","pets":"Yes","url":"https://www.recreation.gov/camping/campsites/21941"}},{"type":"Feature","geometry":{"type":"Point","coordinates":[-94.957041,35.708751]},"properties":{"kind":"campsite","name":"120","loop":"0512","siteType":"STANDARD NONELECTRIC","reservable":true,"campground":"COOKSON BEND","facilityId":"233464","electric":null,"water":null,"sewer":null,"maxPeople":8,"maxVehicleFt":0,"driveway":"Back-In","surface":"Gravel","shade":"Yes","pets":"Yes","url":"https://www.recreation.gov/camping/campsites/21936"}},{"type":"Feature","geometry":{"type":"Point","coordinates":[-94.957606,35.708821]},"properties":{"kind":"campsite","name":"113","loop":"0512","siteType":"STANDARD NONELECTRIC","reservable":true,"campground":"COOKSON BEND","facilityId":"233464","electric":null,"water":null,"sewer":null,"maxPeople":8,"maxVehicleFt":0,"driveway":"Back-In","surface":"Gravel","shade":"Yes","pets":"Yes","url":"https://www.recreation.gov/camping/campsites/22420"}},{"type":"Feature","geometry":{"type":"Point","coordinates":[-94.956274,35.705926]},"properties":{"kind":"campsite","name":"016","loop":"CBEN","siteType":"STANDARD ELECTRIC","reservable":true,"campground":"COOKSON BEND","facilityId":"233464","electric":"30","water":null,"sewer":null,"maxPeople":8,"maxVehicleFt":34,"driveway":"Back-In","surface":"Gravel","shade":"Full","pets":"Yes","url":"https://www.recreation.gov/camping/campsites/22406"}},{"type":"Feature","geometry":{"type":"Point","coordinates":[-94.959211,35.706036]},"properties":{"kind":"campsite","name":"071","loop":"0512","siteType":"STANDARD NONELECTRIC","reservable":true,"campground":"COOKSON BEND","facilityId":"233464","electric":null,"water":null,"sewer":null,"maxPeople":8,"maxVehicleFt":0,"driveway":"Back-In","surface":"Gravel","shade":"Yes","pets":"Yes","url":"https://www.recreation.gov/camping/campsites/22382"}},{"type":"Feature","geometry":{"type":"Point","coordinates":[-94.959954,35.707036]},"properties":{"kind":"campsite","name":"087","loop":"0512","siteType":"STANDARD NONELECTRIC","reservable":true,"campground":"COOKSON BEND","facilityId":"233464","electric":null,"water":null,"sewer":null,"maxPeople":8,"maxVehicleFt":0,"driveway":"Back-In","surface":"Gravel","shade":"Yes","pets":"Yes","url":"https://www.recreation.gov/camping/campsites/22349"}},{"type":"Feature","geometry":{"type":"Point","coordinates":[-94.955714,35.705295]},"properties":{"kind":"campsite","name":"019","loop":"0512","siteType":"STANDARD ELECTRIC","reservable":true,"campground":"COOKSON BEND","facilityId":"233464","electric":"30","water":null,"sewer":null,"maxPeople":8,"maxVehicleFt":40,"driveway":null,"surface":"Paved","shade":"Full","pets":"Yes","url":"https://www.recreation.gov/camping/campsites/22426"}},{"type":"Feature","geometry":{"type":"Point","coordinates":[-94.9593,35.70622]},"properties":{"kind":"campsite","name":"S002","loop":"0512","siteType":"GROUP SHELTER ELECTRIC","reservable":true,"campground":"COOKSON BEND","facilityId":"233464","electric":"30","water":"Yes","sewer":null,"maxPeople":50,"maxVehicleFt":0,"driveway":"Back-In","surface":"Gravel","shade":"Yes","pets":"Yes","url":"https://www.recreation.gov/camping/campsites/22423"}},{"type":"Feature","geometry":{"type":"Point","coordinates":[-94.960936,35.707512]},"properties":{"kind":"campsite","name":"095","loop":"0512","siteType":"STANDARD NONELECTRIC","reservable":true,"campground":"COOKSON BEND","facilityId":"233464","electric":null,"water":null,"sewer":null,"maxPeople":8,"maxVehicleFt":0,"driveway":"Back-In","surface":"Gravel","shade":"Yes","pets":"Yes","url":"https://www.recreation.gov/camping/campsites/22418"}},{"type":"Feature","geometry":{"type":"Point","coordinates":[-94.95868,35.70742]},"properties":{"kind":"campsite","name":"061","loop":"0512","siteType":"STANDARD NONELECTRIC","reservable":true,"campground":"COOKSON BEND","facilityId":"233464","electric":null,"water":null,"sewer":null,"maxPeople":8,"maxVehicleFt":0,"driveway":"Back-In","surface":"Gravel","shade":"Yes","pets":"Yes","url":"https://www.recreation.gov/camping/campsites/22413"}},{"type":"Feature","geometry":{"type":"Point","coordinates":[-94.953579,35.704325]},"properties":{"kind":"campsite","name":"049","loop":"CBEN","siteType":"STANDARD ELECTRIC","reservable":true,"campground":"COOKSON BEND","facilityId":"233464","electric":"30","water":null,"sewer":null,"maxPeople":8,"maxVehicleFt":42,"driveway":"Back-In","surface":"Gravel","shade":"Yes","pets":"Yes","url":"https://www.recreation.gov/camping/campsites/21945"}},{"type":"Feature","geometry":{"type":"Point","coordinates":[-94.954668,35.704793]},"properties":{"kind":"campsite","name":"042","loop":"CBEN","siteType":"STANDARD ELECTRIC","reservable":true,"campground":"COOKSON BEND","facilityId":"233464","electric":"30","water":null,"sewer":null,"maxPeople":8,"maxVehicleFt":42,"driveway":"Back-In","surface":"Gravel","shade":"Yes","pets":"Yes","url":"https://www.recreation.gov/camping/campsites/21948"}},{"type":"Feature","geometry":{"type":"Point","coordinates":[-94.956481,35.704957]},"properties":{"kind":"campsite","name":"029","loop":"CBEN","siteType":"STANDARD ELECTRIC","reservable":true,"campground":"COOKSON BEND","facilityId":"233464","electric":"30","water":null,"sewer":null,"maxPeople":8,"maxVehicleFt":68,"driveway":"Back-In","surface":"Gravel","shade":"Yes","pets":"Yes","url":"https://www.recreation.gov/camping/campsites/21939"}},{"type":"Feature","geometry":{"type":"Point","coordinates":[-94.956747,35.709402]},"properties":{"kind":"campsite","name":"118","loop":"0512","siteType":"STANDARD NONELECTRIC","reservable":true,"campground":"COOKSON BEND","facilityId":"233464","electric":null,"water":null,"sewer":null,"maxPeople":8,"maxVehicleFt":0,"driveway":"Back-In","surface":"Gravel","shade":"Yes","pets":"Yes","url":"https://www.recreation.gov/camping/campsites/22421"}},{"type":"Feature","geometry":{"type":"Point","coordinates":[-94.955469,35.705852]},"properties":{"kind":"campsite","name":"004","loop":"CBEN","siteType":"STANDARD ELECTRIC","reservable":true,"campground":"COOKSON BEND","facilityId":"233464","electric":"30","water":null,"sewer":null,"maxPeople":8,"maxVehicleFt":32,"driveway":"Back-In","surface":"Gravel","shade":"Full","pets":"Yes","url":"https://www.recreation.gov/camping/campsites/22402"}},{"type":"Feature","geometry":{"type":"Point","coordinates":[-94.958835,35.706846]},"properties":{"kind":"campsite","name":"067","loop":"0512","siteType":"STANDARD NONELECTRIC","reservable":true,"campground":"COOKSON BEND","facilityId":"233464","electric":null,"water":null,"sewer":null,"maxPeople":8,"maxVehicleFt":0,"driveway":"Back-In","surface":"Gravel","shade":"Yes","pets":"Yes","url":"https://www.recreation.gov/camping/campsites/22371"}},{"type":"Feature","geometry":{"type":"Point","coordinates":[-94.95897,35.708288]},"properties":{"kind":"campsite","name":"G007","loop":"0512","siteType":"STANDARD ELECTRIC","reservable":true,"campground":"COOKSON BEND","facilityId":"233464","electric":"30","water":null,"sewer":null,"maxPeople":8,"maxVehicleFt":40,"driveway":"Back-In","surface":"Gravel","shade":"Yes","pets":"Yes","url":"https://www.recreation.gov/camping/campsites/22354"}},{"type":"Feature","geometry":{"type":"Point","coordinates":[-94.956043,35.705701]},"properties":{"kind":"campsite","name":"008","loop":"CBEN","siteType":"STANDARD ELECTRIC","reservable":true,"campground":"COOKSON BEND","facilityId":"233464","electric":"30","water":null,"sewer":null,"maxPeople":8,"maxVehicleFt":28,"driveway":"Back-In","surface":"Gravel","shade":"Full","pets":"Yes","url":"https://www.recreation.gov/camping/campsites/21946"}},{"type":"Feature","geometry":{"type":"Point","coordinates":[-94.959667,35.706181]},"properties":{"kind":"campsite","name":"073","loop":"0512","siteType":"STANDARD NONELECTRIC","reservable":true,"campground":"COOKSON BEND","facilityId":"233464","electric":null,"water":null,"sewer":null,"maxPeople":8,"maxVehicleFt":0,"driveway":"Back-In","surface":"Gravel","shade":"Yes","pets":"Yes","url":"https://www.recreation.gov/camping/campsites/22428"}},{"type":"Feature","geometry":{"type":"Point","coordinates":[-94.959766,35.707177]},"properties":{"kind":"campsite","name":"084","loop":"0512","siteType":"STANDARD NONELECTRIC","reservable":true,"campground":"COOKSON BEND","facilityId":"233464","electric":null,"water":null,"sewer":null,"maxPeople":8,"maxVehicleFt":0,"driveway":"Back-In","surface":"Gravel","shade":"Yes","pets":"Yes","url":"https://www.recreation.gov/camping/campsites/22367"}},{"type":"Feature","geometry":{"type":"Point","coordinates":[-94.9602,35.70843]},"properties":{"kind":"campsite","name":"100","loop":"0512","siteType":"STANDARD NONELECTRIC","reservable":true,"campground":"COOKSON BEND","facilityId":"233464","electric":null,"water":null,"sewer":null,"maxPeople":8,"maxVehicleFt":0,"driveway":"Back-In","surface":"Gravel","shade":"Yes","pets":"Yes","url":"https://www.recreation.gov/camping/campsites/21955"}},{"type":"Feature","geometry":{"type":"Point","coordinates":[-94.958339,35.70716]},"properties":{"kind":"campsite","name":"058","loop":"0512","siteType":"STANDARD NONELECTRIC","reservable":true,"campground":"COOKSON BEND","facilityId":"233464","electric":null,"water":null,"sewer":null,"maxPeople":8,"maxVehicleFt":30,"driveway":"Back-In","surface":"Gravel","shade":"Yes","pets":"Yes","url":"https://www.recreation.gov/camping/campsites/21959"}},{"type":"Feature","geometry":{"type":"Point","coordinates":[-94.955587,35.704802]},"properties":{"kind":"campsite","name":"035","loop":"CBEN","siteType":"STANDARD ELECTRIC","reservable":true,"campground":"COOKSON BEND","facilityId":"233464","electric":"30","water":null,"sewer":null,"maxPeople":8,"maxVehicleFt":42,"driveway":"Back-In","surface":"Gravel","shade":"Yes","pets":"Yes","url":"https://www.recreation.gov/camping/campsites/21947"}},{"type":"Feature","geometry":{"type":"Point","coordinates":[-94.955326,35.70475]},"properties":{"kind":"campsite","name":"037","loop":"CBEN","siteType":"STANDARD ELECTRIC","reservable":true,"campground":"COOKSON BEND","facilityId":"233464","electric":"30","water":null,"sewer":null,"maxPeople":8,"maxVehicleFt":42,"driveway":"Back-In","surface":"Gravel","shade":"Full","pets":"Yes","url":"https://www.recreation.gov/camping/campsites/22441"}},{"type":"Feature","geometry":{"type":"Point","coordinates":[-94.956896,35.706166]},"properties":{"kind":"campsite","name":"012","loop":"CBEN","siteType":"STANDARD ELECTRIC","reservable":true,"campground":"COOKSON BEND","facilityId":"233464","electric":"30","water":null,"sewer":null,"maxPeople":8,"maxVehicleFt":40,"driveway":"Back-In","surface":"Gravel","shade":"Full","pets":"Yes","url":"https://www.recreation.gov/camping/campsites/22405"}},{"type":"Feature","geometry":{"type":"Point","coordinates":[-94.959453,35.706875]},"properties":{"kind":"campsite","name":"078","loop":"0512","siteType":"STANDARD NONELECTRIC","reservable":true,"campground":"COOKSON BEND","facilityId":"233464","electric":null,"water":null,"sewer":null,"maxPeople":8,"maxVehicleFt":0,"driveway":"Back-In","surface":"Gravel","shade":"Yes","pets":"Yes","url":"https://www.recreation.gov/camping/campsites/22366"}},{"type":"Feature","geometry":{"type":"Point","coordinates":[-94.960654,35.707366]},"properties":{"kind":"campsite","name":"093","loop":"0512","siteType":"STANDARD NONELECTRIC","reservable":true,"campground":"COOKSON BEND","facilityId":"233464","electric":null,"water":null,"sewer":null,"maxPeople":8,"maxVehicleFt":0,"driveway":"Back-In","surface":"Gravel","shade":"Yes","pets":"Yes","url":"https://www.recreation.gov/camping/campsites/21953"}},{"type":"Feature","geometry":{"type":"Point","coordinates":[-94.960142,35.706934]},"properties":{"kind":"campsite","name":"088","loop":"0512","siteType":"STANDARD NONELECTRIC","reservable":true,"campground":"COOKSON BEND","facilityId":"233464","electric":null,"water":null,"sewer":null,"maxPeople":8,"maxVehicleFt":0,"driveway":"Back-In","surface":"Gravel","shade":"Yes","pets":"Yes","url":"https://www.recreation.gov/camping/campsites/22417"}},{"type":"Feature","geometry":{"type":"Point","coordinates":[-94.957667,35.705532]},"properties":{"kind":"campsite","name":"023","loop":"CBEN","siteType":"STANDARD ELECTRIC","reservable":true,"campground":"COOKSON BEND","facilityId":"233464","electric":"30","water":null,"sewer":null,"maxPeople":8,"maxVehicleFt":42,"driveway":"Back-In","surface":"Gravel","shade":"Yes","pets":"Yes","url":"https://www.recreation.gov/camping/campsites/22408"}},{"type":"Feature","geometry":{"type":"Point","coordinates":[-94.955326,35.705652]},"properties":{"kind":"campsite","name":"002","loop":"CBEN","siteType":"STANDARD ELECTRIC","reservable":true,"campground":"COOKSON BEND","facilityId":"233464","electric":"30","water":null,"sewer":null,"maxPeople":8,"maxVehicleFt":21,"driveway":"Back-In","surface":"Gravel","shade":"Full","pets":"Yes","url":"https://www.recreation.gov/camping/campsites/22400"}},{"type":"Feature","geometry":{"type":"Point","coordinates":[-94.95621,35.705779]},"properties":{"kind":"campsite","name":"009","loop":"CBEN","siteType":"STANDARD ELECTRIC","reservable":true,"campground":"COOKSON BEND","facilityId":"233464","electric":"30","water":null,"sewer":null,"maxPeople":8,"maxVehicleFt":34,"driveway":"Back-In","surface":"Gravel","shade":"Full","pets":"Yes","url":"https://www.recreation.gov/camping/campsites/22394"}},{"type":"Feature","geometry":{"type":"Point","coordinates":[-94.955736,35.704895]},"properties":{"kind":"campsite","name":"033","loop":"CBEN","siteType":"STANDARD ELECTRIC","reservable":true,"campground":"COOKSON BEND","facilityId":"233464","electric":"30","water":null,"sewer":null,"maxPeople":8,"maxVehicleFt":42,"driveway":"Back-In","surface":"Gravel","shade":"Yes","pets":"Yes","url":"https://www.recreation.gov/camping/campsites/22387"}},{"type":"Feature","geometry":{"type":"Point","coordinates":[-94.958895,35.706703]},"properties":{"kind":"campsite","name":"068","loop":"0512","siteType":"STANDARD NONELECTRIC","reservable":true,"campground":"COOKSON BEND","facilityId":"233464","electric":null,"water":null,"sewer":null,"maxPeople":8,"maxVehicleFt":0,"driveway":"Back-In","surface":"Gravel","shade":"Yes","pets":"Yes","url":"https://www.recreation.gov/camping/campsites/22348"}},{"type":"Feature","geometry":{"type":"Point","coordinates":[-94.959034,35.706898]},"properties":{"kind":"campsite","name":"063","loop":"0512","siteType":"STANDARD NONELECTRIC","reservable":true,"campground":"COOKSON BEND","facilityId":"233464","electric":null,"water":null,"sewer":null,"maxPeople":8,"maxVehicleFt":0,"driveway":"Back-In","surface":"Gravel","shade":"Yes","pets":"Yes","url":"https://www.recreation.gov/camping/campsites/21925"}},{"type":"Feature","geometry":{"type":"Point","coordinates":[-94.957073,35.705177]},"properties":{"kind":"campsite","name":"024","loop":"CBEN","siteType":"STANDARD ELECTRIC","reservable":true,"campground":"COOKSON BEND","facilityId":"233464","electric":"30","water":null,"sewer":null,"maxPeople":8,"maxVehicleFt":36,"driveway":"Back-In","surface":"Gravel","shade":"Full","pets":"Yes","url":"https://www.recreation.gov/camping/campsites/22396"}},{"type":"Feature","geometry":{"type":"Point","coordinates":[-94.957416,35.70538]},"properties":{"kind":"campsite","name":"025","loop":"CBEN","siteType":"STANDARD ELECTRIC","reservable":true,"campground":"COOKSON BEND","facilityId":"233464","electric":"30","water":null,"sewer":null,"maxPeople":8,"maxVehicleFt":36,"driveway":"Back-In","surface":"Gravel","shade":null,"pets":"Yes","url":"https://www.recreation.gov/camping/campsites/22397"}},{"type":"Feature","geometry":{"type":"Point","coordinates":[-94.958822,35.70879]},"properties":{"kind":"campsite","name":"G005","loop":"0512","siteType":"STANDARD ELECTRIC","reservable":true,"campground":"COOKSON BEND","facilityId":"233464","electric":"30","water":null,"sewer":null,"maxPeople":8,"maxVehicleFt":40,"driveway":"Back-In","surface":"Gravel","shade":"Yes","pets":"Yes","url":"https://www.recreation.gov/camping/campsites/22377"}},{"type":"Feature","geometry":{"type":"Point","coordinates":[-94.959164,35.708182]},"properties":{"kind":"campsite","name":"G008","loop":"0512","siteType":"STANDARD ELECTRIC","reservable":true,"campground":"COOKSON BEND","facilityId":"233464","electric":"30","water":null,"sewer":null,"maxPeople":8,"maxVehicleFt":42,"driveway":"Back-In","surface":"Gravel","shade":"Yes","pets":"Yes","url":"https://www.recreation.gov/camping/campsites/22370"}},{"type":"Feature","geometry":{"type":"Point","coordinates":[-94.95689,35.706027]},"properties":{"kind":"campsite","name":"013","loop":"CBEN","siteType":"STANDARD ELECTRIC","reservable":true,"campground":"COOKSON BEND","facilityId":"233464","electric":"30","water":null,"sewer":null,"maxPeople":8,"maxVehicleFt":24,"driveway":"Back-In","surface":"Gravel","shade":"Full","pets":"Yes","url":"https://www.recreation.gov/camping/campsites/22356"}},{"type":"Feature","geometry":{"type":"Point","coordinates":[-94.957492,35.706827]},"properties":{"kind":"campsite","name":"057","loop":"CBEN","siteType":"STANDARD ELECTRIC","reservable":true,"campground":"COOKSON BEND","facilityId":"233464","electric":"50","water":"Yes","sewer":null,"maxPeople":8,"maxVehicleFt":42,"driveway":"Back-In","surface":"Gravel","shade":"Yes","pets":"Yes","url":"https://www.recreation.gov/camping/campsites/21950"}},{"type":"Feature","geometry":{"type":"Point","coordinates":[-94.960464,35.707187]},"properties":{"kind":"campsite","name":"090","loop":"0512","siteType":"STANDARD NONELECTRIC","reservable":true,"campground":"COOKSON BEND","facilityId":"233464","electric":null,"water":null,"sewer":null,"maxPeople":8,"maxVehicleFt":0,"driveway":"Back-In","surface":"Gravel","shade":"Yes","pets":"Yes","url":"https://www.recreation.gov/camping/campsites/21929"}},{"type":"Feature","geometry":{"type":"Point","coordinates":[-94.956287,35.70516]},"properties":{"kind":"campsite","name":"028","loop":"CBEN","siteType":"STANDARD ELECTRIC","reservable":true,"campground":"COOKSON BEND","facilityId":"233464","electric":"30","water":null,"sewer":null,"maxPeople":8,"maxVehicleFt":160,"driveway":null,"surface":"Gravel","shade":"Yes","pets":"Yes","url":"https://www.recreation.gov/camping/campsites/22440"}},{"type":"Feature","geometry":{"type":"Point","coordinates":[-94.957803,35.706637]},"properties":{"kind":"campsite","name":"054","loop":"CBEN","siteType":"STANDARD ELECTRIC","reservable":true,"campground":"COOKSON BEND","facilityId":"233464","electric":"50","water":"Yes","sewer":null,"maxPeople":8,"maxVehicleFt":42,"driveway":"Back-In","surface":"Gravel","shade":"Yes","pets":"Yes","url":"https://www.recreation.gov/camping/campsites/22443"}},{"type":"Feature","geometry":{"type":"Point","coordinates":[-94.961163,35.707828]},"properties":{"kind":"campsite","name":"110","loop":"0512","siteType":"STANDARD NONELECTRIC","reservable":true,"campground":"COOKSON BEND","facilityId":"233464","electric":null,"water":null,"sewer":null,"maxPeople":8,"maxVehicleFt":0,"driveway":"Back-In","surface":"Gravel","shade":"Yes","pets":"Yes","url":"https://www.recreation.gov/camping/campsites/22433"}},{"type":"Feature","geometry":{"type":"Point","coordinates":[-94.96023,35.708179]},"properties":{"kind":"campsite","name":"102","loop":"0512","siteType":"STANDARD NONELECTRIC","reservable":true,"campground":"COOKSON BEND","facilityId":"233464","electric":null,"water":null,"sewer":null,"maxPeople":8,"maxVehicleFt":0,"driveway":"Back-In","surface":"Gravel","shade":"Yes","pets":"Yes","url":"https://www.recreation.gov/camping/campsites/22430"}},{"type":"Feature","geometry":{"type":"Point","coordinates":[-94.95692,35.709067]},"properties":{"kind":"campsite","name":"119","loop":"0512","siteType":"STANDARD NONELECTRIC","reservable":true,"campground":"COOKSON BEND","facilityId":"233464","electric":null,"water":null,"sewer":null,"maxPeople":8,"maxVehicleFt":0,"driveway":"Back-In","surface":"Gravel","shade":"Full","pets":"Yes","url":"https://www.recreation.gov/camping/campsites/22393"}},{"type":"Feature","geometry":{"type":"Point","coordinates":[-94.960463,35.707503]},"properties":{"kind":"campsite","name":"092","loop":"0512","siteType":"STANDARD NONELECTRIC","reservable":true,"campground":"COOKSON BEND","facilityId":"233464","electric":null,"water":null,"sewer":null,"maxPeople":8,"maxVehicleFt":0,"driveway":"Back-In","surface":"Gravel","shade":"Yes","pets":"Yes","url":"https://www.recreation.gov/camping/campsites/22368"}},{"type":"Feature","geometry":{"type":"Point","coordinates":[-94.957776,35.706493]},"properties":{"kind":"campsite","name":"053","loop":"CBEN","siteType":"STANDARD ELECTRIC","reservable":true,"campground":"COOKSON BEND","facilityId":"233464","electric":"50","water":"Yes","sewer":null,"maxPeople":8,"maxVehicleFt":42,"driveway":"Back-In","surface":"Gravel","shade":"Yes","pets":"Yes","url":"https://www.recreation.gov/camping/campsites/21943"}},{"type":"Feature","geometry":{"type":"Point","coordinates":[-94.957437,35.708642]},"properties":{"kind":"campsite","name":"121","loop":"0512","siteType":"STANDARD NONELECTRIC","reservable":true,"campground":"COOKSON BEND","facilityId":"233464","electric":null,"water":null,"sewer":null,"maxPeople":8,"maxVehicleFt":0,"driveway":"Back-In","surface":"Gravel","shade":"Yes","pets":"Yes","url":"https://www.recreation.gov/camping/campsites/21937"}},{"type":"Feature","geometry":{"type":"Point","coordinates":[-94.956025,35.70488]},"properties":{"kind":"campsite","name":"031","loop":"CBEN","siteType":"STANDARD ELECTRIC","reservable":true,"campground":"COOKSON BEND","facilityId":"233464","electric":"30","water":null,"sewer":null,"maxPeople":8,"maxVehicleFt":42,"driveway":"Back-In","surface":"Gravel","shade":"Yes","pets":"Yes","url":"https://www.recreation.gov/camping/campsites/21940"}},{"type":"Feature","geometry":{"type":"Point","coordinates":[-94.95776,35.706736]},"properties":{"kind":"campsite","name":"055","loop":"CBEN","siteType":"STANDARD ELECTRIC","reservable":true,"campground":"COOKSON BEND","facilityId":"233464","electric":"50","water":"Yes","sewer":null,"maxPeople":8,"maxVehicleFt":42,"driveway":"Back-In","surface":"Gravel","shade":"Full","pets":"Yes","url":"https://www.recreation.gov/camping/campsites/22444"}},{"type":"Feature","geometry":{"type":"Point","coordinates":[-94.959799,35.706836]},"properties":{"kind":"campsite","name":"079","loop":"0512","siteType":"STANDARD NONELECTRIC","reservable":true,"campground":"COOKSON BEND","facilityId":"233464","electric":null,"water":null,"sewer":null,"maxPeople":8,"maxVehicleFt":0,"driveway":"Back-In","surface":"Gravel","shade":"Yes","pets":"Yes","url":"https://www.recreation.gov/camping/campsites/22415"}},{"type":"Feature","geometry":{"type":"Point","coordinates":[-94.956392,35.70601]},"properties":{"kind":"campsite","name":"010","loop":"CBEN","siteType":"STANDARD ELECTRIC","reservable":true,"campground":"COOKSON BEND","facilityId":"233464","electric":"30","water":null,"sewer":null,"maxPeople":8,"maxVehicleFt":32,"driveway":"Back-In","surface":"Gravel","shade":"Full","pets":"Yes","url":"https://www.recreation.gov/camping/campsites/22404"}},{"type":"Feature","geometry":{"type":"Point","coordinates":[-94.958791,35.706937]},"properties":{"kind":"campsite","name":"066","loop":"0512","siteType":"STANDARD NONELECTRIC","reservable":true,"campground":"COOKSON BEND","facilityId":"233464","electric":null,"water":null,"sewer":null,"maxPeople":8,"maxVehicleFt":0,"driveway":"Back-In","surface":"Gravel","shade":"Yes","pets":"Yes","url":"https://www.recreation.gov/camping/campsites/22380"}},{"type":"Feature","geometry":{"type":"Point","coordinates":[-94.95441,35.704722]},"properties":{"kind":"campsite","name":"044","loop":"CBEN","siteType":"STANDARD ELECTRIC","reservable":true,"campground":"COOKSON BEND","facilityId":"233464","electric":"30","water":null,"sewer":null,"maxPeople":8,"maxVehicleFt":42,"driveway":"Back-In","surface":"Gravel","shade":"Yes","pets":"Yes","url":"https://www.recreation.gov/camping/campsites/22361"}},{"type":"Feature","geometry":{"type":"Point","coordinates":[-94.959462,35.708412]},"properties":{"kind":"campsite","name":"G003","loop":"0512","siteType":"STANDARD ELECTRIC","reservable":true,"campground":"COOKSON BEND","facilityId":"233464","electric":"30","water":null,"sewer":null,"maxPeople":8,"maxVehicleFt":40,"driveway":"Back-In","surface":"Gravel","shade":"Yes","pets":"Yes","url":"https://www.recreation.gov/camping/campsites/22351"}},{"type":"Feature","geometry":{"type":"Point","coordinates":[-94.953922,35.704594]},"properties":{"kind":"campsite","name":"048","loop":"CBEN","siteType":"STANDARD ELECTRIC","reservable":true,"campground":"COOKSON BEND","facilityId":"233464","electric":"30","water":null,"sewer":null,"maxPeople":8,"maxVehicleFt":42,"driveway":"Back-In","surface":"Gravel","shade":"Yes","pets":"Yes","url":"https://www.recreation.gov/camping/campsites/22353"}},{"type":"Feature","geometry":{"type":"Point","coordinates":[-94.958175,35.707407]},"properties":{"kind":"campsite","name":"059","loop":"0512","siteType":"TENT ONLY NONELECTRIC","reservable":true,"campground":"COOKSON BEND","facilityId":"233464","electric":null,"water":null,"sewer":null,"maxPeople":8,"maxVehicleFt":0,"driveway":"Back-In","surface":"Gravel","shade":"Yes","pets":"Yes","url":"https://www.recreation.gov/camping/campsites/22347"}},{"type":"Feature","geometry":{"type":"Point","coordinates":[-94.960393,35.707802]},"properties":{"kind":"campsite","name":"097","loop":"0512","siteType":"STANDARD NONELECTRIC","reservable":true,"campground":"COOKSON BEND","facilityId":"233464","electric":null,"water":null,"sewer":null,"maxPeople":8,"maxVehicleFt":0,"driveway":"Back-In","surface":"Gravel","shade":"Yes","pets":"Yes","url":"https://www.recreation.gov/camping/campsites/21931"}},{"type":"Feature","geometry":{"type":"Point","coordinates":[-94.96029,35.707556]},"properties":{"kind":"campsite","name":"091","loop":"0512","siteType":"STANDARD NONELECTRIC","reservable":true,"campground":"COOKSON BEND","facilityId":"233464","electric":null,"water":null,"sewer":null,"maxPeople":8,"maxVehicleFt":0,"driveway":"Back-In","surface":"Gravel","shade":"Yes","pets":"Yes","url":"https://www.recreation.gov/camping/campsites/21930"}},{"type":"Feature","geometry":{"type":"Point","coordinates":[-94.961032,35.708208]},"properties":{"kind":"campsite","name":"109","loop":"0512","siteType":"STANDARD NONELECTRIC","reservable":true,"campground":"COOKSON BEND","facilityId":"233464","electric":null,"water":null,"sewer":null,"maxPeople":8,"maxVehicleFt":0,"driveway":"Back-In","surface":"Gravel","shade":"Yes","pets":"Yes","url":"https://www.recreation.gov/camping/campsites/22432"}},{"type":"Feature","geometry":{"type":"Point","coordinates":[-94.959695,35.708025]},"properties":{"kind":"campsite","name":"G010","loop":"0512","siteType":"STANDARD ELECTRIC","reservable":true,"campground":"COOKSON BEND","facilityId":"233464","electric":"30","water":null,"sewer":null,"maxPeople":8,"maxVehicleFt":42,"driveway":"Back-In","surface":"Gravel","shade":"Full","pets":"Yes","url":"https://www.recreation.gov/camping/campsites/22424"}},{"type":"Feature","geometry":{"type":"Point","coordinates":[-94.959564,35.707611]},"properties":{"kind":"campsite","name":"085","loop":"0512","siteType":"STANDARD NONELECTRIC","reservable":true,"campground":"COOKSON BEND","facilityId":"233464","electric":null,"water":null,"sewer":null,"maxPeople":8,"maxVehicleFt":0,"driveway":"Back-In","surface":"Gravel","shade":"Yes","pets":"Yes","url":"https://www.recreation.gov/camping/campsites/22416"}},{"type":"Feature","geometry":{"type":"Point","coordinates":[-94.955854,35.705902]},"properties":{"kind":"campsite","name":"N/A","loop":"CBEN","siteType":"STANDARD ELECTRIC","reservable":false,"campground":"COOKSON BEND","facilityId":"233464","electric":"30","water":null,"sewer":null,"maxPeople":8,"maxVehicleFt":70,"driveway":null,"surface":"Gravel","shade":"Full","pets":"Yes","url":"https://www.recreation.gov/camping/campsites/22401"}},{"type":"Feature","geometry":{"type":"Point","coordinates":[-94.9602,35.70791]},"properties":{"kind":"campsite","name":"098","loop":"0512","siteType":"STANDARD NONELECTRIC","reservable":true,"campground":"COOKSON BEND","facilityId":"233464","electric":null,"water":null,"sewer":null,"maxPeople":8,"maxVehicleFt":0,"driveway":"Back-In","surface":"Gravel","shade":"Yes","pets":"Yes","url":"https://www.recreation.gov/camping/campsites/22385"}},{"type":"Feature","geometry":{"type":"Point","coordinates":[-94.959103,35.706796]},"properties":{"kind":"campsite","name":"064","loop":"0512","siteType":"STANDARD NONELECTRIC","reservable":true,"campground":"COOKSON BEND","facilityId":"233464","electric":null,"water":null,"sewer":null,"maxPeople":8,"maxVehicleFt":0,"driveway":"Back-In","surface":"Gravel","shade":"Yes","pets":"Yes","url":"https://www.recreation.gov/camping/campsites/22365"}},{"type":"Feature","geometry":{"type":"Point","coordinates":[-94.959527,35.706625]},"properties":{"kind":"campsite","name":"083","loop":"0512","siteType":"STANDARD NONELECTRIC","reservable":true,"campground":"COOKSON BEND","facilityId":"233464","electric":null,"water":null,"sewer":null,"maxPeople":8,"maxVehicleFt":0,"driveway":"Back-In","surface":"Gravel","shade":"Yes","pets":"Yes","url":"https://www.recreation.gov/camping/campsites/21928"}},{"type":"Feature","geometry":{"type":"Point","coordinates":[-94.958855,35.708551]},"properties":{"kind":"campsite","name":"S001","loop":"0512","siteType":"GROUP SHELTER ELECTRIC","reservable":true,"campground":"COOKSON BEND","facilityId":"233464","electric":"30","water":"Yes","sewer":null,"maxPeople":50,"maxVehicleFt":0,"driveway":"Back-In","surface":"Gravel","shade":"Yes","pets":"Yes","url":"https://www.recreation.gov/camping/campsites/22422"}},{"type":"Feature","geometry":{"type":"Point","coordinates":[-94.958661,35.708654]},"properties":{"kind":"campsite","name":"G006","loop":"0512","siteType":"STANDARD ELECTRIC","reservable":true,"campground":"COOKSON BEND","facilityId":"233464","electric":"30","water":null,"sewer":null,"maxPeople":8,"maxVehicleFt":40,"driveway":"Back-In","surface":"Gravel","shade":"Yes","pets":"Yes","url":"https://www.recreation.gov/camping/campsites/22352"}},{"type":"Feature","geometry":{"type":"Point","coordinates":[-95.01483682,35.66256963]},"properties":{"kind":"facility","name":"Burnt Cabin","facilityId":"248267","phone":null,"reservable":false,"url":"https://www.recreation.gov/camping/campgrounds/248267"}},{"type":"Feature","geometry":{"type":"Point","coordinates":[-94.97904542,35.70726732]},"properties":{"kind":"facility","name":"Barnacle Bill's","facilityId":"248266","phone":null,"reservable":false,"url":"https://www.recreation.gov/camping/campgrounds/248266"}},{"type":"Feature","geometry":{"type":"Point","coordinates":[-94.955864,35.70621]},"properties":{"kind":"facility","name":"Cookson Bend Marina","facilityId":"248274","phone":null,"reservable":false,"url":"https://www.recreation.gov/camping/campgrounds/248274"}},{"type":"Feature","geometry":{"type":"Point","coordinates":[-94.90826729,35.75847692]},"properties":{"kind":"facility","name":"Cherokee Landing State Park","facilityId":"248272","phone":null,"reservable":false,"url":"https://www.recreation.gov/camping/campgrounds/248272"}},{"type":"Feature","geometry":{"type":"Point","coordinates":[-95.24361924,35.92809056]},"properties":{"kind":"facility","name":"Sequoyah State Park","facilityId":"248242","phone":null,"reservable":false,"url":"https://www.recreation.gov/camping/campgrounds/248242"}},{"type":"Feature","geometry":{"type":"Point","coordinates":[-94.96868137,35.72413877]},"properties":{"kind":"facility","name":"Sizemore Landing","facilityId":"248269","phone":null,"reservable":false,"url":"https://www.recreation.gov/camping/campgrounds/248269"}},{"type":"Feature","geometry":{"type":"Point","coordinates":[-95.264433,36.004765]},"properties":{"kind":"facility","name":"Whitehorn Cove","facilityId":"248237","phone":null,"reservable":false,"url":"https://www.recreation.gov/camping/campgrounds/248237"}},{"type":"Feature","geometry":{"type":"Point","coordinates":[-95.30884,35.951899]},"properties":{"kind":"facility","name":"Long Bay Landing","facilityId":"248236","phone":null,"reservable":false,"url":"https://www.recreation.gov/camping/campgrounds/248236"}},{"type":"Feature","geometry":{"type":"Point","coordinates":[-95.12807215,35.51633786]},"properties":{"kind":"facility","name":"Webbers Falls City Park","facilityId":"248220","phone":null,"reservable":false,"url":"https://www.recreation.gov/camping/campgrounds/248220"}},{"type":"Feature","geometry":{"type":"Point","coordinates":[-95.183937,35.578445]},"properties":{"kind":"facility","name":"Brewers Bend","facilityId":"248221","phone":null,"reservable":false,"url":"https://www.recreation.gov/camping/campgrounds/248221"}},{"type":"Feature","geometry":{"type":"Point","coordinates":[-95.30004219,35.90456941]},"properties":{"kind":"facility","name":"Jackson Bay Marina","facilityId":"248245","phone":null,"reservable":false,"url":"https://www.recreation.gov/camping/campgrounds/248245"}},{"type":"Feature","geometry":{"type":"Point","coordinates":[-95.291838,35.9092354]},"properties":{"kind":"facility","name":"Jackson Bay","facilityId":"248244","phone":null,"reservable":false,"url":"https://www.recreation.gov/camping/campgrounds/248244"}},{"type":"Feature","geometry":{"type":"Point","coordinates":[-94.899247,35.74716]},"properties":{"kind":"facility","name":"Elk Creek Marina","facilityId":"248273","phone":null,"reservable":false,"url":"https://www.recreation.gov/camping/campgrounds/248273"}},{"type":"Feature","geometry":{"type":"Point","coordinates":[-95.03068331,35.59946996]},"properties":{"kind":"facility","name":"Tenkiller State Park","facilityId":"248271","phone":null,"reservable":false,"url":"https://www.recreation.gov/camping/campgrounds/248271"}},{"type":"Feature","geometry":{"type":"Point","coordinates":[-95.2764738,35.9409552]},"properties":{"kind":"facility","name":"Taylor Ferry Marina","facilityId":"248243","phone":null,"reservable":false,"url":"https://www.recreation.gov/camping/campgrounds/248243"}},{"type":"Feature","geometry":{"type":"Point","coordinates":[-94.89332202,35.79827921]},"properties":{"kind":"facility","name":"Carters Landing","facilityId":"248270","phone":null,"reservable":false,"url":"https://www.recreation.gov/camping/campgrounds/248270"}}]}