{"type":"FeatureCollection","attribution":"© OpenStreetMap contributors (ODbL)","generated":"2026-08-17","features":[{"type":"Feature","geometry":{"type":"LineString","coordinates":[[-94.796752,35.644581],[-94.797036,35.644728],[-94.797249,35.644757],[-94.797409,35.64473],[-94.797942,35.644488],[-94.798119,35.644473],[-94.798296,35.644446],[-94.798527,35.644475],[-94.799183,35.644694],[-94.799378,35.644695],[-94.799502,35.644668],[-94.79975,35.644611],[-94.799892,35.644525],[-94.800053,35.644382],[-94.800248,35.644311],[-94.800496,35.644283],[-94.801099,35.644358]]},"properties":{"name":null,"kind":"path","surface":null,"difficulty":null,"access":null,"bicycle":null,"horse":null}},{"type":"Feature","geometry":{"type":"LineString","coordinates":[[-94.80092,35.812696],[-94.800972,35.813172],[-94.800795,35.813547],[-94.800502,35.813748],[-94.800201,35.813878],[-94.799935,35.813892],[-94.799722,35.81382]]},"properties":{"name":null,"kind":"path","surface":null,"difficulty":null,"access":null,"bicycle":null,"horse":null}},{"type":"Feature","geometry":{"type":"LineString","coordinates":[[-95.235563,35.798357],[-95.235326,35.798299],[-95.235175,35.798277],[-95.235062,35.798237],[-95.235018,35.798193],[-95.23496,35.798174],[-95.23489,35.798167],[-95.23485,35.798177],[-95.234791,35.798166],[-95.234731,35.798174],[-95.234677,35.798214],[-95.234678,35.798253],[-95.234645,35.798289],[-95.234557,35.798283],[-95.234489,35.798276],[-95.23422,35.798269]]},"properties":{"name":null,"kind":"footway","surface":null,"difficulty":null,"access":null,"bicycle":null,"horse":null}},{"type":"Feature","geometry":{"type":"LineString","coordinates":[[-95.239217,35.7948],[-95.239203,35.794874]]},"properties":{"name":null,"kind":"footway","surface":null,"difficulty":null,"access":null,"bicycle":null,"horse":null}},{"type":"Feature","geometry":{"type":"LineString","coordinates":[[-95.236007,35.798722],[-95.236013,35.79897],[-95.236006,35.799416],[-95.236003,35.799459],[-95.235952,35.799502],[-95.235447,35.799945]]},"properties":{"name":null,"kind":"footway","surface":null,"difficulty":null,"access":null,"bicycle":null,"horse":null}},{"type":"Feature","geometry":{"type":"LineString","coordinates":[[-94.968546,35.638605],[-94.968578,35.63795]]},"properties":{"name":null,"kind":"path","surface":null,"difficulty":null,"access":null,"bicycle":null,"horse":null}},{"type":"Feature","geometry":{"type":"LineString","coordinates":[[-95.080783,35.620056],[-95.081856,35.620065]]},"properties":{"name":null,"kind":"path","surface":null,"difficulty":null,"access":null,"bicycle":null,"horse":null}},{"type":"Feature","geometry":{"type":"LineString","coordinates":[[-95.088336,35.520922],[-95.089035,35.52096],[-95.089969,35.521233],[-95.090913,35.521458],[-95.091561,35.521697]]},"properties":{"name":null,"kind":"path","surface":null,"difficulty":null,"access":null,"bicycle":null,"horse":null}},{"type":"Feature","geometry":{"type":"LineString","coordinates":[[-94.7665,35.444656],[-94.766466,35.444654],[-94.766438,35.444666],[-94.766412,35.444682],[-94.766392,35.444704],[-94.76631,35.444839],[-94.766239,35.44492],[-94.766215,35.444976]]},"properties":{"name":null,"kind":"footway","surface":null,"difficulty":null,"access":null,"bicycle":null,"horse":null}},{"type":"Feature","geometry":{"type":"LineString","coordinates":[[-94.770559,35.445527],[-94.770225,35.445527],[-94.770148,35.445454],[-94.770093,35.445428],[-94.77001,35.445415],[-94.76983,35.445408],[-94.769786,35.445404],[-94.769747,35.445387],[-94.769516,35.445257],[-94.769324,35.44513],[-94.769276,35.445107],[-94.769243,35.445101],[-94.768845,35.445102],[-94.768592,35.445103],[-94.768306,35.445072],[-94.768047,35.445019],[-94.767679,35.444936],[-94.767544,35.444894],[-94.767287,35.444761],[-94.767072,35.444744],[-94.76691,35.444717]]},"properties":{"name":null,"kind":"footway","surface":null,"difficulty":null,"access":null,"bicycle":null,"horse":null}},{"type":"Feature","geometry":{"type":"LineString","coordinates":[[-94.76691,35.444717],[-94.7665,35.444656]]},"properties":{"name":null,"kind":"footway","surface":null,"difficulty":null,"access":null,"bicycle":null,"horse":null}},{"type":"Feature","geometry":{"type":"LineString","coordinates":[[-94.974153,35.447176],[-94.974211,35.447093]]},"properties":{"name":"Horton Slough Nature Trail","kind":"footway","surface":null,"difficulty":null,"access":null,"bicycle":null,"horse":null}},{"type":"Feature","geometry":{"type":"LineString","coordinates":[[-94.973898,35.447549],[-94.974153,35.447176]]},"properties":{"name":"Horton Slough Nature Trail","kind":"footway","surface":null,"difficulty":null,"access":null,"bicycle":null,"horse":null}},{"type":"Feature","geometry":{"type":"LineString","coordinates":[[-94.973355,35.447934],[-94.973717,35.44771],[-94.973898,35.447549]]},"properties":{"name":"Horton Slough Nature Trail","kind":"footway","surface":null,"difficulty":null,"access":null,"bicycle":null,"horse":null}},{"type":"Feature","geometry":{"type":"LineString","coordinates":[[-95.162705,35.564542],[-95.162415,35.564603],[-95.162243,35.564658],[-95.162018,35.564771],[-95.161761,35.564777],[-95.161503,35.564882],[-95.161385,35.564987],[-95.161299,35.565222],[-95.161299,35.565406],[-95.161042,35.565609],[-95.160935,35.565711],[-95.160827,35.565982],[-95.160752,35.566095],[-95.160387,35.56613],[-95.160205,35.56608],[-95.159872,35.565967],[-95.159636,35.565932],[-95.159368,35.565914],[-95.159207,35.565912],[-95.158853,35.565984],[-95.158617,35.566002],[-95.158327,35.565955],[-95.158134,35.565833],[-95.15793,35.565635],[-95.157823,35.565522],[-95.15763,35.565277],[-95.157555,35.565153],[-95.157448,35.565024],[-95.157491,35.564876],[-95.157512,35.564734],[-95.157501,35.564533],[-95.157458,35.564396],[-95.157437,35.564262],[-95.157298,35.564213],[-95.157061,35.56414],[-95.156858,35.564062]]},"properties":{"name":null,"kind":"path","surface":null,"difficulty":null,"access":"private","bicycle":null,"horse":null}},{"type":"Feature","geometry":{"type":"LineString","coordinates":[[-95.14924,35.573446],[-95.149465,35.573385],[-95.149723,35.573321],[-95.149927,35.573271],[-95.150281,35.573251],[-95.150432,35.573208],[-95.150753,35.573103],[-95.150892,35.572975],[-95.151075,35.572771],[-95.15115,35.572643],[-95.151343,35.572495],[-95.151407,35.572399],[-95.151729,35.572268],[-95.151933,35.572163],[-95.152223,35.572067],[-95.152394,35.571936],[-95.152577,35.571814],[-95.152748,35.571735],[-95.153006,35.571593],[-95.153188,35.571523],[-95.153424,35.571491],[-95.153585,35.571401],[-95.153864,35.571305],[-95.154004,35.571238],[-95.154261,35.571043],[-95.154358,35.570924],[-95.154519,35.570738],[-95.15468,35.570592],[-95.154873,35.570432],[-95.154969,35.570258],[-95.155173,35.570138],[-95.155259,35.570034],[-95.155538,35.569848],[-95.155602,35.569737],[-95.155828,35.569612],[-95.155946,35.569534],[-95.156192,35.569342],[-95.156321,35.569272],[-95.156396,35.569036],[-95.156439,35.568897],[-95.156546,35.568652],[-95.1566,35.568495],[-95.15674,35.568146],[-95.156836,35.567858],[-95.156879,35.567738],[-95.156976,35.567535],[-95.157008,35.567337],[-95.157126,35.567169],[-95.157158,35.567038],[-95.15719,35.566776],[-95.157233,35.566627],[-95.157244,35.566383],[-95.157276,35.566226],[-95.157276,35.566008],[-95.157158,35.565894],[-95.157029,35.565606],[-95.156986,35.565441],[-95.156965,35.565231],[-95.156943,35.565065],[-95.156943,35.56483],[-95.156933,35.564664],[-95.15689,35.564463],[-95.156879,35.564271],[-95.156868,35.564097],[-95.156858,35.564062],[-95.156793,35.563835],[-95.156772,35.563503],[-95.156825,35.56325],[-95.156836,35.563084],[-95.156804,35.562883],[-95.15674,35.562718],[-95.156568,35.562546],[-95.156471,35.562406],[-95.156418,35.56215],[-95.15645,35.562019],[-95.156493,35.56176],[-95.156439,35.561504],[-95.15631,35.56133],[-95.156235,35.561193],[-95.156107,35.560992],[-95.156021,35.560852],[-95.156032,35.560579],[-95.15615,35.560425],[-95.156364,35.560178]]},"properties":{"name":null,"kind":"path","surface":null,"difficulty":null,"access":"private","bicycle":null,"horse":null}},{"type":"Feature","geometry":{"type":"LineString","coordinates":[[-95.176299,35.61667],[-95.176261,35.61672],[-95.17606,35.616735],[-95.175896,35.616781],[-95.175379,35.617099],[-95.174359,35.617241],[-95.174263,35.617236],[-95.174121,35.617204],[-95.174013,35.617162],[-95.172927,35.616951],[-95.172718,35.617119],[-95.17253,35.617209]]},"properties":{"name":"Greenleaf Trail","kind":"footway","surface":null,"difficulty":null,"access":null,"bicycle":null,"horse":null}},{"type":"Feature","geometry":{"type":"LineString","coordinates":[[-95.166782,35.624608],[-95.166889,35.624534],[-95.166946,35.624447],[-95.166938,35.624283],[-95.166715,35.623862],[-95.166629,35.623616],[-95.166691,35.622903],[-95.166996,35.622399],[-95.167407,35.621826],[-95.167782,35.620821],[-95.167667,35.619809],[-95.167729,35.619282],[-95.167978,35.619046],[-95.167933,35.618891],[-95.168024,35.618859],[-95.168118,35.618856],[-95.168231,35.618848],[-95.168373,35.618774],[-95.168458,35.618732],[-95.168805,35.618442],[-95.169025,35.61834],[-95.169467,35.618133],[-95.169668,35.618032],[-95.169861,35.617987],[-95.170132,35.617864],[-95.170379,35.617725],[-95.170507,35.617701],[-95.170696,35.617701],[-95.170894,35.617712],[-95.171025,35.617729],[-95.171197,35.61774],[-95.171452,35.61772],[-95.171599,35.617696],[-95.171715,35.617607],[-95.171809,35.617516],[-95.171854,35.617408]]},"properties":{"name":"Greenleaf Trail","kind":"footway","surface":null,"difficulty":null,"access":null,"bicycle":null,"horse":null}},{"type":"Feature","geometry":{"type":"LineString","coordinates":[[-95.198183,35.663435],[-95.198223,35.663399],[-95.198271,35.663363]]},"properties":{"name":null,"kind":"footway","surface":null,"difficulty":null,"access":null,"bicycle":null,"horse":null}},{"type":"Feature","geometry":{"type":"LineString","coordinates":[[-95.22007,35.760622],[-95.219987,35.760597],[-95.219568,35.760515]]},"properties":{"name":null,"kind":"path","surface":null,"difficulty":null,"access":null,"bicycle":null,"horse":null}},{"type":"Feature","geometry":{"type":"LineString","coordinates":[[-95.219568,35.760515],[-95.218986,35.760385]]},"properties":{"name":null,"kind":"path","surface":null,"difficulty":null,"access":null,"bicycle":null,"horse":null}},{"type":"Feature","geometry":{"type":"LineString","coordinates":[[-95.218986,35.760385],[-95.218723,35.760358],[-95.218605,35.760358],[-95.218498,35.760376],[-95.218364,35.760422],[-95.218214,35.760483],[-95.218117,35.760539],[-95.218062,35.760604]]},"properties":{"name":null,"kind":"path","surface":null,"difficulty":null,"access":null,"bicycle":null,"horse":null}},{"type":"Feature","geometry":{"type":"LineString","coordinates":[[-95.260491,35.798624],[-95.261232,35.798637],[-95.261282,35.798631],[-95.261328,35.798594],[-95.261374,35.798559],[-95.261414,35.798548],[-95.261637,35.798554],[-95.261743,35.79855],[-95.261835,35.798537],[-95.261942,35.798456],[-95.262202,35.798178],[-95.262425,35.797894],[-95.26241,35.797688],[-95.262682,35.797346],[-95.262947,35.797071],[-95.263008,35.796968],[-95.263142,35.796875],[-95.263396,35.796472],[-95.263447,35.796335],[-95.263529,35.796245],[-95.263681,35.79623],[-95.263752,35.796194],[-95.264024,35.795846],[-95.264293,35.795551],[-95.264689,35.7952],[-95.264752,35.795146],[-95.26476,35.795103],[-95.264766,35.794981],[-95.264785,35.794945],[-95.265184,35.794822],[-95.26537,35.794775],[-95.265565,35.794668],[-95.265644,35.794615],[-95.265729,35.794586],[-95.265971,35.79458],[-95.26632,35.794531],[-95.266426,35.794519],[-95.26684,35.794573],[-95.267187,35.794596],[-95.267381,35.794514],[-95.267624,35.794585],[-95.26772,35.794617],[-95.268023,35.794622],[-95.268174,35.79463],[-95.268341,35.794674],[-95.268535,35.794734],[-95.268734,35.794962],[-95.268801,35.79501],[-95.269497,35.795211],[-95.269767,35.795356],[-95.270151,35.795555],[-95.270404,35.795627],[-95.270801,35.795689],[-95.271385,35.795825],[-95.271998,35.795958],[-95.272295,35.796072],[-95.272509,35.796099],[-95.273134,35.796049],[-95.273465,35.796075],[-95.273626,35.796124],[-95.273764,35.79614],[-95.27411,35.796098],[-95.274305,35.796143],[-95.27436,35.796156],[-95.27457,35.796114],[-95.274717,35.79615],[-95.275279,35.79612],[-95.275633,35.796145],[-95.275897,35.796103],[-95.276319,35.796135],[-95.276518,35.79607],[-95.276709,35.796104],[-95.277176,35.795958],[-95.277409,35.795957],[-95.277601,35.795938],[-95.277912,35.795916],[-95.278157,35.795849],[-95.278327,35.79584],[-95.278634,35.795743],[-95.279108,35.795675],[-95.279642,35.795619],[-95.27979,35.795574],[-95.279861,35.795511],[-95.280017,35.795483],[-95.280257,35.795497],[-95.280332,35.795444],[-95.280473,35.79528],[-95.280602,35.795228],[-95.280756,35.79519],[-95.280902,35.795209],[-95.2812,35.795155],[-95.281533,35.795],[-95.28179,35.794987],[-95.281943,35.794961],[-95.282155,35.794982],[-95.2823,35.794978],[-95.282813,35.794811],[-95.283103,35.794821],[-95.283432,35.794762],[-95.28434,35.794719],[-95.28483,35.79473],[-95.284912,35.794692],[-95.285005,35.794617],[-95.285104,35.794593],[-95.285187,35.794605],[-95.285308,35.794695],[-95.285414,35.794723],[-95.285709,35.794622],[-95.285904,35.794594],[-95.28598,35.794565],[-95.286186,35.794435],[-95.286638,35.79427],[-95.286922,35.794242],[-95.287433,35.79425],[-95.28761,35.794218],[-95.287862,35.794114],[-95.288484,35.794022],[-95.288551,35.794011],[-95.288805,35.793997],[-95.288926,35.793961],[-95.2891,35.793877],[-95.28926,35.793863],[-95.289316,35.793829],[-95.289443,35.793708],[-95.289963,35.793562],[-95.290102,35.793455],[-95.290355,35.79344],[-95.290904,35.793286],[-95.291132,35.793149],[-95.291322,35.793107],[-95.291522,35.792996],[-95.291758,35.79285],[-95.291986,35.792659],[-95.292128,35.792515],[-95.292296,35.792438],[-95.29241,35.792328],[-95.292491,35.792271],[-95.292854,35.792134],[-95.292963,35.792008],[-95.293052,35.791963],[-95.293263,35.791794],[-95.29331,35.791736],[-95.293307,35.791697],[-95.293187,35.791606],[-95.293159,35.791553],[-95.293194,35.791502],[-95.293258,35.791395],[-95.293233,35.791236],[-95.29316,35.790961],[-95.292944,35.790572],[-95.292884,35.790383],[-95.292874,35.790186],[-95.292828,35.790043],[-95.292779,35.789952],[-95.292759,35.789897],[-95.292773,35.789849],[-95.292949,35.789781],[-95.292993,35.789741],[-95.293031,35.789682],[-95.292996,35.789267],[-95.292925,35.789147],[-95.292924,35.789112],[-95.292942,35.789063],[-95.293035,35.788791],[-95.293123,35.788183],[-95.293236,35.787252],[-95.293344,35.786459],[-95.29333,35.786394],[-95.293243,35.786235],[-95.293245,35.786197],[-95.2933,35.786071],[-95.293304,35.786021],[-95.29328,35.785909],[-95.293314,35.78577],[-95.293367,35.785653],[-95.293497,35.785506],[-95.293519,35.785429],[-95.293604,35.784951],[-95.293613,35.784898],[-95.293641,35.784844],[-95.293819,35.784707],[-95.29383,35.784645],[-95.293822,35.784457],[-95.293861,35.784202],[-95.293929,35.784099],[-95.293937,35.784052],[-95.293899,35.783988],[-95.2939,35.783949],[-95.293925,35.783912],[-95.294054,35.783837],[-95.294094,35.783779],[-95.294123,35.783709],[-95.294314,35.783167],[-95.294469,35.783054],[-95.294644,35.782944],[-95.294678,35.782911],[-95.294702,35.782759],[-95.294773,35.782515],[-95.294862,35.782279],[-95.29498,35.782122],[-95.29502,35.782024],[-95.295012,35.781897],[-95.295035,35.781841],[-95.295063,35.781768],[-95.295142,35.781641],[-95.295243,35.781518],[-95.295354,35.781471],[-95.295468,35.781477],[-95.29556,35.781455],[-95.295593,35.781416],[-95.295604,35.781367],[-95.295662,35.780953],[-95.29571,35.780915],[-95.295924,35.780824],[-95.296042,35.7807],[-95.296136,35.780552],[-95.296152,35.780477],[-95.296127,35.780423],[-95.296028,35.78035],[-95.295895,35.780185],[-95.295888,35.78012],[-95.295937,35.780032],[-95.2959,35.779951],[-95.295931,35.7798],[-95.295879,35.779657],[-95.295893,35.779291],[-95.295922,35.77918],[-95.29582,35.779007],[-95.295773,35.778878],[-95.295751,35.778749],[-95.295784,35.778615],[-95.295892,35.778474],[-95.295914,35.778411],[-95.295907,35.778335],[-95.295865,35.77812],[-95.295864,35.778026],[-95.295913,35.777546],[-95.295953,35.777404],[-95.296099,35.776982],[-95.296119,35.776893],[-95.296139,35.776553],[-95.296184,35.776386],[-95.296233,35.776263],[-95.296226,35.776176],[-95.296198,35.776051],[-95.296201,35.775951],[-95.29623,35.775872],[-95.296298,35.775699],[-95.296323,35.775572],[-95.296382,35.775411],[-95.296507,35.775294],[-95.296602,35.775226],[-95.29662,35.775185],[-95.296618,35.775157],[-95.296585,35.7751],[-95.296522,35.775054],[-95.296349,35.774988],[-95.296259,35.774938],[-95.296238,35.774907],[-95.296238,35.774876],[-95.296476,35.774605],[-95.296518,35.774325],[-95.29661,35.774217],[-95.296641,35.774108],[-95.296587,35.773976],[-95.296597,35.773815],[-95.296617,35.773757],[-95.296798,35.773648],[-95.296891,35.773472],[-95.296893,35.773361],[-95.296896,35.773274],[-95.29696,35.773194],[-95.296977,35.773051],[-95.297047,35.772981],[-95.2971,35.77289],[-95.297273,35.772425],[-95.297274,35.7723],[-95.297269,35.772226],[-95.297171,35.772165],[-95.297104,35.772093],[-95.297018,35.771794],[-95.297121,35.771538],[-95.297173,35.771458],[-95.297316,35.771431],[-95.297404,35.771391],[-95.297431,35.771328],[-95.29749,35.771084],[-95.297548,35.770761],[-95.297577,35.770713],[-95.297663,35.770554],[-95.297905,35.770104],[-95.297926,35.769785],[-95.297921,35.769678],[-95.297926,35.769547],[-95.297886,35.769286],[-95.297875,35.769142],[-95.297846,35.769086],[-95.297811,35.768997],[-95.297787,35.768955],[-95.297784,35.768901],[-95.297803,35.768833],[-95.297859,35.768714],[-95.297872,35.768655],[-95.297867,35.768607],[-95.297835,35.768561],[-95.297751,35.768546],[-95.297612,35.768537]]},"properties":{"name":"Three Forks Trail","kind":"path","surface":"ground","difficulty":null,"access":null,"bicycle":"yes","horse":null}},{"type":"Feature","geometry":{"type":"LineString","coordinates":[[-95.147663,35.638336],[-95.147426,35.638332],[-95.147018,35.638339],[-95.146451,35.638057],[-95.14595,35.638066],[-95.145915,35.637998],[-95.145792,35.637928],[-95.145499,35.637702],[-95.144848,35.637737],[-95.144662,35.637789],[-95.144579,35.637995],[-95.144555,35.638329],[-95.144405,35.638512],[-95.144032,35.63859],[-95.143591,35.638625],[-95.14334,35.638461],[-95.142751,35.63846],[-95.142517,35.638145]]},"properties":{"name":"Greenleaf Trail","kind":"footway","surface":null,"difficulty":null,"access":null,"bicycle":null,"horse":null}},{"type":"Feature","geometry":{"type":"LineString","coordinates":[[-95.154768,35.609652],[-95.154906,35.609726],[-95.154929,35.609739],[-95.155024,35.60982],[-95.155127,35.60999],[-95.155157,35.610169],[-95.155227,35.610268],[-95.155289,35.610426],[-95.155403,35.610589],[-95.155754,35.610718],[-95.15583,35.610824],[-95.155872,35.610908],[-95.156082,35.610902],[-95.156447,35.611131],[-95.156699,35.611216],[-95.156796,35.611329],[-95.157255,35.611588],[-95.15758,35.611818],[-95.157909,35.612257],[-95.158038,35.612411],[-95.158291,35.612577],[-95.158537,35.612936],[-95.158689,35.613187],[-95.158723,35.613485],[-95.158598,35.613561],[-95.15857,35.613578],[-95.158528,35.613731],[-95.158393,35.613937],[-95.158298,35.614097],[-95.158119,35.61421],[-95.157955,35.614493],[-95.158156,35.614774],[-95.158286,35.614854],[-95.158521,35.615209],[-95.158738,35.615533],[-95.158859,35.61553],[-95.15931,35.615492],[-95.159318,35.615491],[-95.159549,35.615553],[-95.159665,35.615637],[-95.159755,35.615756],[-95.159835,35.615897],[-95.159883,35.616143],[-95.159922,35.616245],[-95.159803,35.616503],[-95.15983,35.616803],[-95.159659,35.617032],[-95.159561,35.617292],[-95.159411,35.617255],[-95.159386,35.617386],[-95.159207,35.617756],[-95.159175,35.617997],[-95.159217,35.618162],[-95.159222,35.618445],[-95.159174,35.618605],[-95.159051,35.618769],[-95.158802,35.618919],[-95.158638,35.619005],[-95.158284,35.619051],[-95.157988,35.619175],[-95.157819,35.619285],[-95.157641,35.619442],[-95.157328,35.619601],[-95.157147,35.619862],[-95.156962,35.619934],[-95.156859,35.619871],[-95.156432,35.619661],[-95.156297,35.619744],[-95.156215,35.61985],[-95.156342,35.620123],[-95.156224,35.620382],[-95.15609,35.620587],[-95.155815,35.620647],[-95.155691,35.620687],[-95.155459,35.620755],[-95.155384,35.620871],[-95.155211,35.621038],[-95.154859,35.621116],[-95.154519,35.621192],[-95.154165,35.621377],[-95.153978,35.621368],[-95.15387,35.621434],[-95.153858,35.621561],[-95.153955,35.6217],[-95.153867,35.621905],[-95.153916,35.621968],[-95.153935,35.622095],[-95.153926,35.622363],[-95.153807,35.622505],[-95.153812,35.622686],[-95.154058,35.622513],[-95.154412,35.622418],[-95.154633,35.622528],[-95.154836,35.622537],[-95.155006,35.622471],[-95.155209,35.62248],[-95.155366,35.622502],[-95.155599,35.62246],[-95.156048,35.622337],[-95.156297,35.62232],[-95.156552,35.622532],[-95.156667,35.622747],[-95.156661,35.623091],[-95.156606,35.623372],[-95.156448,35.623804],[-95.156177,35.624221],[-95.156165,35.624387],[-95.156343,35.6246],[-95.156521,35.624851],[-95.156557,35.625029],[-95.156607,35.62513],[-95.15674,35.625446],[-95.156873,35.625737],[-95.156942,35.62599],[-95.156952,35.626385],[-95.156991,35.626665],[-95.156949,35.626831],[-95.156957,35.627124],[-95.156994,35.627353],[-95.156987,35.627659],[-95.156915,35.627877],[-95.156749,35.628096],[-95.156629,35.628302],[-95.156434,35.628586],[-95.156318,35.628894],[-95.15627,35.629455],[-95.156198,35.629686],[-95.155988,35.62997],[-95.155837,35.630177],[-95.155566,35.630461],[-95.155417,35.630732],[-95.155342,35.63086],[-95.155178,35.631144],[-95.155136,35.631297],[-95.154894,35.631607],[-95.154773,35.631724],[-95.154606,35.631918],[-95.154547,35.632047],[-95.154153,35.632474],[-95.15362,35.633086],[-95.153379,35.633291],[-95.153139,35.633815],[-95.152895,35.633873],[-95.152631,35.633929],[-95.152427,35.633894],[-95.152318,35.633909],[-95.152054,35.633939],[-95.151757,35.633906],[-95.151447,35.634001],[-95.151041,35.633995],[-95.1507,35.63409],[-95.150564,35.634259],[-95.150568,35.634411],[-95.150713,35.634562],[-95.150921,35.634749],[-95.151082,35.635054],[-95.151034,35.635464],[-95.150789,35.635669],[-95.150651,35.635748],[-95.150331,35.636034],[-95.150245,35.636259],[-95.150174,35.636508],[-95.150007,35.636689],[-95.149744,35.636758],[-95.14964,35.636951],[-95.149616,35.637257],[-95.149496,35.637424],[-95.149376,35.637605],[-95.149098,35.637725],[-95.148646,35.637733],[-95.14832,35.637802],[-95.148105,35.637946],[-95.148046,35.638075],[-95.147924,35.638166],[-95.147739,35.638246],[-95.147663,35.638336],[-95.147696,35.638399],[-95.147641,35.638681],[-95.1476,35.638873],[-95.147457,35.638786],[-95.147251,35.638662],[-95.147062,35.638627],[-95.146879,35.638784],[-95.14684,35.639064],[-95.146833,35.639383],[-95.146838,35.639587],[-95.146856,35.639663],[-95.146719,35.639793],[-95.14676,35.640162],[-95.146826,35.640313],[-95.146739,35.640544],[-95.14676,35.640747],[-95.146924,35.641038],[-95.147036,35.64115],[-95.147366,35.641221],[-95.147696,35.641317],[-95.147799,35.641646],[-95.147945,35.641847],[-95.148198,35.64197],[-95.148201,35.642111],[-95.148006,35.642407],[-95.147563,35.642772],[-95.147408,35.642787],[-95.147145,35.642881],[-95.146978,35.643075],[-95.146971,35.643381],[-95.147024,35.643609],[-95.147089,35.643723],[-95.147047,35.643902],[-95.146991,35.64412],[-95.146808,35.644289],[-95.146766,35.644481],[-95.146723,35.644609],[-95.146481,35.644906],[-95.146048,35.645067],[-95.145834,35.645236],[-95.145709,35.645213],[-95.145648,35.645265],[-95.145523,35.645267],[-95.14523,35.645412],[-95.145075,35.645453],[-95.144859,35.645521],[-95.144704,35.645587],[-95.144377,35.645606],[-95.143986,35.645588],[-95.143695,35.645567],[-95.143572,35.64562],[-95.143353,35.645624],[-95.143071,35.645578],[-95.142821,35.645583],[-95.142263,35.645695],[-95.141968,35.645763],[-95.14136,35.645787],[-95.141144,35.645893],[-95.140987,35.645857],[-95.140909,35.645859],[-95.140704,35.645799],[-95.140346,35.645818],[-95.140115,35.645924],[-95.139896,35.64594],[-95.139633,35.645996],[-95.139149,35.646017],[-95.138902,35.646098],[-95.138811,35.646202],[-95.138592,35.646193],[-95.13836,35.646261],[-95.138097,35.646367],[-95.13765,35.646579],[-95.137403,35.64666],[-95.137002,35.646858],[-95.136816,35.6469],[-95.136694,35.647004],[-95.136554,35.647045],[-95.136092,35.647269],[-95.135409,35.647422],[-95.134696,35.647613],[-95.134122,35.64775],[-95.133715,35.647681],[-95.133332,35.647369],[-95.133092,35.647144],[-95.133088,35.647004],[-95.132958,35.646815],[-95.132823,35.646448],[-95.132738,35.646182],[-95.132718,35.646004],[-95.13256,35.64593],[-95.132337,35.645782],[-95.131973,35.645597],[-95.131505,35.64558],[-95.130972,35.6455],[-95.13055,35.645482],[-95.130485,35.645549],[-95.130474,35.64556],[-95.130573,35.645762],[-95.130753,35.646064],[-95.131026,35.646352],[-95.131424,35.646677],[-95.132062,35.647162],[-95.1324,35.647539],[-95.132456,35.647738],[-95.132503,35.647906],[-95.132567,35.648113],[-95.132623,35.648294],[-95.13264,35.64835],[-95.132646,35.648395],[-95.132679,35.648667],[-95.132731,35.648877],[-95.132749,35.648947],[-95.133037,35.649209],[-95.133298,35.649612],[-95.133568,35.649811],[-95.133772,35.649833],[-95.13437,35.650014],[-95.135031,35.650218],[-95.135251,35.650278],[-95.135331,35.650341],[-95.135552,35.650438],[-95.135818,35.650459],[-95.13596,35.65052],[-95.136431,35.650614],[-95.136868,35.650606],[-95.137307,35.650675],[-95.137636,35.65072],[-95.137937,35.650906],[-95.1381,35.651158],[-95.138277,35.651371],[-95.138704,35.651567],[-95.139001,35.651588],[-95.139195,35.651839],[-95.139406,35.652141],[-95.139456,35.652242],[-95.139554,35.652419],[-95.139544,35.65261],[-95.13964,35.652697],[-95.139631,35.65294],[-95.139667,35.65313],[-95.139686,35.653283],[-95.139662,35.653538],[-95.139628,35.65384],[-95.139533,35.654154],[-95.139407,35.654511],[-95.139293,35.654933],[-95.139333,35.655264],[-95.139289,35.655493],[-95.139286,35.655813],[-95.139201,35.656158],[-95.139255,35.656399],[-95.139431,35.656574],[-95.139292,35.656653],[-95.139042,35.656645],[-95.138821,35.656547],[-95.138532,35.656372],[-95.138189,35.65624],[-95.138183,35.656023],[-95.138242,35.655882],[-95.138314,35.655677],[-95.138431,35.655382],[-95.138713,35.654829],[-95.138747,35.654493],[-95.138829,35.654263],[-95.138818,35.65383],[-95.138599,35.653378],[-95.138322,35.652938],[-95.137857,35.652585],[-95.137707,35.652516],[-95.137617,35.652433],[-95.137288,35.652235],[-95.136799,35.65206],[-95.136686,35.651909],[-95.136699,35.65182],[-95.136608,35.65161],[-95.136424,35.651442],[-95.136157,35.651396],[-95.13605,35.651462],[-95.135879,35.65149],[-95.135548,35.651394],[-95.135315,35.651437],[-95.134944,35.651583],[-95.134405,35.651835],[-95.133985,35.651893],[-95.133875,35.65193],[-95.133784,35.651961],[-95.133551,35.652028],[-95.133364,35.652032],[-95.133085,35.6521],[-95.132807,35.652233],[-95.132529,35.652314],[-95.132294,35.65228],[-95.132028,35.652285],[-95.131653,35.652266],[-95.131434,35.652244],[-95.131306,35.652145],[-95.131302,35.651992],[-95.131358,35.651736],[-95.131289,35.651482],[-95.13119,35.651293],[-95.130968,35.651144],[-95.13062,35.650399],[-95.130428,35.650236],[-95.130204,35.650011]]},"properties":{"name":"Greenleaf Trail","kind":"footway","surface":null,"difficulty":null,"access":null,"bicycle":null,"horse":null}},{"type":"Feature","geometry":{"type":"LineString","coordinates":[[-95.130204,35.650011],[-95.130201,35.649896],[-95.129941,35.649519],[-95.130077,35.649363],[-95.130183,35.649209],[-95.130177,35.649005],[-95.130096,35.648892],[-95.130089,35.648611],[-95.129914,35.648487],[-95.129848,35.648361],[-95.129751,35.648261],[-95.129496,35.648049],[-95.129385,35.647987],[-95.129397,35.647834],[-95.129269,35.647722],[-95.129032,35.647624],[-95.1288,35.647692],[-95.128565,35.64767],[-95.128483,35.647532],[-95.128102,35.647296],[-95.127751,35.646984],[-95.127594,35.646949],[-95.127449,35.646773],[-95.127343,35.646498],[-95.127396,35.646304],[-95.127583,35.646133],[-95.127815,35.645887],[-95.128077,35.64573],[-95.128239,35.645395],[-95.128328,35.64519],[-95.128289,35.644923],[-95.128208,35.644797],[-95.128074,35.644468],[-95.127944,35.644254],[-95.127941,35.644152],[-95.127905,35.643974],[-95.127869,35.643797],[-95.127895,35.643605],[-95.128125,35.643448],[-95.128325,35.643343],[-95.128663,35.64312],[-95.128802,35.643054],[-95.128907,35.642899],[-95.129138,35.642793],[-95.129341,35.64279],[-95.129511,35.642736],[-95.129701,35.642821],[-95.129751,35.642961],[-95.129874,35.642869],[-95.130138,35.642839],[-95.130202,35.642876],[-95.13042,35.642872],[-95.130656,35.642945],[-95.130983,35.642913],[-95.131127,35.643038],[-95.131206,35.643088],[-95.131413,35.643237],[-95.131617,35.643259],[-95.131743,35.64332],[-95.131947,35.643355],[-95.132152,35.643441],[-95.132288,35.643413],[-95.132351,35.64345],[-95.132539,35.643459],[-95.132701,35.643686],[-95.132688,35.643788],[-95.132802,35.643951],[-95.132984,35.644356],[-95.133074,35.6448],[-95.133035,35.645107],[-95.132901,35.645326],[-95.133064,35.645616],[-95.133101,35.645832],[-95.133153,35.646022],[-95.133206,35.64625],[-95.133317,35.646299],[-95.133444,35.646399],[-95.133664,35.646446],[-95.133825,35.646622],[-95.134281,35.646767],[-95.134501,35.646788],[-95.13486,35.64682],[-95.135156,35.646777],[-95.135402,35.646632],[-95.135804,35.646485],[-95.136037,35.646468],[-95.136331,35.646373],[-95.136546,35.646217],[-95.136779,35.646187],[-95.137024,35.646004],[-95.137283,35.64586],[-95.137654,35.645713],[-95.137964,35.645631],[-95.13821,35.645499],[-95.138397,35.645483],[-95.138659,35.645351],[-95.138877,35.645334],[-95.139159,35.645355],[-95.139505,35.645357],[-95.13975,35.645281],[-95.139906,35.645278],[-95.140185,35.645209],[-95.14054,35.645037],[-95.140805,35.645058],[-95.141025,35.645093],[-95.141273,35.64505],[-95.14146,35.645021],[-95.141614,35.644942],[-95.141771,35.644965],[-95.142035,35.644909],[-95.142237,35.644893],[-95.142469,35.644825],[-95.142673,35.644834],[-95.142858,35.644754],[-95.143061,35.644751],[-95.143356,35.644694],[-95.143513,35.64473],[-95.143901,35.644659],[-95.144353,35.644651],[-95.144729,35.64467],[-95.144836,35.644591],[-95.144895,35.644476],[-95.144953,35.644322],[-95.145071,35.644052],[-95.145066,35.643874],[-95.145215,35.643591],[-95.145399,35.643473],[-95.145395,35.643307],[-95.145593,35.643151],[-95.145678,35.642805],[-95.145595,35.642641],[-95.14554,35.642324],[-95.145481,35.642106],[-95.145459,35.641877],[-95.145344,35.641639],[-95.144977,35.641353],[-95.144561,35.640965],[-95.143937,35.640415],[-95.143648,35.64014],[-95.143316,35.639993],[-95.143093,35.639831],[-95.142979,35.639629],[-95.142968,35.639418],[-95.142774,35.639325],[-95.142653,35.639195],[-95.142389,35.638695],[-95.142256,35.638864],[-95.142047,35.638638],[-95.142072,35.638421],[-95.142194,35.63833],[-95.142411,35.638262],[-95.142517,35.638145],[-95.14259,35.63794],[-95.142585,35.637736],[-95.142581,35.637609],[-95.142886,35.637323],[-95.142913,35.637182],[-95.1431,35.637141],[-95.143343,35.636894],[-95.143435,35.636829],[-95.143509,35.636662],[-95.143678,35.63657],[-95.143847,35.636465],[-95.143995,35.636464],[-95.144209,35.636295],[-95.144238,35.636218],[-95.144329,35.636114],[-95.14453,35.636047],[-95.144764,35.636043],[-95.144935,35.636001],[-95.145123,35.636049],[-95.145281,35.636097],[-95.145482,35.63603],[-95.145682,35.635912],[-95.145679,35.63581],[-95.145752,35.635604],[-95.145904,35.635474],[-95.146168,35.635406],[-95.146492,35.635272],[-95.146644,35.635091],[-95.146956,35.635086],[-95.14749,35.635204],[-95.147693,35.6352],[-95.147984,35.635004],[-95.148103,35.634772],[-95.148208,35.634592],[-95.1483,35.634526],[-95.148326,35.63436],[-95.148243,35.63417],[-95.148255,35.634017],[-95.148425,35.633963],[-95.148734,35.633856],[-95.148876,35.633519],[-95.148857,35.633165],[-95.14879,35.633026],[-95.148769,35.63281],[-95.148657,35.63271],[-95.148575,35.632571],[-95.14884,35.632136],[-95.148832,35.63183],[-95.148877,35.631766],[-95.148964,35.631497],[-95.14907,35.6314],[-95.149195,35.631378],[-95.149504,35.631258],[-95.149707,35.631254],[-95.149944,35.631377],[-95.150054,35.631375],[-95.150205,35.63144],[-95.150337,35.631426],[-95.150555,35.63143],[-95.15072,35.631431],[-95.150852,35.631428],[-95.151023,35.631409],[-95.151052,35.631332],[-95.150843,35.631106],[-95.15057,35.630831],[-95.150405,35.630489],[-95.150152,35.630366],[-95.149945,35.63023],[-95.150052,35.630164],[-95.150398,35.630234],[-95.150541,35.630334],[-95.150823,35.630367],[-95.151054,35.630248],[-95.151282,35.630015],[-95.151432,35.62977],[-95.151736,35.629471],[-95.151901,35.629226],[-95.152097,35.628968],[-95.152093,35.628827],[-95.15221,35.628532],[-95.15222,35.628305],[-95.15223,35.628101],[-95.152116,35.627937],[-95.151822,35.627458],[-95.151819,35.627318],[-95.151861,35.627164],[-95.151841,35.626986],[-95.151622,35.62699],[-95.151464,35.626916],[-95.151258,35.626792],[-95.151364,35.62665],[-95.151577,35.626468],[-95.151644,35.626059],[-95.151619,35.625689],[-95.151753,35.625432],[-95.151729,35.625139],[-95.151788,35.624998],[-95.151783,35.624832],[-95.151918,35.624626],[-95.151975,35.624395],[-95.151951,35.62409],[-95.151957,35.623733],[-95.151999,35.623554],[-95.151934,35.623478],[-95.151886,35.623428],[-95.151882,35.623288],[-95.151955,35.62307],[-95.15184,35.622855],[-95.151708,35.622606],[-95.151877,35.622489],[-95.152012,35.622295],[-95.152021,35.62204],[-95.152064,35.621911],[-95.152204,35.621871],[-95.152294,35.621742],[-95.152208,35.621437],[-95.152253,35.621385],[-95.15238,35.621413],[-95.152485,35.621305],[-95.15253,35.621228],[-95.152726,35.621143],[-95.153038,35.620976],[-95.153352,35.620879],[-95.153845,35.620771],[-95.153999,35.620704],[-95.154171,35.620701],[-95.154436,35.620696],[-95.154683,35.620603],[-95.155004,35.620329],[-95.155201,35.620109],[-95.155339,35.620004],[-95.155391,35.619647],[-95.155576,35.619554],[-95.155621,35.619477],[-95.155603,35.6194],[-95.155599,35.619235],[-95.155565,35.619146],[-95.155701,35.618978],[-95.155589,35.618878],[-95.155597,35.618574],[-95.155704,35.618483],[-95.155887,35.61834],[-95.156167,35.618284],[-95.156369,35.618242],[-95.156573,35.618302],[-95.156886,35.618322],[-95.157121,35.618356],[-95.157416,35.618312],[-95.15771,35.618205],[-95.157804,35.618203],[-95.15803,35.617893],[-95.158182,35.617738],[-95.158145,35.617547],[-95.158094,35.617382],[-95.158121,35.617203],[-95.158116,35.617038],[-95.158081,35.616898],[-95.157982,35.616709],[-95.157818,35.616393],[-95.157816,35.616316],[-95.15775,35.616216],[-95.157732,35.616101],[-95.157618,35.615937],[-95.157583,35.615811],[-95.157575,35.615505],[-95.157445,35.615303],[-95.157148,35.615283],[-95.156851,35.615288],[-95.15662,35.615382],[-95.156418,35.615449],[-95.156092,35.615506],[-95.155782,35.615588],[-95.155549,35.61563],[-95.155329,35.615583],[-95.155096,35.615638],[-95.154847,35.615656],[-95.154622,35.615991],[-95.154483,35.616045],[-95.154173,35.616139],[-95.153753,35.616198],[-95.15308,35.616388],[-95.152524,35.616615],[-95.152294,35.616772],[-95.152003,35.616981],[-95.151695,35.61714],[-95.151558,35.61727],[-95.15142,35.617362],[-95.151437,35.617438],[-95.151268,35.61753],[-95.151035,35.617585],[-95.150769,35.617552],[-95.150477,35.617723],[-95.150139,35.61792],[-95.149817,35.618142],[-95.149553,35.618211],[-95.149512,35.618403],[-95.149294,35.618445],[-95.149014,35.618488],[-95.148721,35.618608],[-95.148362,35.618627],[-95.148177,35.61872],[-95.147792,35.618892],[-95.147386,35.6189],[-95.146884,35.618807],[-95.14646,35.618712],[-95.146148,35.618718],[-95.146037,35.618669],[-95.145989,35.618606],[-95.145847,35.618557],[-95.145691,35.61856],[-95.145502,35.618512],[-95.145327,35.618375],[-95.145292,35.618236],[-95.14521,35.618097],[-95.145351,35.61812],[-95.145586,35.618141],[-95.145913,35.618097],[-95.146286,35.618065],[-95.146644,35.618008],[-95.14686,35.617902],[-95.147149,35.617629],[-95.147608,35.617277],[-95.147711,35.617033],[-95.147815,35.616827],[-95.148013,35.61667],[-95.148307,35.616563],[-95.148506,35.616394],[-95.148543,35.616061],[-95.148588,35.615959],[-95.148598,35.61578],[-95.148561,35.615551],[-95.148493,35.615336],[-95.148547,35.615016],[-95.148666,35.614797],[-95.14891,35.614589],[-95.149219,35.614456],[-95.149511,35.61431],[-95.149649,35.614206],[-95.149928,35.614112],[-95.150312,35.613888],[-95.150513,35.613808],[-95.15072,35.613705],[-95.150857,35.613575],[-95.150993,35.613394],[-95.15121,35.613352],[-95.151614,35.613268],[-95.151923,35.613161],[-95.152101,35.612801],[-95.1523,35.612657],[-95.152497,35.612436],[-95.152571,35.612282],[-95.152707,35.612127],[-95.1531,35.612196],[-95.153224,35.612169],[-95.153303,35.612205],[-95.153395,35.612166],[-95.15333,35.612052],[-95.15331,35.611912],[-95.15353,35.611946],[-95.153733,35.611955],[-95.153902,35.611863],[-95.153928,35.611659],[-95.153894,35.611557],[-95.153888,35.611328],[-95.153807,35.611215],[-95.153784,35.61096],[-95.153901,35.610652],[-95.15386,35.610283],[-95.154118,35.609998],[-95.154238,35.60993],[-95.154302,35.6099],[-95.15452,35.609882],[-95.154629,35.609811],[-95.154722,35.609712],[-95.154751,35.609689],[-95.154768,35.609652]]},"properties":{"name":"Greenleaf Trail","kind":"footway","surface":null,"difficulty":null,"access":null,"bicycle":null,"horse":null}},{"type":"Feature","geometry":{"type":"LineString","coordinates":[[-94.766518,35.45866],[-94.766672,35.458511],[-94.766752,35.458494],[-94.766867,35.458538],[-94.767165,35.458664],[-94.767479,35.458719],[-94.767906,35.458822],[-94.768139,35.458913],[-94.768126,35.459004],[-94.768031,35.459072],[-94.767792,35.459159],[-94.767612,35.459166],[-94.767455,35.459169],[-94.767276,35.459219],[-94.767099,35.45933]]},"properties":{"name":null,"kind":"path","surface":null,"difficulty":null,"access":null,"bicycle":null,"horse":null}},{"type":"Feature","geometry":{"type":"LineString","coordinates":[[-94.767099,35.45933],[-94.766989,35.458969],[-94.766934,35.458853],[-94.766852,35.458736],[-94.766803,35.458706],[-94.766566,35.458663],[-94.766518,35.45866],[-94.766283,35.458649],[-94.765828,35.458591],[-94.765689,35.458541],[-94.765656,35.458505],[-94.765648,35.458456],[-94.765658,35.458415],[-94.765698,35.458392],[-94.765815,35.458411],[-94.766041,35.458519],[-94.766233,35.45856],[-94.766288,35.458565],[-94.766314,35.458532],[-94.766277,35.458492],[-94.766053,35.458389],[-94.765945,35.458296],[-94.765811,35.45822],[-94.765766,35.458174],[-94.765777,35.458134],[-94.765897,35.458119],[-94.766139,35.458295],[-94.766672,35.458511]]},"properties":{"name":null,"kind":"path","surface":null,"difficulty":null,"access":null,"bicycle":null,"horse":null}},{"type":"Feature","geometry":{"type":"LineString","coordinates":[[-95.239217,35.7948],[-95.239259,35.794785],[-95.239354,35.794718],[-95.239559,35.794182]]},"properties":{"name":null,"kind":"footway","surface":null,"difficulty":null,"access":null,"bicycle":null,"horse":null}},{"type":"Feature","geometry":{"type":"LineString","coordinates":[[-95.240329,35.795249],[-95.240328,35.795115]]},"properties":{"name":null,"kind":"footway","surface":null,"difficulty":null,"access":null,"bicycle":null,"horse":null}},{"type":"Feature","geometry":{"type":"LineString","coordinates":[[-94.968943,35.917301],[-94.968906,35.917288],[-94.968812,35.917288],[-94.968775,35.917262],[-94.968716,35.917188],[-94.968651,35.91713],[-94.968581,35.917069],[-94.968488,35.916986],[-94.968437,35.916975],[-94.968332,35.916978],[-94.968273,35.916969],[-94.968244,35.916932],[-94.968231,35.916851],[-94.968201,35.916647],[-94.96819,35.9166],[-94.968134,35.91655],[-94.968085,35.916441]]},"properties":{"name":"Tahlequah History Trail","kind":"path","surface":null,"difficulty":null,"access":null,"bicycle":null,"horse":null}},{"type":"Feature","geometry":{"type":"LineString","coordinates":[[-94.968231,35.916851],[-94.968147,35.916862],[-94.967914,35.916793]]},"properties":{"name":null,"kind":"path","surface":null,"difficulty":null,"access":null,"bicycle":null,"horse":null}},{"type":"Feature","geometry":{"type":"LineString","coordinates":[[-94.96882,35.918841],[-94.968805,35.919356],[-94.968795,35.919459],[-94.968791,35.919542],[-94.96878,35.919726],[-94.96877,35.919845],[-94.968768,35.919892],[-94.968763,35.920089],[-94.968755,35.920269],[-94.968753,35.920295],[-94.968754,35.920353]]},"properties":{"name":null,"kind":"footway","surface":"paved","difficulty":null,"access":null,"bicycle":"yes","horse":null}},{"type":"Feature","geometry":{"type":"LineString","coordinates":[[-94.968432,35.919665],[-94.968451,35.919429],[-94.968585,35.919368],[-94.968644,35.919416],[-94.968716,35.919444],[-94.968795,35.919459],[-94.968829,35.919457],[-94.968928,35.919426],[-94.969011,35.919361],[-94.969062,35.919281],[-94.969062,35.918883],[-94.969264,35.919161],[-94.969433,35.91941],[-94.969458,35.91945],[-94.969516,35.919457],[-94.96958,35.919439],[-94.969653,35.919437],[-94.969744,35.919457],[-94.969832,35.919481],[-94.969882,35.919523],[-94.969929,35.919593]]},"properties":{"name":null,"kind":"footway","surface":"paved","difficulty":null,"access":null,"bicycle":"yes","horse":null}},{"type":"Feature","geometry":{"type":"LineString","coordinates":[[-94.969445,35.919946],[-94.969426,35.920065],[-94.969396,35.920131],[-94.969356,35.920217],[-94.969174,35.920371],[-94.969056,35.920343],[-94.968997,35.920304],[-94.968753,35.920295],[-94.968522,35.920288],[-94.968329,35.920345],[-94.968314,35.920409],[-94.968217,35.920797],[-94.968779,35.92081],[-94.968914,35.920883],[-94.969135,35.920893],[-94.969611,35.920913],[-94.969781,35.920919],[-94.969791,35.920713],[-94.96975,35.920649],[-94.969756,35.920509],[-94.969473,35.920497],[-94.969185,35.920471],[-94.969174,35.920371]]},"properties":{"name":null,"kind":"footway","surface":"paved","difficulty":null,"access":null,"bicycle":"yes","horse":null}},{"type":"Feature","geometry":{"type":"LineString","coordinates":[[-94.968426,35.919713],[-94.968648,35.919722],[-94.96878,35.919726],[-94.968994,35.919735],[-94.969173,35.919741],[-94.969403,35.919749],[-94.969451,35.919778],[-94.969349,35.919887],[-94.969212,35.919891],[-94.968997,35.919879],[-94.968868,35.919875],[-94.96877,35.919845],[-94.968694,35.919904],[-94.968599,35.919899],[-94.96855,35.919925],[-94.968383,35.919993],[-94.968057,35.920094],[-94.967971,35.920122]]},"properties":{"name":null,"kind":"footway","surface":"paved","difficulty":null,"access":null,"bicycle":"yes","horse":null}},{"type":"Feature","geometry":{"type":"LineString","coordinates":[[-94.969333,35.919903],[-94.969328,35.920029],[-94.969396,35.920131]]},"properties":{"name":null,"kind":"footway","surface":"paved","difficulty":null,"access":null,"bicycle":"yes","horse":null}},{"type":"Feature","geometry":{"type":"LineString","coordinates":[[-94.969445,35.919946],[-94.969333,35.919903],[-94.969215,35.919931],[-94.968995,35.919923],[-94.968768,35.919892]]},"properties":{"name":null,"kind":"footway","surface":"paved","difficulty":null,"access":null,"bicycle":"yes","horse":null}},{"type":"Feature","geometry":{"type":"LineString","coordinates":[[-94.968648,35.919722],[-94.968604,35.919773],[-94.968563,35.919843],[-94.96855,35.919925],[-94.968563,35.919988],[-94.968626,35.92005],[-94.968722,35.920081],[-94.968763,35.920089],[-94.968816,35.920084],[-94.968894,35.920058],[-94.968901,35.920053],[-94.968958,35.920019],[-94.968986,35.919962],[-94.968995,35.919923],[-94.968991,35.919894],[-94.968997,35.919879],[-94.969002,35.91983],[-94.968998,35.919775],[-94.968994,35.919735]]},"properties":{"name":null,"kind":"footway","surface":"paved","difficulty":null,"access":null,"bicycle":null,"horse":null}},{"type":"Feature","geometry":{"type":"LineString","coordinates":[[-94.968768,35.919892],[-94.968901,35.920053],[-94.969022,35.920202],[-94.969174,35.920371]]},"properties":{"name":null,"kind":"footway","surface":"paved","difficulty":null,"access":null,"bicycle":"yes","horse":null}},{"type":"Feature","geometry":{"type":"LineString","coordinates":[[-94.96855,35.919925],[-94.968394,35.919923],[-94.96837,35.919893]]},"properties":{"name":null,"kind":"footway","surface":"paved","difficulty":null,"access":null,"bicycle":"yes","horse":null}},{"type":"Feature","geometry":{"type":"LineString","coordinates":[[-94.969185,35.920471],[-94.969465,35.920679],[-94.969611,35.920913],[-94.969758,35.92112]]},"properties":{"name":null,"kind":"footway","surface":"paved","difficulty":null,"access":null,"bicycle":"yes","horse":null}},{"type":"Feature","geometry":{"type":"LineString","coordinates":[[-94.968672,35.918874],[-94.968489,35.918906],[-94.968438,35.918936],[-94.968451,35.919429]]},"properties":{"name":null,"kind":"footway","surface":"paved","difficulty":null,"access":null,"bicycle":"yes","horse":null}},{"type":"Feature","geometry":{"type":"LineString","coordinates":[[-94.969451,35.919778],[-94.969513,35.919664],[-94.969522,35.919582],[-94.969458,35.91945]]},"properties":{"name":null,"kind":"footway","surface":"paved","difficulty":null,"access":null,"bicycle":"yes","horse":null}},{"type":"Feature","geometry":{"type":"LineString","coordinates":[[-94.968217,35.920797],[-94.967589,35.920773],[-94.967184,35.920738],[-94.9671,35.920731]]},"properties":{"name":null,"kind":"footway","surface":"paved","difficulty":null,"access":null,"bicycle":"yes","horse":null}},{"type":"Feature","geometry":{"type":"LineString","coordinates":[[-94.983595,35.878169],[-94.983129,35.87816],[-94.983004,35.878131],[-94.982966,35.878119],[-94.982914,35.878068],[-94.981759,35.878072]]},"properties":{"name":null,"kind":"path","surface":null,"difficulty":null,"access":null,"bicycle":null,"horse":null}},{"type":"Feature","geometry":{"type":"LineString","coordinates":[[-94.767455,35.459169],[-94.767523,35.459329]]},"properties":{"name":null,"kind":"path","surface":null,"difficulty":null,"access":null,"bicycle":null,"horse":null}},{"type":"Feature","geometry":{"type":"LineString","coordinates":[[-94.962662,35.908089],[-94.962654,35.907613]]},"properties":{"name":null,"kind":"path","surface":null,"difficulty":null,"access":null,"bicycle":null,"horse":null}},{"type":"Feature","geometry":{"type":"LineString","coordinates":[[-94.95705,35.854503],[-94.956921,35.854774],[-94.956899,35.854888],[-94.956948,35.854946],[-94.956661,35.85557]]},"properties":{"name":null,"kind":"path","surface":null,"difficulty":null,"access":null,"bicycle":null,"horse":null}},{"type":"Feature","geometry":{"type":"LineString","coordinates":[[-94.860471,35.523518],[-94.860575,35.523625],[-94.860603,35.523703],[-94.860622,35.523786],[-94.860642,35.523929],[-94.860654,35.524051],[-94.86064,35.524154],[-94.860656,35.524314],[-94.860707,35.52443],[-94.860807,35.52463],[-94.860824,35.52477],[-94.860848,35.524949],[-94.860913,35.525024],[-94.861056,35.525086],[-94.861119,35.52518],[-94.861209,35.525259],[-94.86129,35.525301],[-94.861335,35.525371],[-94.861307,35.525434],[-94.861149,35.525455],[-94.860943,35.525423],[-94.860905,35.525504],[-94.860838,35.52553],[-94.860792,35.525549],[-94.860778,35.525703],[-94.86075,35.525796],[-94.860688,35.525885],[-94.860667,35.525923],[-94.860621,35.526006],[-94.860479,35.526059],[-94.860315,35.52608],[-94.860195,35.526065],[-94.860069,35.525986],[-94.859989,35.525881],[-94.859962,35.525793],[-94.859937,35.525753],[-94.859903,35.525751],[-94.85983,35.52576],[-94.859785,35.52578],[-94.859728,35.52578],[-94.859691,35.525763],[-94.859646,35.525767],[-94.859609,35.525761],[-94.859594,35.525759]]},"properties":{"name":null,"kind":"path","surface":null,"difficulty":null,"access":null,"bicycle":null,"horse":null}},{"type":"Feature","geometry":{"type":"LineString","coordinates":[[-94.807839,35.44939],[-94.808001,35.449394],[-94.807997,35.449643],[-94.807992,35.44993]]},"properties":{"name":null,"kind":"footway","surface":null,"difficulty":null,"access":null,"bicycle":null,"horse":null}},{"type":"Feature","geometry":{"type":"LineString","coordinates":[[-94.807834,35.44943],[-94.807831,35.449645]]},"properties":{"name":null,"kind":"footway","surface":null,"difficulty":null,"access":null,"bicycle":null,"horse":null}},{"type":"Feature","geometry":{"type":"LineString","coordinates":[[-94.807647,35.449646],[-94.807831,35.449645]]},"properties":{"name":null,"kind":"footway","surface":null,"difficulty":null,"access":null,"bicycle":null,"horse":null}},{"type":"Feature","geometry":{"type":"LineString","coordinates":[[-94.807992,35.44993],[-94.807829,35.449928],[-94.807191,35.449927],[-94.807169,35.44991],[-94.807155,35.449883],[-94.807159,35.449848],[-94.807178,35.449818],[-94.807186,35.449785],[-94.807185,35.449451],[-94.807174,35.449424],[-94.807139,35.449395],[-94.807116,35.449368],[-94.807117,35.449338],[-94.807143,35.44931],[-94.807278,35.449243],[-94.80731,35.449243],[-94.807338,35.449245]]},"properties":{"name":null,"kind":"footway","surface":null,"difficulty":null,"access":null,"bicycle":null,"horse":null}},{"type":"Feature","geometry":{"type":"LineString","coordinates":[[-94.80863,35.45008],[-94.808629,35.450397],[-94.808058,35.450397],[-94.808056,35.449953],[-94.807992,35.449951],[-94.807992,35.44993]]},"properties":{"name":null,"kind":"footway","surface":null,"difficulty":null,"access":null,"bicycle":null,"horse":null}},{"type":"Feature","geometry":{"type":"LineString","coordinates":[[-94.807831,35.449645],[-94.807829,35.449928]]},"properties":{"name":null,"kind":"footway","surface":null,"difficulty":null,"access":null,"bicycle":null,"horse":null}},{"type":"Feature","geometry":{"type":"LineString","coordinates":[[-94.807831,35.449645],[-94.807997,35.449643]]},"properties":{"name":null,"kind":"footway","surface":null,"difficulty":null,"access":null,"bicycle":null,"horse":null}},{"type":"Feature","geometry":{"type":"LineString","coordinates":[[-94.968651,35.91713],[-94.968852,35.916977],[-94.968858,35.916942],[-94.968834,35.916912],[-94.968769,35.916935],[-94.968581,35.917069]]},"properties":{"name":null,"kind":"path","surface":null,"difficulty":null,"access":null,"bicycle":null,"horse":null}},{"type":"Feature","geometry":{"type":"LineString","coordinates":[[-94.968544,35.91385],[-94.968551,35.913829],[-94.968555,35.913814],[-94.968692,35.913369],[-94.968817,35.912999],[-94.968885,35.912765],[-94.968854,35.912599],[-94.969001,35.912224],[-94.969077,35.912019],[-94.969188,35.911839],[-94.969348,35.911572],[-94.969408,35.911414],[-94.96955,35.911042]]},"properties":{"name":"Tahlequah History Trail","kind":"path","surface":null,"difficulty":null,"access":null,"bicycle":null,"horse":null}},{"type":"Feature","geometry":{"type":"LineString","coordinates":[[-94.968925,35.912775],[-94.968885,35.912765],[-94.968704,35.912704]]},"properties":{"name":null,"kind":"path","surface":null,"difficulty":null,"access":null,"bicycle":null,"horse":null}},{"type":"Feature","geometry":{"type":"LineString","coordinates":[[-95.242573,35.889459],[-95.242544,35.889129],[-95.242512,35.888804],[-95.242504,35.88878],[-95.242494,35.888758],[-95.242456,35.888731],[-95.24239,35.888681],[-95.242335,35.888635],[-95.242297,35.888587],[-95.242258,35.888533],[-95.242213,35.888482],[-95.242137,35.88846]]},"properties":{"name":"Fitness Trail","kind":"path","surface":null,"difficulty":null,"access":null,"bicycle":null,"horse":null}},{"type":"Feature","geometry":{"type":"LineString","coordinates":[[-95.241434,35.888165],[-95.241387,35.888093],[-95.24135,35.887985],[-95.241251,35.887799],[-95.241159,35.887664],[-95.241101,35.887578],[-95.241014,35.887465],[-95.240943,35.88738],[-95.240896,35.887314],[-95.240852,35.887248],[-95.240796,35.887157],[-95.240739,35.88701],[-95.240616,35.886752],[-95.240433,35.886279]]},"properties":{"name":null,"kind":"path","surface":null,"difficulty":null,"access":null,"bicycle":null,"horse":null}},{"type":"Feature","geometry":{"type":"LineString","coordinates":[[-95.259201,35.803919],[-95.259426,35.804061],[-95.259664,35.804187],[-95.260168,35.804524]]},"properties":{"name":null,"kind":"path","surface":null,"difficulty":null,"access":null,"bicycle":null,"horse":null}},{"type":"Feature","geometry":{"type":"LineString","coordinates":[[-95.262104,35.805866],[-95.262512,35.806187],[-95.263469,35.806958],[-95.263591,35.807003],[-95.263829,35.806988],[-95.264397,35.806945]]},"properties":{"name":null,"kind":"path","surface":null,"difficulty":null,"access":null,"bicycle":null,"horse":null}},{"type":"Feature","geometry":{"type":"LineString","coordinates":[[-95.260168,35.804524],[-95.262104,35.805866]]},"properties":{"name":null,"kind":"path","surface":"concrete","difficulty":null,"access":null,"bicycle":null,"horse":null}},{"type":"Feature","geometry":{"type":"LineString","coordinates":[[-95.262512,35.806187],[-95.262629,35.806],[-95.262673,35.805822],[-95.262627,35.805653],[-95.262602,35.805523],[-95.262572,35.805465],[-95.262479,35.805333],[-95.262464,35.805247],[-95.262492,35.805163],[-95.262554,35.805058],[-95.26263,35.804935],[-95.262683,35.804871],[-95.262803,35.804725],[-95.263027,35.804464],[-95.263178,35.804302]]},"properties":{"name":null,"kind":"path","surface":null,"difficulty":null,"access":null,"bicycle":null,"horse":null}},{"type":"Feature","geometry":{"type":"LineString","coordinates":[[-95.238264,35.794839],[-95.23828,35.794799],[-95.238341,35.794772],[-95.238455,35.794751],[-95.238536,35.794702],[-95.238648,35.794632],[-95.238846,35.794472],[-95.239033,35.794368],[-95.239341,35.79426],[-95.239559,35.794182],[-95.239621,35.79399],[-95.239619,35.793933],[-95.239578,35.793848],[-95.239569,35.79376],[-95.239585,35.793676]]},"properties":{"name":null,"kind":"footway","surface":null,"difficulty":null,"access":null,"bicycle":null,"horse":null}},{"type":"Feature","geometry":{"type":"LineString","coordinates":[[-95.239205,35.795003],[-95.23922,35.795046]]},"properties":{"name":null,"kind":"footway","surface":null,"difficulty":null,"access":null,"bicycle":null,"horse":null}},{"type":"Feature","geometry":{"type":"LineString","coordinates":[[-95.239203,35.794874],[-95.239205,35.795003]]},"properties":{"name":null,"kind":"footway","surface":null,"difficulty":null,"access":null,"bicycle":null,"horse":null}},{"type":"Feature","geometry":{"type":"LineString","coordinates":[[-95.240328,35.795115],[-95.240325,35.794959]]},"properties":{"name":null,"kind":"footway","surface":null,"difficulty":null,"access":null,"bicycle":null,"horse":null}},{"type":"Feature","geometry":{"type":"LineString","coordinates":[[-95.240325,35.794959],[-95.240321,35.794858]]},"properties":{"name":null,"kind":"footway","surface":null,"difficulty":null,"access":null,"bicycle":null,"horse":null}},{"type":"Feature","geometry":{"type":"LineString","coordinates":[[-95.162796,35.794228],[-95.162798,35.794583]]},"properties":{"name":null,"kind":"path","surface":null,"difficulty":null,"access":null,"bicycle":null,"horse":null}},{"type":"Feature","geometry":{"type":"LineString","coordinates":[[-94.968329,35.920345],[-94.968372,35.920074]]},"properties":{"name":null,"kind":"footway","surface":"paved","difficulty":null,"access":null,"bicycle":"yes","horse":null}},{"type":"Feature","geometry":{"type":"LineString","coordinates":[[-94.968768,35.919892],[-94.968626,35.92005],[-94.968482,35.920183],[-94.968329,35.920345]]},"properties":{"name":null,"kind":"footway","surface":"paved","difficulty":null,"access":null,"bicycle":"yes","horse":null}},{"type":"Feature","geometry":{"type":"LineString","coordinates":[[-95.067132,35.614129],[-95.067453,35.614352]]},"properties":{"name":null,"kind":"path","surface":null,"difficulty":null,"access":null,"bicycle":null,"horse":null}},{"type":"Feature","geometry":{"type":"LineString","coordinates":[[-95.242137,35.88846],[-95.242046,35.888479]]},"properties":{"name":null,"kind":"path","surface":null,"difficulty":null,"access":null,"bicycle":null,"horse":null}},{"type":"Feature","geometry":{"type":"LineString","coordinates":[[-95.242573,35.889459],[-95.242612,35.889512],[-95.24274,35.889658],[-95.242831,35.889814],[-95.242967,35.890292],[-95.24308,35.890766],[-95.243109,35.890918],[-95.243067,35.891121],[-95.243022,35.891285],[-95.243027,35.891393],[-95.243091,35.891505],[-95.243133,35.891548],[-95.243194,35.891574],[-95.243322,35.891614],[-95.243394,35.891675],[-95.243455,35.891764],[-95.243474,35.891809],[-95.243474,35.891954],[-95.243499,35.892037],[-95.243589,35.892212],[-95.243701,35.89231],[-95.243725,35.892346],[-95.243729,35.892382],[-95.243679,35.892513],[-95.243542,35.892678],[-95.243461,35.892718],[-95.243111,35.892836],[-95.243048,35.892867],[-95.242938,35.892994],[-95.242845,35.893169],[-95.242522,35.893798],[-95.242471,35.893859],[-95.242297,35.894079],[-95.242223,35.894212],[-95.242208,35.894337],[-95.242145,35.894503],[-95.241961,35.89485],[-95.241736,35.895324],[-95.241705,35.895413],[-95.241699,35.895493],[-95.241714,35.895578],[-95.241759,35.895638],[-95.241954,35.895843],[-95.241998,35.895901],[-95.242028,35.895955],[-95.242045,35.896015],[-95.242051,35.896139],[-95.242092,35.896211],[-95.242118,35.896297],[-95.242082,35.896361],[-95.241976,35.896415],[-95.241947,35.896429],[-95.241896,35.896455],[-95.241844,35.89648],[-95.241879,35.896523],[-95.241916,35.896597],[-95.241953,35.896681],[-95.241964,35.896767],[-95.241957,35.896787],[-95.241942,35.896804],[-95.241892,35.896822],[-95.24183,35.896834],[-95.241844,35.896909],[-95.241873,35.897014],[-95.242012,35.897284],[-95.242044,35.897401],[-95.242065,35.897656],[-95.24213,35.897841],[-95.242225,35.897921],[-95.242385,35.897947],[-95.242484,35.89795],[-95.242511,35.897951],[-95.242606,35.897955],[-95.242797,35.89813],[-95.243225,35.898523],[-95.243334,35.898616],[-95.243406,35.898659],[-95.243492,35.898698],[-95.243535,35.898756],[-95.24364,35.898962],[-95.243692,35.899138],[-95.243716,35.899304],[-95.243724,35.899425],[-95.243731,35.899542],[-95.243742,35.899578],[-95.243878,35.899808],[-95.244106,35.900393],[-95.244187,35.900521],[-95.24435,35.900723],[-95.244423,35.900838],[-95.244504,35.900925],[-95.244603,35.900984],[-95.244685,35.901014],[-95.244779,35.901023],[-95.24521,35.901007],[-95.246353,35.900988],[-95.248347,35.90096],[-95.248988,35.900955],[-95.249057,35.900969],[-95.249187,35.901058],[-95.249307,35.90114],[-95.250013,35.902444],[-95.25057,35.903414],[-95.25069,35.903764],[-95.250708,35.903916],[-95.250704,35.904149],[-95.250722,35.90429],[-95.25086,35.906041],[-95.250956,35.906956],[-95.251012,35.907082],[-95.251115,35.907258],[-95.251181,35.907379],[-95.251189,35.907556],[-95.251187,35.907933],[-95.25123,35.908108],[-95.251359,35.908641],[-95.251469,35.908864],[-95.251478,35.908962],[-95.251502,35.909313],[-95.251611,35.909558],[-95.251722,35.909689],[-95.251762,35.909716],[-95.251814,35.909736],[-95.251925,35.909769],[-95.252053,35.909842],[-95.252154,35.909929],[-95.25224,35.910114],[-95.252263,35.91023],[-95.252276,35.91081],[-95.252335,35.910968],[-95.252421,35.911088],[-95.252517,35.911142],[-95.252599,35.911301],[-95.252698,35.911458],[-95.252669,35.911669],[-95.252719,35.911801],[-95.252778,35.911972],[-95.252755,35.912146],[-95.252771,35.912217],[-95.252852,35.91228],[-95.253005,35.912435],[-95.253107,35.912564],[-95.253195,35.912941],[-95.253159,35.91312],[-95.253102,35.913487],[-95.253097,35.913585],[-95.253127,35.913776],[-95.253116,35.913898],[-95.253062,35.914156],[-95.253064,35.914374],[-95.253076,35.914437],[-95.253187,35.914607],[-95.253267,35.914764],[-95.253253,35.914842],[-95.253206,35.915194],[-95.253208,35.915265],[-95.253187,35.91548],[-95.253215,35.915815],[-95.253161,35.915887],[-95.252993,35.915996],[-95.252986,35.91612],[-95.25296,35.916325],[-95.252906,35.916384],[-95.252793,35.916396],[-95.252611,35.916398],[-95.252536,35.916371],[-95.252429,35.916306],[-95.25238,35.916289],[-95.252295,35.916313],[-95.25217,35.916331],[-95.252057,35.916331],[-95.25191,35.916306],[-95.251757,35.916271],[-95.251629,35.916289],[-95.251504,35.916384],[-95.25136,35.916539],[-95.251117,35.916629],[-95.250992,35.916615],[-95.250804,35.916545],[-95.250686,35.916535],[-95.250558,35.916577],[-95.250469,35.916646],[-95.250454,35.916764],[-95.250285,35.916889],[-95.250176,35.916906],[-95.250112,35.916875],[-95.250042,35.91678],[-95.249924,35.916684],[-95.249744,35.916743],[-95.249655,35.916747],[-95.249537,35.916726],[-95.24948,35.916677],[-95.24943,35.916596],[-95.249251,35.916556],[-95.249091,35.916537],[-95.249001,35.916566],[-95.248885,35.916667],[-95.2488,35.916736],[-95.248609,35.916761],[-95.248477,35.91677],[-95.248317,35.916818],[-95.247923,35.916917],[-95.24784,35.916948],[-95.247777,35.91698],[-95.247715,35.91707],[-95.247597,35.917126],[-95.247566,35.917154],[-95.247559,35.917342],[-95.247661,35.917491],[-95.247661,35.917557],[-95.247595,35.917634],[-95.247621,35.91771],[-95.247621,35.917785],[-95.247479,35.917982],[-95.247413,35.918054],[-95.247411,35.918115],[-95.247423,35.918178],[-95.247508,35.918213],[-95.247562,35.918268],[-95.247562,35.91832],[-95.247522,35.918519],[-95.247545,35.918629],[-95.247491,35.918704],[-95.247411,35.918777],[-95.247411,35.918851]]},"properties":{"name":"Fitness Trail","kind":"path","surface":null,"difficulty":null,"access":null,"bicycle":null,"horse":null}},{"type":"Feature","geometry":{"type":"LineString","coordinates":[[-95.242313,35.890063],[-95.242439,35.890057],[-95.242447,35.890124],[-95.242505,35.89012],[-95.242519,35.890164],[-95.242519,35.890187],[-95.242486,35.89021],[-95.242469,35.890236],[-95.242472,35.890269],[-95.242475,35.890289],[-95.242479,35.890313],[-95.242486,35.890354],[-95.242495,35.89039],[-95.242542,35.890433],[-95.242495,35.89047],[-95.242514,35.890504],[-95.242519,35.890553],[-95.242524,35.890573],[-95.242541,35.890646],[-95.242601,35.890671],[-95.242606,35.890702],[-95.242521,35.890784],[-95.242452,35.890773]]},"properties":{"name":null,"kind":"path","surface":null,"difficulty":null,"access":null,"bicycle":null,"horse":null}},{"type":"Feature","geometry":{"type":"LineString","coordinates":[[-95.242479,35.890313],[-95.242436,35.890318]]},"properties":{"name":null,"kind":"path","surface":null,"difficulty":null,"access":null,"bicycle":null,"horse":null}},{"type":"Feature","geometry":{"type":"LineString","coordinates":[[-95.242524,35.890573],[-95.242489,35.890579]]},"properties":{"name":null,"kind":"path","surface":null,"difficulty":null,"access":null,"bicycle":null,"horse":null}},{"type":"Feature","geometry":{"type":"LineString","coordinates":[[-94.753472,35.444505],[-94.753485,35.443894],[-94.753488,35.443766],[-94.754412,35.443766],[-94.754427,35.442997],[-94.755496,35.442989]]},"properties":{"name":null,"kind":"footway","surface":null,"difficulty":null,"access":null,"bicycle":null,"horse":null}},{"type":"Feature","geometry":{"type":"LineString","coordinates":[[-94.754412,35.443766],[-94.754898,35.444189]]},"properties":{"name":null,"kind":"footway","surface":null,"difficulty":null,"access":null,"bicycle":null,"horse":null}},{"type":"Feature","geometry":{"type":"LineString","coordinates":[[-94.754562,35.444588],[-94.754306,35.444586],[-94.75352,35.44458]]},"properties":{"name":null,"kind":"footway","surface":null,"difficulty":null,"access":null,"bicycle":null,"horse":null}},{"type":"Feature","geometry":{"type":"LineString","coordinates":[[-94.755596,35.443026],[-94.755553,35.44397],[-94.755554,35.444014]]},"properties":{"name":null,"kind":"footway","surface":null,"difficulty":null,"access":null,"bicycle":null,"horse":null}},{"type":"Feature","geometry":{"type":"LineString","coordinates":[[-95.256859,35.913085],[-95.256785,35.912933],[-95.256798,35.911942],[-95.256102,35.911439],[-95.256238,35.911307],[-95.256841,35.910718],[-95.25681,35.908735]]},"properties":{"name":"Connection Trail","kind":"path","surface":"unpaved","difficulty":null,"access":null,"bicycle":null,"horse":null}},{"type":"Feature","geometry":{"type":"LineString","coordinates":[[-95.256238,35.911307],[-95.25599,35.911169],[-95.255247,35.910964],[-95.255144,35.91091]]},"properties":{"name":"Connection Trail","kind":"path","surface":"unpaved","difficulty":null,"access":null,"bicycle":null,"horse":null}},{"type":"Feature","geometry":{"type":"LineString","coordinates":[[-95.238834,35.900537],[-95.238801,35.900572],[-95.238774,35.900601],[-95.238784,35.900721],[-95.238761,35.900745]]},"properties":{"name":null,"kind":"path","surface":null,"difficulty":null,"access":null,"bicycle":null,"horse":null}},{"type":"Feature","geometry":{"type":"LineString","coordinates":[[-95.241776,35.889465],[-95.241789,35.889293],[-95.241791,35.889276],[-95.241797,35.889227],[-95.241791,35.889134],[-95.241772,35.889029],[-95.241747,35.888967],[-95.241739,35.888943],[-95.241686,35.888866],[-95.241611,35.888767],[-95.241547,35.888715],[-95.241525,35.888697],[-95.241514,35.888657]]},"properties":{"name":null,"kind":"path","surface":null,"difficulty":null,"access":null,"bicycle":null,"horse":null}},{"type":"Feature","geometry":{"type":"LineString","coordinates":[[-95.241791,35.889276],[-95.241704,35.889271]]},"properties":{"name":null,"kind":"path","surface":null,"difficulty":null,"access":null,"bicycle":null,"horse":null}},{"type":"Feature","geometry":{"type":"LineString","coordinates":[[-95.241789,35.889293],[-95.242053,35.889316]]},"properties":{"name":null,"kind":"path","surface":null,"difficulty":null,"access":null,"bicycle":null,"horse":null}},{"type":"Feature","geometry":{"type":"LineString","coordinates":[[-95.242053,35.889316],[-95.242092,35.889597],[-95.242105,35.889713]]},"properties":{"name":null,"kind":"path","surface":null,"difficulty":null,"access":null,"bicycle":null,"horse":null}},{"type":"Feature","geometry":{"type":"LineString","coordinates":[[-95.242053,35.889316],[-95.242042,35.889147],[-95.242007,35.889012],[-95.241965,35.888901],[-95.241876,35.888735],[-95.241812,35.88866],[-95.241788,35.888633]]},"properties":{"name":null,"kind":"path","surface":null,"difficulty":null,"access":null,"bicycle":null,"horse":null}},{"type":"Feature","geometry":{"type":"LineString","coordinates":[[-95.241747,35.888967],[-95.241697,35.889024],[-95.241666,35.889052],[-95.241643,35.889059]]},"properties":{"name":null,"kind":"path","surface":null,"difficulty":null,"access":null,"bicycle":null,"horse":null}},{"type":"Feature","geometry":{"type":"LineString","coordinates":[[-95.241547,35.888715],[-95.241503,35.888817],[-95.241483,35.888916],[-95.241484,35.889006]]},"properties":{"name":null,"kind":"path","surface":null,"difficulty":null,"access":null,"bicycle":null,"horse":null}},{"type":"Feature","geometry":{"type":"LineString","coordinates":[[-95.241511,35.896649],[-95.241511,35.896614]]},"properties":{"name":null,"kind":"path","surface":null,"difficulty":null,"access":null,"bicycle":null,"horse":null}},{"type":"Feature","geometry":{"type":"LineString","coordinates":[[-95.241512,35.896536],[-95.241505,35.896524]]},"properties":{"name":null,"kind":"path","surface":null,"difficulty":null,"access":null,"bicycle":null,"horse":null}},{"type":"Feature","geometry":{"type":"LineString","coordinates":[[-95.241511,35.896614],[-95.241512,35.896536]]},"properties":{"name":null,"kind":"path","surface":null,"difficulty":null,"access":null,"bicycle":null,"horse":null}},{"type":"Feature","geometry":{"type":"LineString","coordinates":[[-95.241512,35.896536],[-95.241629,35.896471]]},"properties":{"name":null,"kind":"path","surface":null,"difficulty":null,"access":null,"bicycle":null,"horse":null}},{"type":"Feature","geometry":{"type":"LineString","coordinates":[[-95.241649,35.896449],[-95.241713,35.896405]]},"properties":{"name":null,"kind":"path","surface":null,"difficulty":null,"access":null,"bicycle":null,"horse":null}},{"type":"Feature","geometry":{"type":"LineString","coordinates":[[-95.241629,35.896471],[-95.241649,35.896449]]},"properties":{"name":null,"kind":"path","surface":null,"difficulty":null,"access":null,"bicycle":null,"horse":null}},{"type":"Feature","geometry":{"type":"LineString","coordinates":[[-95.241566,35.896807],[-95.24155,35.896698],[-95.241511,35.896649]]},"properties":{"name":null,"kind":"path","surface":null,"difficulty":null,"access":null,"bicycle":null,"horse":null}},{"type":"Feature","geometry":{"type":"LineString","coordinates":[[-95.239033,35.794368],[-95.239027,35.794202]]},"properties":{"name":null,"kind":"footway","surface":null,"difficulty":null,"access":null,"bicycle":null,"horse":null}},{"type":"Feature","geometry":{"type":"LineString","coordinates":[[-95.238265,35.794978],[-95.238264,35.794839]]},"properties":{"name":null,"kind":"footway","surface":null,"difficulty":null,"access":null,"bicycle":null,"horse":null}},{"type":"Feature","geometry":{"type":"LineString","coordinates":[[-95.230207,35.805231],[-95.230077,35.804782]]},"properties":{"name":"Officers Circle","kind":"footway","surface":"concrete","difficulty":null,"access":"yes","bicycle":"no","horse":null}},{"type":"Feature","geometry":{"type":"LineString","coordinates":[[-95.230077,35.804782],[-95.230112,35.80477],[-95.230142,35.804751],[-95.230163,35.804726],[-95.230174,35.804696],[-95.230175,35.804666],[-95.230165,35.804636],[-95.230144,35.804611],[-95.230115,35.804591],[-95.230081,35.804578],[-95.230043,35.804575],[-95.230001,35.804581],[-95.229963,35.804599],[-95.229935,35.804626],[-95.22992,35.804659],[-95.229918,35.804694],[-95.229931,35.804727],[-95.229957,35.804755],[-95.229993,35.804775],[-95.230034,35.804784],[-95.230077,35.804782]]},"properties":{"name":"Officers Circle","kind":"footway","surface":"concrete","difficulty":null,"access":"yes","bicycle":"no","horse":null}},{"type":"Feature","geometry":{"type":"LineString","coordinates":[[-95.227456,35.80493],[-95.227407,35.80493],[-95.227287,35.80485]]},"properties":{"name":null,"kind":"footway","surface":"concrete","difficulty":null,"access":"yes","bicycle":null,"horse":null}},{"type":"Feature","geometry":{"type":"LineString","coordinates":[[-94.968843,35.92098],[-94.968845,35.921],[-94.968838,35.92102],[-94.968823,35.921036],[-94.968802,35.921047],[-94.968789,35.921049],[-94.968777,35.921051],[-94.968752,35.921048],[-94.96873,35.921037],[-94.968714,35.921021],[-94.968706,35.921001],[-94.968708,35.92098],[-94.968722,35.920958],[-94.968746,35.920943],[-94.968771,35.920939],[-94.968805,35.920943],[-94.968829,35.920958],[-94.968843,35.92098]]},"properties":{"name":null,"kind":"footway","surface":"concrete","difficulty":null,"access":null,"bicycle":null,"horse":null}},{"type":"Feature","geometry":{"type":"LineString","coordinates":[[-94.968573,35.912666],[-94.968559,35.912661]]},"properties":{"name":null,"kind":"path","surface":null,"difficulty":null,"access":null,"bicycle":null,"horse":null}},{"type":"Feature","geometry":{"type":"LineString","coordinates":[[-94.968704,35.912704],[-94.968573,35.912666]]},"properties":{"name":null,"kind":"path","surface":null,"difficulty":null,"access":null,"bicycle":null,"horse":null}},{"type":"Feature","geometry":{"type":"LineString","coordinates":[[-94.970625,35.912718],[-94.970288,35.912622]]},"properties":{"name":null,"kind":"footway","surface":null,"difficulty":null,"access":null,"bicycle":null,"horse":null}},{"type":"Feature","geometry":{"type":"LineString","coordinates":[[-94.970703,35.912547],[-94.970625,35.912718]]},"properties":{"name":null,"kind":"footway","surface":null,"difficulty":null,"access":null,"bicycle":null,"horse":null}},{"type":"Feature","geometry":{"type":"LineString","coordinates":[[-94.970365,35.912457],[-94.970301,35.912327]]},"properties":{"name":null,"kind":"footway","surface":null,"difficulty":null,"access":null,"bicycle":null,"horse":null}},{"type":"Feature","geometry":{"type":"LineString","coordinates":[[-94.970137,35.912672],[-94.970288,35.912622]]},"properties":{"name":null,"kind":"footway","surface":null,"difficulty":null,"access":null,"bicycle":null,"horse":null}},{"type":"Feature","geometry":{"type":"LineString","coordinates":[[-94.970365,35.912457],[-94.970703,35.912547]]},"properties":{"name":null,"kind":"footway","surface":null,"difficulty":null,"access":null,"bicycle":null,"horse":null}},{"type":"Feature","geometry":{"type":"LineString","coordinates":[[-94.970288,35.912622],[-94.970322,35.912549],[-94.970334,35.912523],[-94.970365,35.912457]]},"properties":{"name":null,"kind":"footway","surface":null,"difficulty":null,"access":null,"bicycle":null,"horse":null}},{"type":"Feature","geometry":{"type":"LineString","coordinates":[[-94.969946,35.912417],[-94.970111,35.912469],[-94.970146,35.91248]]},"properties":{"name":null,"kind":"footway","surface":null,"difficulty":null,"access":null,"bicycle":null,"horse":null}},{"type":"Feature","geometry":{"type":"LineString","coordinates":[[-94.970334,35.912523],[-94.970224,35.912489],[-94.970191,35.912479],[-94.970146,35.91248]]},"properties":{"name":null,"kind":"footway","surface":null,"difficulty":null,"access":null,"bicycle":null,"horse":null}},{"type":"Feature","geometry":{"type":"LineString","coordinates":[[-94.970146,35.91248],[-94.97018,35.912505],[-94.970212,35.912515],[-94.970322,35.912549]]},"properties":{"name":null,"kind":"footway","surface":null,"difficulty":null,"access":null,"bicycle":null,"horse":null}},{"type":"Feature","geometry":{"type":"LineString","coordinates":[[-94.969997,35.912967],[-94.970137,35.912672],[-94.970212,35.912515],[-94.970224,35.912489],[-94.970301,35.912327],[-94.970452,35.912008]]},"properties":{"name":null,"kind":"footway","surface":null,"difficulty":null,"access":null,"bicycle":null,"horse":null}},{"type":"Feature","geometry":{"type":"LineString","coordinates":[[-94.968775,35.914269],[-94.968853,35.914297]]},"properties":{"name":null,"kind":"footway","surface":null,"difficulty":null,"access":null,"bicycle":null,"horse":null}},{"type":"Feature","geometry":{"type":"LineString","coordinates":[[-94.969379,35.911406],[-94.969408,35.911414]]},"properties":{"name":null,"kind":"path","surface":null,"difficulty":null,"access":null,"bicycle":null,"horse":null}},{"type":"Feature","geometry":{"type":"LineString","coordinates":[[-94.96921,35.911362],[-94.969379,35.911406]]},"properties":{"name":null,"kind":"path","surface":null,"difficulty":null,"access":null,"bicycle":null,"horse":null}},{"type":"Feature","geometry":{"type":"LineString","coordinates":[[-94.969391,35.913277],[-94.969428,35.913288]]},"properties":{"name":null,"kind":"footway","surface":null,"difficulty":null,"access":null,"bicycle":null,"horse":null}},{"type":"Feature","geometry":{"type":"LineString","coordinates":[[-94.969334,35.913259],[-94.969348,35.913264],[-94.969391,35.913277]]},"properties":{"name":null,"kind":"footway","surface":null,"difficulty":null,"access":null,"bicycle":null,"horse":null}},{"type":"Feature","geometry":{"type":"LineString","coordinates":[[-94.966904,35.915524],[-94.966851,35.915512]]},"properties":{"name":null,"kind":"footway","surface":"concrete","difficulty":null,"access":null,"bicycle":null,"horse":null}},{"type":"Feature","geometry":{"type":"LineString","coordinates":[[-94.96699,35.915545],[-94.966963,35.915538],[-94.966904,35.915524]]},"properties":{"name":null,"kind":"footway","surface":"concrete","difficulty":null,"access":null,"bicycle":null,"horse":null}},{"type":"Feature","geometry":{"type":"LineString","coordinates":[[-94.966982,35.915476],[-94.966851,35.915479]]},"properties":{"name":null,"kind":"footway","surface":"concrete","difficulty":null,"access":null,"bicycle":null,"horse":null}},{"type":"Feature","geometry":{"type":"LineString","coordinates":[[-94.966982,35.915476],[-94.967034,35.915471],[-94.967198,35.915428]]},"properties":{"name":null,"kind":"footway","surface":"concrete","difficulty":null,"access":null,"bicycle":null,"horse":null}},{"type":"Feature","geometry":{"type":"LineString","coordinates":[[-94.967017,35.915678],[-94.966942,35.915606],[-94.966963,35.915538],[-94.966982,35.915476]]},"properties":{"name":null,"kind":"footway","surface":"concrete","difficulty":null,"access":null,"bicycle":null,"horse":null}},{"type":"Feature","geometry":{"type":"LineString","coordinates":[[-94.966928,35.915735],[-94.967017,35.915678],[-94.967037,35.915664]]},"properties":{"name":null,"kind":"footway","surface":null,"difficulty":null,"access":null,"bicycle":null,"horse":null}},{"type":"Feature","geometry":{"type":"LineString","coordinates":[[-94.968509,35.913921],[-94.968532,35.913874],[-94.968544,35.91385]]},"properties":{"name":null,"kind":"path","surface":null,"difficulty":null,"access":null,"bicycle":null,"horse":null}},{"type":"Feature","geometry":{"type":"LineString","coordinates":[[-94.967733,35.914354],[-94.967768,35.914306]]},"properties":{"name":null,"kind":"path","surface":null,"difficulty":null,"access":null,"bicycle":null,"horse":null}},{"type":"Feature","geometry":{"type":"LineString","coordinates":[[-94.967549,35.915172],[-94.96754,35.915138],[-94.96752,35.915088],[-94.967514,35.91505],[-94.967574,35.9149],[-94.967655,35.914738],[-94.967706,35.914654],[-94.967702,35.914581],[-94.96771,35.914462],[-94.967733,35.914354]]},"properties":{"name":null,"kind":"path","surface":null,"difficulty":null,"access":null,"bicycle":null,"horse":null}},{"type":"Feature","geometry":{"type":"LineString","coordinates":[[-94.967768,35.914306],[-94.967787,35.914264],[-94.96779,35.914205],[-94.967805,35.914163],[-94.967898,35.914031]]},"properties":{"name":null,"kind":"path","surface":null,"difficulty":null,"access":null,"bicycle":null,"horse":null}},{"type":"Feature","geometry":{"type":"LineString","coordinates":[[-94.967761,35.914147],[-94.967805,35.914163]]},"properties":{"name":null,"kind":"path","surface":null,"difficulty":null,"access":null,"bicycle":null,"horse":null}},{"type":"Feature","geometry":{"type":"LineString","coordinates":[[-94.968518,35.912759],[-94.968559,35.912661],[-94.968627,35.912496]]},"properties":{"name":null,"kind":"path","surface":null,"difficulty":null,"access":null,"bicycle":null,"horse":null}},{"type":"Feature","geometry":{"type":"LineString","coordinates":[[-94.968769,35.912098],[-94.968676,35.912076]]},"properties":{"name":null,"kind":"path","surface":null,"difficulty":null,"access":null,"bicycle":null,"horse":null}},{"type":"Feature","geometry":{"type":"LineString","coordinates":[[-94.968634,35.912445],[-94.968531,35.912419]]},"properties":{"name":null,"kind":"path","surface":null,"difficulty":null,"access":null,"bicycle":null,"horse":null}},{"type":"Feature","geometry":{"type":"LineString","coordinates":[[-94.968627,35.912496],[-94.968634,35.912445],[-94.96869,35.912281],[-94.968721,35.912176],[-94.968769,35.912098],[-94.968848,35.912023],[-94.968967,35.911806],[-94.969043,35.911666],[-94.969085,35.911556],[-94.969152,35.911347],[-94.96921,35.911362]]},"properties":{"name":null,"kind":"path","surface":null,"difficulty":null,"access":null,"bicycle":null,"horse":null}},{"type":"Feature","geometry":{"type":"LineString","coordinates":[[-94.973482,35.448356],[-94.973512,35.448357],[-94.9737,35.448362],[-94.973836,35.448362],[-94.973992,35.448393],[-94.974116,35.448407],[-94.974347,35.448444],[-94.974857,35.448756],[-94.975049,35.448891],[-94.975228,35.449056],[-94.975666,35.449434],[-94.976453,35.449882],[-94.976925,35.450004],[-94.977107,35.449877],[-94.977222,35.44978]]},"properties":{"name":"Horton Slough Nature Trail","kind":"footway","surface":null,"difficulty":null,"access":null,"bicycle":null,"horse":null}},{"type":"Feature","geometry":{"type":"LineString","coordinates":[[-94.97351,35.448487],[-94.973511,35.448444]]},"properties":{"name":null,"kind":"footway","surface":null,"difficulty":null,"access":null,"bicycle":null,"horse":null}},{"type":"Feature","geometry":{"type":"LineString","coordinates":[[-94.977531,35.44944],[-94.977766,35.449181],[-94.977705,35.449129],[-94.977659,35.449118],[-94.977613,35.449116],[-94.977528,35.44915]]},"properties":{"name":"Horton Slough Nature Trail","kind":"footway","surface":null,"difficulty":null,"access":null,"bicycle":null,"horse":null}},{"type":"Feature","geometry":{"type":"LineString","coordinates":[[-94.977222,35.44978],[-94.977531,35.44944]]},"properties":{"name":"Horton Slough Nature Trail","kind":"footway","surface":null,"difficulty":null,"access":null,"bicycle":null,"horse":null}},{"type":"Feature","geometry":{"type":"LineString","coordinates":[[-95.020964,35.440863],[-95.020986,35.440729],[-95.020999,35.44068],[-95.021068,35.44056],[-95.021273,35.440283],[-95.021323,35.440209],[-95.021509,35.439934],[-95.021559,35.439859],[-95.021594,35.439787],[-95.021634,35.439692],[-95.021655,35.439628],[-95.021672,35.439556],[-95.02168,35.439514],[-95.021688,35.439469],[-95.021706,35.43927],[-95.021719,35.439089],[-95.02172,35.439047],[-95.021719,35.438923],[-95.021703,35.438684],[-95.021698,35.43863],[-95.021465,35.438429],[-95.021334,35.438327],[-95.021289,35.438301],[-95.021226,35.438279],[-95.021172,35.438259],[-95.021103,35.43823],[-95.021022,35.438181],[-95.020961,35.438136],[-95.02092,35.438096],[-95.020863,35.43805],[-95.020817,35.437997],[-95.02074,35.437897],[-95.020699,35.437838],[-95.020673,35.437769],[-95.020662,35.43771],[-95.02066,35.437654],[-95.020662,35.437641],[-95.020608,35.437609],[-95.020505,35.437542],[-95.02033,35.437424],[-95.020265,35.437378],[-95.02011,35.437291],[-95.019944,35.437209],[-95.019877,35.437182],[-95.019808,35.437152],[-95.019713,35.437146],[-95.019667,35.437165],[-95.019624,35.437181],[-95.019579,35.437195],[-95.019523,35.437203],[-95.01948,35.437209],[-95.019407,35.437203],[-95.019344,35.437191],[-95.019277,35.437159],[-95.019179,35.437118],[-95.019116,35.437094],[-95.019015,35.437077],[-95.018861,35.437052],[-95.018795,35.437034],[-95.018741,35.437024],[-95.01867,35.437018],[-95.01861,35.437],[-95.01856,35.436998],[-95.018498,35.436997],[-95.018441,35.436983],[-95.018375,35.436959],[-95.018325,35.436939],[-95.018268,35.436928],[-95.018162,35.436925],[-95.018064,35.436933],[-95.017979,35.436945],[-95.017823,35.437022],[-95.017568,35.437121],[-95.017324,35.437189],[-95.017112,35.437227],[-95.016909,35.437244],[-95.016747,35.437244],[-95.016599,35.437258],[-95.016412,35.437303],[-95.016319,35.43737],[-95.016212,35.437505],[-95.016202,35.437667],[-95.016199,35.437839],[-95.016208,35.437911],[-95.016204,35.437991],[-95.016169,35.438029],[-95.016126,35.438111],[-95.016098,35.438186],[-95.016109,35.438341],[-95.016152,35.438456],[-95.016127,35.438509],[-95.016073,35.438561],[-95.01608,35.438599],[-95.016143,35.438786],[-95.016335,35.438922],[-95.01654,35.43903],[-95.016774,35.439123],[-95.017118,35.439242],[-95.017372,35.439314],[-95.01759,35.439404],[-95.017772,35.439544],[-95.017889,35.439613],[-95.018113,35.439751],[-95.018292,35.439862],[-95.018611,35.439928],[-95.018806,35.439955],[-95.018994,35.439968],[-95.019176,35.440055],[-95.019352,35.440153],[-95.019479,35.440204],[-95.01968,35.440278],[-95.019794,35.440328],[-95.019914,35.440434],[-95.020031,35.440543],[-95.020132,35.440606],[-95.020451,35.440654],[-95.02062,35.440667],[-95.020999,35.44068]]},"properties":{"name":"Sandtown Woods Nature Trail","kind":"footway","surface":"asphalt","difficulty":null,"access":null,"bicycle":"yes","horse":null}},{"type":"Feature","geometry":{"type":"LineString","coordinates":[[-95.0216,35.440977],[-95.021626,35.440951],[-95.021633,35.440826],[-95.021637,35.440633],[-95.02165,35.440376],[-95.021674,35.440082],[-95.021645,35.440103],[-95.021596,35.440146],[-95.021463,35.440199],[-95.021323,35.440209]]},"properties":{"name":"Sandtown Woods Nature Trail","kind":"footway","surface":null,"difficulty":null,"access":null,"bicycle":null,"horse":null}},{"type":"Feature","geometry":{"type":"LineString","coordinates":[[-95.014592,35.440084],[-95.014478,35.439984],[-95.014432,35.439918],[-95.01443,35.439847],[-95.014359,35.43974],[-95.014274,35.439515],[-95.014154,35.439377],[-95.014027,35.439306],[-95.013865,35.439266],[-95.013777,35.439202],[-95.013569,35.439149],[-95.013374,35.439054],[-95.013211,35.438977],[-95.01311,35.438903],[-95.013003,35.438887],[-95.012828,35.438866],[-95.012727,35.438816],[-95.012613,35.438704],[-95.012589,35.438671],[-95.012548,35.438614],[-95.01247,35.438461],[-95.012398,35.438304],[-95.01235,35.438153],[-95.01221,35.43804],[-95.012044,35.437904],[-95.011934,35.437912],[-95.011823,35.43791],[-95.011735,35.437865],[-95.011651,35.437817],[-95.01154,35.437743],[-95.011423,35.4377],[-95.011351,35.437714],[-95.011273,35.437727],[-95.011225,35.437711],[-95.011212,35.437666],[-95.011212,35.437605],[-95.011166,35.43756],[-95.011111,35.437518],[-95.010929,35.437454],[-95.010877,35.437433],[-95.010817,35.437405],[-95.010769,35.437376],[-95.010687,35.437315],[-95.010621,35.437263],[-95.010547,35.437219],[-95.010465,35.437201],[-95.01043,35.43717],[-95.01038,35.437121],[-95.010326,35.437094]]},"properties":{"name":"MAPPS Banding Trail","kind":"footway","surface":"ground","difficulty":null,"access":null,"bicycle":null,"horse":null}},{"type":"Feature","geometry":{"type":"LineString","coordinates":[[-95.013569,35.439149],[-95.013594,35.439199],[-95.01361,35.439243],[-95.013613,35.439301],[-95.013613,35.439348],[-95.013607,35.439419],[-95.013584,35.439467],[-95.013517,35.439537],[-95.013477,35.439581],[-95.01342,35.439658],[-95.013387,35.439742],[-95.013368,35.439826],[-95.01337,35.439892],[-95.013389,35.439941],[-95.01342,35.439995],[-95.013457,35.440046],[-95.013516,35.440077],[-95.013594,35.440091],[-95.013655,35.440103],[-95.013734,35.4401],[-95.013823,35.440113],[-95.01393,35.440153],[-95.014005,35.440189],[-95.014073,35.440223],[-95.014155,35.44023],[-95.014264,35.440185],[-95.014399,35.440124],[-95.014592,35.440084]]},"properties":{"name":"MAPPS Banding Trail","kind":"footway","surface":"ground","difficulty":null,"access":null,"bicycle":null,"horse":null}},{"type":"Feature","geometry":{"type":"LineString","coordinates":[[-95.015691,35.442353],[-95.015675,35.442264],[-95.015714,35.442209],[-95.015759,35.442111],[-95.015753,35.441944],[-95.015701,35.441811],[-95.015587,35.441711],[-95.015447,35.441642],[-95.015291,35.44157],[-95.015177,35.441491],[-95.015115,35.44139],[-95.015041,35.441258],[-95.014979,35.441115],[-95.014914,35.440948],[-95.014833,35.440866],[-95.014781,35.440786],[-95.014658,35.44059],[-95.014577,35.440341],[-95.014592,35.440084]]},"properties":{"name":"MAPPS Banding Trail","kind":"footway","surface":"ground","difficulty":null,"access":null,"bicycle":null,"horse":null}},{"type":"Feature","geometry":{"type":"LineString","coordinates":[[-94.9729,35.904103],[-94.972899,35.904064],[-94.972898,35.904039]]},"properties":{"name":null,"kind":"cycleway","surface":null,"difficulty":null,"access":null,"bicycle":"designated","horse":null}},{"type":"Feature","geometry":{"type":"LineString","coordinates":[[-94.972898,35.904039],[-94.972897,35.903918],[-94.972888,35.90384],[-94.972465,35.903331],[-94.972441,35.903308]]},"properties":{"name":null,"kind":"cycleway","surface":null,"difficulty":null,"access":null,"bicycle":"designated","horse":null}},{"type":"Feature","geometry":{"type":"LineString","coordinates":[[-94.972441,35.903308],[-94.972388,35.903269],[-94.972326,35.903223]]},"properties":{"name":null,"kind":"cycleway","surface":null,"difficulty":null,"access":null,"bicycle":"designated","horse":null}},{"type":"Feature","geometry":{"type":"LineString","coordinates":[[-94.972326,35.903223],[-94.972259,35.903166],[-94.972226,35.903126],[-94.971989,35.902694],[-94.971941,35.902574],[-94.971913,35.902489],[-94.971898,35.902414],[-94.971888,35.90217],[-94.971854,35.902038],[-94.971831,35.901985],[-94.971741,35.901851],[-94.971438,35.901478],[-94.97131,35.901344],[-94.971269,35.901268],[-94.971239,35.901177],[-94.971207,35.901018],[-94.971156,35.900741],[-94.97115,35.900701]]},"properties":{"name":null,"kind":"cycleway","surface":null,"difficulty":null,"access":null,"bicycle":"designated","horse":null}},{"type":"Feature","geometry":{"type":"LineString","coordinates":[[-94.9729,35.904103],[-94.972901,35.904469],[-94.972885,35.904768],[-94.972841,35.905072],[-94.972806,35.905204],[-94.97268,35.905553],[-94.972626,35.905759],[-94.972587,35.906002],[-94.972491,35.906375],[-94.972481,35.906564],[-94.972472,35.906627],[-94.972437,35.906685],[-94.97237,35.906728],[-94.972332,35.906768],[-94.972295,35.906828],[-94.972264,35.906921],[-94.972205,35.907178],[-94.972135,35.907356],[-94.972047,35.907521],[-94.971942,35.907681],[-94.971715,35.908079],[-94.971724,35.908101],[-94.971707,35.908136],[-94.971738,35.908233],[-94.971702,35.90832],[-94.971534,35.90834],[-94.971441,35.908376],[-94.971269,35.908481],[-94.9711,35.908612],[-94.971003,35.908679],[-94.970893,35.908773],[-94.970765,35.908845]]},"properties":{"name":null,"kind":"cycleway","surface":null,"difficulty":null,"access":null,"bicycle":"designated","horse":null}},{"type":"Feature","geometry":{"type":"LineString","coordinates":[[-94.968771,35.920939],[-94.968779,35.92081]]},"properties":{"name":null,"kind":"footway","surface":null,"difficulty":null,"access":null,"bicycle":null,"horse":null}},{"type":"Feature","geometry":{"type":"LineString","coordinates":[[-94.970495,35.497396],[-94.970443,35.497523]]},"properties":{"name":null,"kind":"footway","surface":null,"difficulty":null,"access":null,"bicycle":null,"horse":null}},{"type":"Feature","geometry":{"type":"LineString","coordinates":[[-94.974301,35.49359],[-94.973996,35.494474]]},"properties":{"name":null,"kind":"path","surface":null,"difficulty":null,"access":null,"bicycle":null,"horse":null}},{"type":"Feature","geometry":{"type":"LineString","coordinates":[[-94.968678,35.512972],[-94.968772,35.51316],[-94.968797,35.513265],[-94.968819,35.513377],[-94.968841,35.513478],[-94.96886,35.513535],[-94.968878,35.513614],[-94.968878,35.513676],[-94.96887,35.513699],[-94.968856,35.513727],[-94.968756,35.513866],[-94.968619,35.514054],[-94.96851,35.514195],[-94.968287,35.514477],[-94.968105,35.514724],[-94.968035,35.514824],[-94.967929,35.514967],[-94.967858,35.515061],[-94.967827,35.515097],[-94.967789,35.515127],[-94.967751,35.515146],[-94.967715,35.515157],[-94.967675,35.51517],[-94.967622,35.515182],[-94.967571,35.515187],[-94.96752,35.515192],[-94.967464,35.515185],[-94.967408,35.515169],[-94.967306,35.515131],[-94.967138,35.515063],[-94.967014,35.515038],[-94.966902,35.515013],[-94.966808,35.514998],[-94.966726,35.514993],[-94.966673,35.514996],[-94.966628,35.515009],[-94.966586,35.515028],[-94.966533,35.515058],[-94.966481,35.515088],[-94.966442,35.515105],[-94.966387,35.515115],[-94.966319,35.515124],[-94.966244,35.515128],[-94.966184,35.515129],[-94.966107,35.515128],[-94.966018,35.515125],[-94.965908,35.515123],[-94.965804,35.515129],[-94.96571,35.515142],[-94.965648,35.515161],[-94.965576,35.515196],[-94.965546,35.515237],[-94.965533,35.515275],[-94.96553,35.515323],[-94.965537,35.515381],[-94.965556,35.51543],[-94.965586,35.515476],[-94.965622,35.515526],[-94.965804,35.51574],[-94.965877,35.515802],[-94.965927,35.515842],[-94.965973,35.515868],[-94.966018,35.515884],[-94.966079,35.515891],[-94.966164,35.515893],[-94.966299,35.515885],[-94.966537,35.515874],[-94.966606,35.515875],[-94.96669,35.515891],[-94.966748,35.515914],[-94.966823,35.515959],[-94.966915,35.516015],[-94.967045,35.516079],[-94.967125,35.516105],[-94.967217,35.516121],[-94.967311,35.516127],[-94.967432,35.516123],[-94.967545,35.516112],[-94.967685,35.5161],[-94.967773,35.516085],[-94.96787,35.516067],[-94.967941,35.516057],[-94.968028,35.516063],[-94.96811,35.516071],[-94.968204,35.516032],[-94.968313,35.515987],[-94.968427,35.51594],[-94.968554,35.51592],[-94.968656,35.515895],[-94.968758,35.515846],[-94.968839,35.515761],[-94.968964,35.515655],[-94.969078,35.515549],[-94.96915,35.515437],[-94.969219,35.515278],[-94.96923,35.515136],[-94.969221,35.514993],[-94.969203,35.514881],[-94.96918,35.514789],[-94.969134,35.514734],[-94.969058,35.514676],[-94.968953,35.514619],[-94.968867,35.51455],[-94.968808,35.514459],[-94.968754,35.514268],[-94.96873,35.514139],[-94.968747,35.513994],[-94.968756,35.513866]]},"properties":{"name":null,"kind":"cycleway","surface":"asphalt","difficulty":null,"access":null,"bicycle":"designated","horse":null}},{"type":"Feature","geometry":{"type":"LineString","coordinates":[[-94.96811,35.516071],[-94.968158,35.516087],[-94.96819,35.516102],[-94.968211,35.516117],[-94.968325,35.516316],[-94.968341,35.516351],[-94.968351,35.516389],[-94.96835,35.516446],[-94.968352,35.516525],[-94.968353,35.516615],[-94.968353,35.516696],[-94.968357,35.516722],[-94.968367,35.516743],[-94.968379,35.516758],[-94.968399,35.516771],[-94.968427,35.516779],[-94.968464,35.516782],[-94.968579,35.51678],[-94.968682,35.516769],[-94.968781,35.516761],[-94.968805,35.51676],[-94.969034,35.516727],[-94.969252,35.516698],[-94.969593,35.516662],[-94.969654,35.516674]]},"properties":{"name":null,"kind":"cycleway","surface":null,"difficulty":null,"access":null,"bicycle":"designated","horse":null}},{"type":"Feature","geometry":{"type":"LineString","coordinates":[[-94.972538,35.518871],[-94.972477,35.518891],[-94.972433,35.518902],[-94.97238,35.518914],[-94.972309,35.518926],[-94.972248,35.51893],[-94.97219,35.518934],[-94.97211,35.518935],[-94.97182,35.518903],[-94.97153,35.518836],[-94.970954,35.518691],[-94.970599,35.518616],[-94.970312,35.518556],[-94.970242,35.518547],[-94.970179,35.518546],[-94.970123,35.518558],[-94.970084,35.518584],[-94.970046,35.518619],[-94.969998,35.518687],[-94.969931,35.518789],[-94.969867,35.518886],[-94.969812,35.518951],[-94.969735,35.519023],[-94.969671,35.519077],[-94.969582,35.519132],[-94.969478,35.519182],[-94.969357,35.519226],[-94.969254,35.51926],[-94.969158,35.519274],[-94.969054,35.519274],[-94.968939,35.519261],[-94.968799,35.519234],[-94.968674,35.519211],[-94.968581,35.519193],[-94.968501,35.51921],[-94.968422,35.519183],[-94.968304,35.519138],[-94.968144,35.51912],[-94.967998,35.519111],[-94.967848,35.519102],[-94.967723,35.519087],[-94.967642,35.519068],[-94.967569,35.519025],[-94.96751,35.518983],[-94.967462,35.51893],[-94.967433,35.518879],[-94.967434,35.518828],[-94.967473,35.518708],[-94.967495,35.518641],[-94.967513,35.518593]]},"properties":{"name":null,"kind":"cycleway","surface":null,"difficulty":null,"access":null,"bicycle":"designated","horse":null}},{"type":"Feature","geometry":{"type":"LineString","coordinates":[[-94.970312,35.518556],[-94.970283,35.518374]]},"properties":{"name":null,"kind":"cycleway","surface":null,"difficulty":null,"access":null,"bicycle":"designated","horse":null}},{"type":"Feature","geometry":{"type":"LineString","coordinates":[[-95.168929,35.620153],[-95.169054,35.620171],[-95.169109,35.620186]]},"properties":{"name":null,"kind":"footway","surface":null,"difficulty":null,"access":null,"bicycle":null,"horse":null}},{"type":"Feature","geometry":{"type":"LineString","coordinates":[[-95.227449,35.803299],[-95.227447,35.803429],[-95.227363,35.803429],[-95.227361,35.803515]]},"properties":{"name":null,"kind":"footway","surface":"concrete","difficulty":null,"access":"yes","bicycle":null,"horse":null}},{"type":"Feature","geometry":{"type":"LineString","coordinates":[[-95.277601,35.795938],[-95.277666,35.795835],[-95.277715,35.795819],[-95.277828,35.795822],[-95.277999,35.795779],[-95.27809,35.795724],[-95.278186,35.795659],[-95.278252,35.795635],[-95.278306,35.795623],[-95.278423,35.795648],[-95.278484,35.795642],[-95.278572,35.795591],[-95.278641,35.795572],[-95.278743,35.795571],[-95.278882,35.795526],[-95.279142,35.795444],[-95.279737,35.795308],[-95.279925,35.795259],[-95.280098,35.795245],[-95.280322,35.795139],[-95.280546,35.79511],[-95.280735,35.794981],[-95.280896,35.795013],[-95.281091,35.794941],[-95.281463,35.794916],[-95.281612,35.794813],[-95.281876,35.794751],[-95.282106,35.794643],[-95.282264,35.794647],[-95.282377,35.794591],[-95.282587,35.794529],[-95.28267,35.794427],[-95.282717,35.794369],[-95.282912,35.794213],[-95.283059,35.794174],[-95.283203,35.794158],[-95.283346,35.794167],[-95.28347,35.794174],[-95.283638,35.794195],[-95.28375,35.794246],[-95.283802,35.794264],[-95.28385,35.794251],[-95.283967,35.794175],[-95.284078,35.794162],[-95.284383,35.794034],[-95.284649,35.793945],[-95.284715,35.793929],[-95.284768,35.793946],[-95.284913,35.793958],[-95.285033,35.793973],[-95.285146,35.793955],[-95.285514,35.793855],[-95.285663,35.793826],[-95.285771,35.793837],[-95.285853,35.793868],[-95.285922,35.793873],[-95.285971,35.793854],[-95.286009,35.793806],[-95.286038,35.793787],[-95.286144,35.79378],[-95.286212,35.793773],[-95.286267,35.793735],[-95.286351,35.793656],[-95.286407,35.793637],[-95.28651,35.793648],[-95.286782,35.793689],[-95.286862,35.793693],[-95.286907,35.79369],[-95.287022,35.793658],[-95.287089,35.793628],[-95.287152,35.79363],[-95.287206,35.793643],[-95.287346,35.79365],[-95.287474,35.793614],[-95.287603,35.793539],[-95.287631,35.793534],[-95.28774,35.793558],[-95.287816,35.793562],[-95.287968,35.793547],[-95.288093,35.793496],[-95.288234,35.793465],[-95.288407,35.793354],[-95.288508,35.793341],[-95.288605,35.793344],[-95.288701,35.793373],[-95.288764,35.793377],[-95.288807,35.79338],[-95.288849,35.79336],[-95.288992,35.793241],[-95.28908,35.793211],[-95.289157,35.793189],[-95.289244,35.793115],[-95.289284,35.793088],[-95.28934,35.793083],[-95.289479,35.793076],[-95.28952,35.793068],[-95.289576,35.793016],[-95.289671,35.792971],[-95.289907,35.792914],[-95.290096,35.792839],[-95.290399,35.79267],[-95.290591,35.792605],[-95.290693,35.792593],[-95.290797,35.792531],[-95.290862,35.792415],[-95.290913,35.792296],[-95.290946,35.792143],[-95.290981,35.791923],[-95.291044,35.791747],[-95.291137,35.791608],[-95.291262,35.791508],[-95.291407,35.791426],[-95.291537,35.791386],[-95.291655,35.791372],[-95.291762,35.791373],[-95.291865,35.79138],[-95.292049,35.791396],[-95.292278,35.791394],[-95.292352,35.791385],[-95.292405,35.79136],[-95.292435,35.791328],[-95.292447,35.791305],[-95.292449,35.791261],[-95.292423,35.79122],[-95.292357,35.791156],[-95.29222,35.791066],[-95.291954,35.790914],[-95.291784,35.790788],[-95.291669,35.790641],[-95.291625,35.790534],[-95.291625,35.790371],[-95.2916,35.789529],[-95.291673,35.788502],[-95.291662,35.788404],[-95.291687,35.788296],[-95.291745,35.787479],[-95.291796,35.78662],[-95.291756,35.78577],[-95.291421,35.784647],[-95.291396,35.784547],[-95.291309,35.784502],[-95.291238,35.78448],[-95.291199,35.78445],[-95.291203,35.784412],[-95.291229,35.784343],[-95.291264,35.784298],[-95.291356,35.784245],[-95.291432,35.784189],[-95.291519,35.784193],[-95.291559,35.784195],[-95.29174,35.784202],[-95.292104,35.784212],[-95.292483,35.784212],[-95.292878,35.784202],[-95.293064,35.784189],[-95.293375,35.784252],[-95.293604,35.784264],[-95.293861,35.784202]]},"properties":{"name":null,"kind":"path","surface":null,"difficulty":null,"access":null,"bicycle":null,"horse":null}},{"type":"Feature","geometry":{"type":"LineString","coordinates":[[-95.264785,35.794945],[-95.264798,35.794856],[-95.26484,35.794774],[-95.264907,35.794715],[-95.264989,35.794665],[-95.265143,35.794601],[-95.266977,35.794128],[-95.267151,35.794091],[-95.267251,35.794093],[-95.267428,35.794122],[-95.267751,35.794211],[-95.268255,35.794414],[-95.270179,35.795175],[-95.271708,35.795788],[-95.27193,35.795885],[-95.271998,35.795958]]},"properties":{"name":null,"kind":"path","surface":null,"difficulty":null,"access":null,"bicycle":null,"horse":null}},{"type":"Feature","geometry":{"type":"LineString","coordinates":[[-95.259214,35.800236],[-95.259193,35.800796],[-95.259296,35.80157],[-95.259346,35.802098],[-95.259371,35.802482],[-95.259332,35.802891],[-95.259261,35.803205],[-95.25925,35.803262],[-95.259228,35.80341]]},"properties":{"name":null,"kind":"path","surface":null,"difficulty":null,"access":null,"bicycle":null,"horse":null}},{"type":"Feature","geometry":{"type":"LineString","coordinates":[[-95.266183,35.801846],[-95.266404,35.801711],[-95.266531,35.801588],[-95.266741,35.801385],[-95.266962,35.801268],[-95.267275,35.801168],[-95.267672,35.80111],[-95.267771,35.801103],[-95.268252,35.801066],[-95.268593,35.801046],[-95.268836,35.801065],[-95.268943,35.801048],[-95.269048,35.801008],[-95.269095,35.800959],[-95.269124,35.800911],[-95.269169,35.800872],[-95.26925,35.80085],[-95.269342,35.800849],[-95.269486,35.8008],[-95.269994,35.800581],[-95.270064,35.800516],[-95.270179,35.800383],[-95.270248,35.800353],[-95.270366,35.800343],[-95.270481,35.800292],[-95.271423,35.79999],[-95.271674,35.799917],[-95.27182,35.799873],[-95.272038,35.799813],[-95.272222,35.799717],[-95.27243,35.799622],[-95.272547,35.799602],[-95.272629,35.799615],[-95.27274,35.799653],[-95.272798,35.799652],[-95.272888,35.799587],[-95.272989,35.799512],[-95.273046,35.7995],[-95.273151,35.799504],[-95.273235,35.79945],[-95.273362,35.799359],[-95.273426,35.799337],[-95.273477,35.799338],[-95.273592,35.799352],[-95.27363,35.79935],[-95.27368,35.799334],[-95.273845,35.7992],[-95.273916,35.799173],[-95.274013,35.799166],[-95.274163,35.799156],[-95.274208,35.799151],[-95.274261,35.799124],[-95.274339,35.799057],[-95.274417,35.799054],[-95.274556,35.79906],[-95.274638,35.799023],[-95.274762,35.798931],[-95.274839,35.798895],[-95.274936,35.798874],[-95.275095,35.798879],[-95.275201,35.798895],[-95.275282,35.798895],[-95.275398,35.798865],[-95.275504,35.798862],[-95.27563,35.79887],[-95.275819,35.798852],[-95.276034,35.798794],[-95.276267,35.798719],[-95.276384,35.798678],[-95.276554,35.798654],[-95.276659,35.798646],[-95.276783,35.798642],[-95.27687,35.798621],[-95.276912,35.798594],[-95.276943,35.798551],[-95.276972,35.798482],[-95.277011,35.798439],[-95.277041,35.798433],[-95.277155,35.798462],[-95.277209,35.798474],[-95.277264,35.798458],[-95.277319,35.798388],[-95.277328,35.798383],[-95.277375,35.798355],[-95.277448,35.798358],[-95.277507,35.7984],[-95.277544,35.798453],[-95.277554,35.798468],[-95.277629,35.79859],[-95.277645,35.798654],[-95.277702,35.798732],[-95.277765,35.798777],[-95.277945,35.798804],[-95.278045,35.798788],[-95.27809,35.798771],[-95.278256,35.79869],[-95.278398,35.798706],[-95.27855,35.798623],[-95.2786,35.798623],[-95.278814,35.798694],[-95.278918,35.798698],[-95.279118,35.79861],[-95.279226,35.798593],[-95.279487,35.798419],[-95.279595,35.798308],[-95.279745,35.798249],[-95.279778,35.798195],[-95.279805,35.798099],[-95.279864,35.798064],[-95.279948,35.798024],[-95.279987,35.797969],[-95.280023,35.797907],[-95.2801,35.797892],[-95.280284,35.797901],[-95.280331,35.797883],[-95.280465,35.797761],[-95.280562,35.797749],[-95.280651,35.797747],[-95.280782,35.797739],[-95.280954,35.797769],[-95.281054,35.797738],[-95.281232,35.79766],[-95.281286,35.797653],[-95.282044,35.797557],[-95.282199,35.797552],[-95.28235,35.797502],[-95.282562,35.79751],[-95.282898,35.797535],[-95.283039,35.79753],[-95.28321,35.79749],[-95.283357,35.797436],[-95.283427,35.797416],[-95.283559,35.797469],[-95.28366,35.79748],[-95.283748,35.797465],[-95.283904,35.797453],[-95.284016,35.797453],[-95.284095,35.797467],[-95.284149,35.797532],[-95.284278,35.797641],[-95.284382,35.797684],[-95.284465,35.797697],[-95.284516,35.797738],[-95.284571,35.797844],[-95.284655,35.79791],[-95.284885,35.797978],[-95.285025,35.798002],[-95.285115,35.797998],[-95.285207,35.797959],[-95.285306,35.797963],[-95.285435,35.797977],[-95.285553,35.797969],[-95.285748,35.797922],[-95.285811,35.797922],[-95.285882,35.797944],[-95.285947,35.797947],[-95.285973,35.797934],[-95.285988,35.79791],[-95.285958,35.797866],[-95.285948,35.797797],[-95.285969,35.79774],[-95.286006,35.797702],[-95.286067,35.797672],[-95.28613,35.797659],[-95.286267,35.797667],[-95.286336,35.797691],[-95.286421,35.797695],[-95.286736,35.797632],[-95.286797,35.797617],[-95.286858,35.797648],[-95.286966,35.797611],[-95.287097,35.797645],[-95.287212,35.79766],[-95.28725,35.797663],[-95.287323,35.797646],[-95.287412,35.797577],[-95.287487,35.797544],[-95.28761,35.797586],[-95.287801,35.797505],[-95.287898,35.797505],[-95.288129,35.797495],[-95.288269,35.79751],[-95.288379,35.797528],[-95.288422,35.797575],[-95.288427,35.797652],[-95.288385,35.797712],[-95.288362,35.797761],[-95.288374,35.79781],[-95.288392,35.797847],[-95.288436,35.797895],[-95.288454,35.797959],[-95.288438,35.79801],[-95.288331,35.798162],[-95.288313,35.798265],[-95.288256,35.798305],[-95.288178,35.79837],[-95.288149,35.79841],[-95.288145,35.798457],[-95.288153,35.798487],[-95.288196,35.79855],[-95.288244,35.798602],[-95.288307,35.798616],[-95.288413,35.79861],[-95.288479,35.798593],[-95.288514,35.798562],[-95.288507,35.7985],[-95.28851,35.798427],[-95.288576,35.798347],[-95.288635,35.798209],[-95.28868,35.798114],[-95.288755,35.798038],[-95.288813,35.797987],[-95.288899,35.79795],[-95.288917,35.797915],[-95.288902,35.797893],[-95.288816,35.797847],[-95.288782,35.797817],[-95.288775,35.797759],[-95.288816,35.797557],[-95.288814,35.797483],[-95.288807,35.797413],[-95.28879,35.797358],[-95.28878,35.797305],[-95.288696,35.79726],[-95.28861,35.79726],[-95.288528,35.797243],[-95.288458,35.797248],[-95.288422,35.797263],[-95.28841,35.797285],[-95.28842,35.797319],[-95.28846,35.797393],[-95.288472,35.797434],[-95.288455,35.797482],[-95.288379,35.797528]]},"properties":{"name":"Jean-Pierre Chouteau Trail","kind":"path","surface":null,"difficulty":null,"access":null,"bicycle":null,"horse":null}},{"type":"Feature","geometry":{"type":"LineString","coordinates":[[-95.267771,35.801103],[-95.26797,35.801254],[-95.26814,35.801278],[-95.268225,35.801281],[-95.268289,35.801266],[-95.268474,35.801195],[-95.268629,35.801139],[-95.268722,35.801119],[-95.268836,35.801065]]},"properties":{"name":"Chouteau Alt Trail","kind":"path","surface":null,"difficulty":null,"access":null,"bicycle":null,"horse":null}},{"type":"Feature","geometry":{"type":"LineString","coordinates":[[-95.268225,35.801281],[-95.267958,35.801409],[-95.267591,35.801476],[-95.267358,35.801681],[-95.267274,35.801701],[-95.267108,35.801769],[-95.266976,35.801913],[-95.26659,35.802122],[-95.266143,35.801988]]},"properties":{"name":"Chouteau Alt Trail","kind":"path","surface":null,"difficulty":null,"access":null,"bicycle":null,"horse":null}},{"type":"Feature","geometry":{"type":"LineString","coordinates":[[-95.259195,35.805672],[-95.25962,35.805793],[-95.25977,35.805712],[-95.260019,35.80555],[-95.260232,35.805145],[-95.260232,35.803798],[-95.260332,35.802624],[-95.260544,35.801945],[-95.26063,35.801264],[-95.261316,35.800237],[-95.26166,35.799001],[-95.261942,35.798456]]},"properties":{"name":"Three Forks Trail","kind":"path","surface":"ground","difficulty":null,"access":null,"bicycle":"yes","horse":null}},{"type":"Feature","geometry":{"type":"LineString","coordinates":[[-95.259362,35.798603],[-95.260259,35.79862],[-95.260491,35.798624]]},"properties":{"name":null,"kind":"path","surface":"ground","difficulty":null,"access":null,"bicycle":"yes","horse":null}},{"type":"Feature","geometry":{"type":"LineString","coordinates":[[-95.277544,35.798453],[-95.277693,35.798432],[-95.277829,35.798488],[-95.277917,35.798511],[-95.277995,35.79849],[-95.278017,35.798413],[-95.278017,35.798321],[-95.278023,35.798281],[-95.278054,35.798256],[-95.278106,35.798246],[-95.278156,35.798263],[-95.278177,35.798331],[-95.278157,35.798367],[-95.278142,35.798388],[-95.278142,35.798438],[-95.27816,35.798463],[-95.278189,35.798474],[-95.278231,35.798458],[-95.278265,35.798406],[-95.278307,35.798318],[-95.278344,35.798261],[-95.278408,35.798202],[-95.278459,35.798182],[-95.278524,35.798169],[-95.278617,35.798167],[-95.278684,35.7982],[-95.278717,35.798251],[-95.278691,35.798309],[-95.278638,35.798343],[-95.278536,35.798388],[-95.2785,35.798428],[-95.278496,35.798456],[-95.278518,35.798485],[-95.278598,35.798476],[-95.278705,35.798468],[-95.278762,35.798428],[-95.278788,35.79835],[-95.278868,35.79831],[-95.279004,35.798252],[-95.279081,35.798241],[-95.279228,35.798162],[-95.279376,35.798038],[-95.279448,35.797984],[-95.279464,35.797951],[-95.279456,35.797927],[-95.279419,35.797909],[-95.27937,35.797909],[-95.279275,35.797947],[-95.279144,35.79798],[-95.279012,35.798001],[-95.278778,35.798009],[-95.278645,35.798069],[-95.278472,35.798074],[-95.278364,35.798117],[-95.278231,35.798109],[-95.277956,35.798229],[-95.277863,35.798286],[-95.277806,35.7983],[-95.277666,35.798254],[-95.277602,35.798249],[-95.277504,35.798275],[-95.27742,35.798272],[-95.27735,35.798283],[-95.277312,35.798308],[-95.277306,35.798336],[-95.277328,35.798383]]},"properties":{"name":null,"kind":"path","surface":null,"difficulty":null,"access":null,"bicycle":null,"horse":null}},{"type":"Feature","geometry":{"type":"LineString","coordinates":[[-95.279464,35.797951],[-95.279508,35.797941],[-95.279555,35.797906]]},"properties":{"name":null,"kind":"path","surface":null,"difficulty":null,"access":null,"bicycle":null,"horse":null}},{"type":"Feature","geometry":{"type":"LineString","coordinates":[[-95.250277,35.901044],[-95.250577,35.901321],[-95.251201,35.901975],[-95.251427,35.902156],[-95.251686,35.902447],[-95.252134,35.902688],[-95.252635,35.902895],[-95.252797,35.903043],[-95.252824,35.903229],[-95.252803,35.903399],[-95.252703,35.903677],[-95.25275,35.9039],[-95.25276,35.904079],[-95.252863,35.904183],[-95.253114,35.904219],[-95.253266,35.904337],[-95.253475,35.904357],[-95.253773,35.904454],[-95.253836,35.904572],[-95.253982,35.904931],[-95.254026,35.905041],[-95.254149,35.905078],[-95.254297,35.905089],[-95.254389,35.905076],[-95.254527,35.905053],[-95.254662,35.905053],[-95.254736,35.905084],[-95.254843,35.905229],[-95.254944,35.905291],[-95.255018,35.905336],[-95.255102,35.905663],[-95.25517,35.905763],[-95.255087,35.905959],[-95.254989,35.906056],[-95.254972,35.906161],[-95.25482,35.906254],[-95.254769,35.906307],[-95.254794,35.906415],[-95.254944,35.906595],[-95.255317,35.907076],[-95.255439,35.907092],[-95.255738,35.907048],[-95.255952,35.907048],[-95.256119,35.906986],[-95.256283,35.906959],[-95.25649,35.906969],[-95.256731,35.907129],[-95.256837,35.907239],[-95.256805,35.908219],[-95.25681,35.908735]]},"properties":{"name":null,"kind":"path","surface":null,"difficulty":null,"access":null,"bicycle":null,"horse":null}},{"type":"Feature","geometry":{"type":"LineString","coordinates":[[-95.254769,35.906307],[-95.252193,35.906958]]},"properties":{"name":null,"kind":"path","surface":null,"difficulty":null,"access":null,"bicycle":null,"horse":null}},{"type":"Feature","geometry":{"type":"LineString","coordinates":[[-95.254185,35.915276],[-95.254971,35.915237],[-95.255483,35.915265],[-95.256036,35.915265],[-95.256645,35.915243],[-95.25677,35.915215],[-95.256927,35.91525],[-95.257635,35.915265],[-95.259104,35.915285],[-95.259364,35.915282],[-95.260993,35.915265],[-95.261242,35.915256],[-95.261315,35.915287],[-95.261391,35.915719],[-95.261353,35.917245],[-95.261345,35.918586],[-95.261299,35.918617],[-95.261188,35.91863],[-95.261101,35.918608],[-95.261006,35.918522],[-95.260809,35.918437],[-95.260602,35.918424],[-95.260458,35.918425],[-95.260391,35.918402],[-95.260147,35.918176],[-95.260121,35.918144],[-95.260128,35.917948],[-95.260025,35.917788],[-95.259968,35.917703],[-95.259872,35.917664],[-95.259823,35.917451],[-95.259846,35.917333],[-95.259826,35.917294],[-95.259761,35.917219],[-95.259594,35.917173],[-95.259353,35.917145],[-95.259295,35.917198],[-95.259243,35.917351],[-95.259195,35.917469],[-95.258987,35.917772],[-95.257983,35.918244],[-95.257814,35.918402],[-95.257387,35.918432],[-95.256926,35.918585],[-95.25678,35.918587],[-95.256579,35.91867],[-95.255938,35.918788],[-95.255828,35.918781],[-95.255255,35.918721],[-95.255136,35.918732],[-95.254624,35.918913],[-95.254095,35.918961],[-95.254016,35.918995],[-95.253975,35.91904],[-95.25388,35.919099],[-95.253785,35.919132],[-95.253743,35.919212],[-95.253691,35.919363],[-95.253476,35.919663],[-95.25345,35.919892],[-95.253282,35.920147],[-95.25337,35.920349],[-95.25347,35.920395],[-95.253525,35.920513],[-95.253485,35.92063],[-95.253388,35.920724],[-95.253026,35.920818],[-95.25285,35.920835],[-95.25237,35.920861],[-95.252182,35.920877],[-95.252019,35.920938],[-95.251829,35.921111],[-95.251723,35.921297],[-95.251726,35.921425],[-95.25181,35.921564],[-95.251845,35.921647],[-95.251847,35.921799],[-95.251904,35.921906],[-95.252024,35.921971],[-95.252288,35.922138],[-95.252401,35.92219],[-95.252421,35.922215],[-95.252434,35.922363],[-95.252451,35.922413],[-95.252479,35.922475],[-95.252564,35.922542],[-95.252611,35.922559],[-95.252727,35.922731],[-95.252853,35.922812],[-95.252941,35.922871],[-95.252969,35.922922],[-95.252977,35.923029],[-95.252913,35.92315],[-95.252824,35.923237],[-95.252728,35.92328],[-95.252608,35.923302],[-95.252453,35.923302],[-95.252178,35.923263],[-95.252076,35.923278],[-95.25196,35.923312],[-95.251825,35.923434],[-95.251738,35.923599],[-95.251681,35.923637],[-95.251635,35.923654],[-95.251579,35.923639],[-95.251476,35.923568],[-95.251331,35.923505],[-95.251261,35.923502],[-95.250989,35.923638],[-95.250858,35.923744],[-95.250832,35.923812],[-95.250876,35.92397],[-95.250812,35.92412],[-95.250697,35.924207],[-95.250513,35.92429],[-95.250333,35.924305],[-95.250143,35.924312],[-95.249945,35.924319],[-95.24986,35.924321],[-95.249658,35.924317],[-95.249574,35.924333],[-95.249532,35.924357],[-95.249503,35.924474],[-95.249427,35.924556],[-95.249144,35.92477],[-95.24913,35.924869],[-95.249121,35.924987],[-95.249115,35.92505],[-95.249007,35.925263],[-95.249017,35.925321],[-95.249059,35.925406],[-95.249086,35.925451],[-95.249104,35.925587],[-95.249135,35.925633],[-95.249379,35.925921],[-95.249418,35.926035],[-95.249492,35.9261],[-95.249572,35.926149],[-95.249604,35.92626],[-95.24967,35.926483],[-95.249738,35.926563],[-95.249847,35.926658],[-95.24988,35.926712],[-95.249874,35.926755],[-95.249845,35.926801],[-95.249783,35.926841],[-95.249609,35.926883],[-95.249412,35.926987],[-95.249345,35.927022],[-95.249108,35.927],[-95.249053,35.927016],[-95.249026,35.927054],[-95.249025,35.927114],[-95.24898,35.927158],[-95.248952,35.927145],[-95.248873,35.927098],[-95.248817,35.927063],[-95.248538,35.927076],[-95.248417,35.927197],[-95.247929,35.927204],[-95.247877,35.927132],[-95.247745,35.926987],[-95.247664,35.926971],[-95.247525,35.926878],[-95.247337,35.92686],[-95.247316,35.926841],[-95.247353,35.926716],[-95.247301,35.926677],[-95.246917,35.926489],[-95.246792,35.926285],[-95.246699,35.92625],[-95.246636,35.926166],[-95.246593,35.926069],[-95.246695,35.925955],[-95.246686,35.925871],[-95.246724,35.925816],[-95.246797,35.925803],[-95.246829,35.925755],[-95.246836,35.925329],[-95.246772,35.925283],[-95.246666,35.925312],[-95.24648,35.925342],[-95.24633,35.925331],[-95.246234,35.925368],[-95.246184,35.925401],[-95.246098,35.925474],[-95.246014,35.925485],[-95.24584,35.925465],[-95.245647,35.925458],[-95.245567,35.92551],[-95.245204,35.925445],[-95.245102,35.925345],[-95.244986,35.9253],[-95.244884,35.925316],[-95.244818,35.92537],[-95.244696,35.925452],[-95.244674,35.925632],[-95.244594,35.925745],[-95.244442,35.925884],[-95.244437,35.925978],[-95.244224,35.926149],[-95.244099,35.926218],[-95.243945,35.926234],[-95.243875,35.926134],[-95.2438,35.926008],[-95.243768,35.925693],[-95.24373,35.925393],[-95.243589,35.925206],[-95.243408,35.92509]]},"properties":{"name":null,"kind":"path","surface":null,"difficulty":null,"access":null,"bicycle":null,"horse":null}},{"type":"Feature","geometry":{"type":"LineString","coordinates":[[-95.261345,35.918586],[-95.261397,35.920074]]},"properties":{"name":null,"kind":"path","surface":null,"difficulty":null,"access":null,"bicycle":null,"horse":null}},{"type":"Feature","geometry":{"type":"LineString","coordinates":[[-95.249783,35.926841],[-95.249779,35.926945],[-95.250096,35.927254]]},"properties":{"name":null,"kind":"path","surface":null,"difficulty":null,"access":null,"bicycle":null,"horse":null}},{"type":"Feature","geometry":{"type":"LineString","coordinates":[[-95.248741,35.92486],[-95.249121,35.924987],[-95.249421,35.925068],[-95.249713,35.925023],[-95.249794,35.924928],[-95.249945,35.924319]]},"properties":{"name":null,"kind":"path","surface":null,"difficulty":null,"access":null,"bicycle":null,"horse":null}},{"type":"Feature","geometry":{"type":"LineString","coordinates":[[-95.253282,35.920147],[-95.252222,35.920012],[-95.252145,35.920036],[-95.251906,35.920303],[-95.251426,35.920594],[-95.251299,35.92067],[-95.251194,35.920686],[-95.251162,35.920684],[-95.251079,35.920665],[-95.250269,35.920132],[-95.25011,35.919832],[-95.249921,35.919525],[-95.249697,35.919322],[-95.248837,35.918862],[-95.247411,35.918851],[-95.243679,35.918823],[-95.242523,35.918813],[-95.241251,35.918838],[-95.240489,35.918924],[-95.239717,35.919176],[-95.239272,35.919332],[-95.238953,35.919624],[-95.2387,35.920008],[-95.238487,35.920166],[-95.238386,35.920231],[-95.238319,35.92025],[-95.23824,35.920242],[-95.238151,35.920207],[-95.238048,35.920179],[-95.237957,35.920181],[-95.237909,35.920197],[-95.237631,35.920314]]},"properties":{"name":null,"kind":"path","surface":null,"difficulty":null,"access":null,"bicycle":null,"horse":null}},{"type":"Feature","geometry":{"type":"LineString","coordinates":[[-95.259353,35.917145],[-95.259471,35.916876],[-95.259496,35.916724],[-95.259512,35.916583],[-95.259492,35.916201],[-95.259465,35.916044],[-95.259462,35.915945],[-95.259574,35.915798],[-95.259591,35.91571],[-95.259533,35.915538],[-95.25941,35.915412],[-95.259387,35.915376],[-95.259364,35.915282]]},"properties":{"name":null,"kind":"path","surface":null,"difficulty":null,"access":null,"bicycle":null,"horse":null}},{"type":"Feature","geometry":{"type":"LineString","coordinates":[[-95.25677,35.915215],[-95.256792,35.914472],[-95.25682,35.914437],[-95.257595,35.914196],[-95.257697,35.914097],[-95.258039,35.913712],[-95.258118,35.913604],[-95.258103,35.913539],[-95.257952,35.91332],[-95.257647,35.913154],[-95.257502,35.913045],[-95.257421,35.912884]]},"properties":{"name":null,"kind":"path","surface":null,"difficulty":null,"access":null,"bicycle":null,"horse":null}},{"type":"Feature","geometry":{"type":"LineString","coordinates":[[-95.256764,35.913897],[-95.256792,35.914472]]},"properties":{"name":null,"kind":"path","surface":null,"difficulty":null,"access":null,"bicycle":null,"horse":null}},{"type":"Feature","geometry":{"type":"LineString","coordinates":[[-95.24253,35.91614],[-95.242593,35.916062],[-95.242677,35.91603],[-95.242777,35.916039],[-95.242857,35.916085],[-95.243,35.916236],[-95.243141,35.916301],[-95.243258,35.916297],[-95.243327,35.916246],[-95.243369,35.9161],[-95.243383,35.916043],[-95.243438,35.915987]]},"properties":{"name":null,"kind":"path","surface":null,"difficulty":null,"access":null,"bicycle":null,"horse":null}},{"type":"Feature","geometry":{"type":"LineString","coordinates":[[-95.245508,35.915189],[-95.245014,35.915416],[-95.244552,35.915697],[-95.24392,35.916088],[-95.24365,35.91629],[-95.243466,35.916328],[-95.243339,35.916325],[-95.243258,35.916297]]},"properties":{"name":null,"kind":"path","surface":null,"difficulty":null,"access":null,"bicycle":null,"horse":null}},{"type":"Feature","geometry":{"type":"LineString","coordinates":[[-95.241149,35.896725],[-95.240975,35.896658],[-95.240567,35.896749],[-95.240473,35.896751],[-95.240467,35.896688],[-95.240467,35.896602],[-95.240595,35.89635],[-95.24062,35.896216],[-95.24061,35.896105],[-95.240333,35.896161],[-95.240168,35.896103],[-95.240056,35.895929],[-95.239991,35.895753],[-95.239866,35.895419],[-95.239857,35.894971],[-95.239567,35.894226],[-95.23953,35.894015],[-95.239561,35.893432],[-95.23953,35.893177],[-95.239648,35.892925],[-95.239835,35.892749],[-95.239926,35.892264],[-95.240047,35.891639],[-95.24001,35.891215],[-95.240199,35.890832],[-95.240268,35.890509],[-95.240212,35.89036],[-95.240224,35.890173],[-95.240315,35.890049]]},"properties":{"name":null,"kind":"path","surface":null,"difficulty":null,"access":null,"bicycle":null,"horse":null}},{"type":"Feature","geometry":{"type":"LineString","coordinates":[[-95.241216,35.895649],[-95.241166,35.894933],[-95.240898,35.894994],[-95.240762,35.894926],[-95.24074,35.894735],[-95.240662,35.893418],[-95.240789,35.892739],[-95.240917,35.892469],[-95.241163,35.892417],[-95.241358,35.892467],[-95.241376,35.892503],[-95.241453,35.892544],[-95.241556,35.892553],[-95.241648,35.892515],[-95.241732,35.89243],[-95.241857,35.892476],[-95.241995,35.892616],[-95.242142,35.892641],[-95.24222,35.892649],[-95.242247,35.892744],[-95.242136,35.893361],[-95.241749,35.894066],[-95.241518,35.894461],[-95.241277,35.894773],[-95.241166,35.894933]]},"properties":{"name":null,"kind":"path","surface":null,"difficulty":null,"access":null,"bicycle":null,"horse":null}},{"type":"Feature","geometry":{"type":"LineString","coordinates":[[-95.239991,35.895753],[-95.239727,35.895876],[-95.239472,35.896629],[-95.239024,35.896973],[-95.23874,35.897558],[-95.238698,35.897879],[-95.238335,35.898166],[-95.238434,35.898506],[-95.23817,35.899075],[-95.237716,35.899649],[-95.237528,35.900069],[-95.237594,35.900333],[-95.23807,35.900784],[-95.23824,35.90088],[-95.238479,35.900879]]},"properties":{"name":null,"kind":"path","surface":null,"difficulty":null,"access":null,"bicycle":null,"horse":null}},{"type":"Feature","geometry":{"type":"LineString","coordinates":[[-95.24183,35.896834],[-95.241735,35.896845],[-95.241681,35.896853]]},"properties":{"name":"Fitness Trail","kind":"path","surface":null,"difficulty":null,"access":null,"bicycle":null,"horse":null}},{"type":"Feature","geometry":{"type":"LineString","coordinates":[[-95.243724,35.899425],[-95.24391,35.899385],[-95.243949,35.899376],[-95.243999,35.899364],[-95.24416,35.899324],[-95.244189,35.899384]]},"properties":{"name":null,"kind":"path","surface":null,"difficulty":null,"access":null,"bicycle":null,"horse":null}},{"type":"Feature","geometry":{"type":"LineString","coordinates":[[-95.009277,35.669383],[-95.009296,35.669339],[-95.009333,35.669295],[-95.009365,35.669258]]},"properties":{"name":null,"kind":"steps","surface":null,"difficulty":null,"access":null,"bicycle":null,"horse":null}},{"type":"Feature","geometry":{"type":"LineString","coordinates":[[-95.008949,35.669347],[-95.008951,35.669274],[-95.008946,35.669147],[-95.008943,35.66909],[-95.008915,35.669058]]},"properties":{"name":null,"kind":"path","surface":null,"difficulty":null,"access":null,"bicycle":null,"horse":null}},{"type":"Feature","geometry":{"type":"LineString","coordinates":[[-95.008938,35.66939],[-95.008949,35.669369]]},"properties":{"name":null,"kind":"path","surface":null,"difficulty":null,"access":null,"bicycle":null,"horse":null}},{"type":"Feature","geometry":{"type":"LineString","coordinates":[[-95.009141,35.669637],[-95.009019,35.669663]]},"properties":{"name":null,"kind":"steps","surface":null,"difficulty":null,"access":null,"bicycle":null,"horse":null}},{"type":"Feature","geometry":{"type":"LineString","coordinates":[[-95.008891,35.6697],[-95.00879,35.669725]]},"properties":{"name":null,"kind":"steps","surface":null,"difficulty":null,"access":null,"bicycle":null,"horse":null}},{"type":"Feature","geometry":{"type":"LineString","coordinates":[[-95.009326,35.669437],[-95.009307,35.669383]]},"properties":{"name":null,"kind":"path","surface":null,"difficulty":null,"access":null,"bicycle":null,"horse":null}},{"type":"Feature","geometry":{"type":"LineString","coordinates":[[-95.00865,35.669407],[-95.008511,35.669429],[-95.008299,35.669441],[-95.008166,35.669423],[-95.008071,35.6694]]},"properties":{"name":null,"kind":"path","surface":null,"difficulty":null,"access":null,"bicycle":null,"horse":null}},{"type":"Feature","geometry":{"type":"LineString","coordinates":[[-95.008838,35.669393],[-95.008686,35.669405]]},"properties":{"name":null,"kind":"path","surface":null,"difficulty":null,"access":null,"bicycle":null,"horse":null}},{"type":"Feature","geometry":{"type":"LineString","coordinates":[[-95.008686,35.669405],[-95.00865,35.669407]]},"properties":{"name":null,"kind":"steps","surface":null,"difficulty":null,"access":null,"bicycle":null,"horse":null}},{"type":"Feature","geometry":{"type":"LineString","coordinates":[[-95.007738,35.669801],[-95.00771,35.669857],[-95.007641,35.669922],[-95.007609,35.670007],[-95.007631,35.670081],[-95.007742,35.670137],[-95.007845,35.670154],[-95.008001,35.670134],[-95.008037,35.670133]]},"properties":{"name":null,"kind":"path","surface":null,"difficulty":null,"access":null,"bicycle":null,"horse":null}},{"type":"Feature","geometry":{"type":"LineString","coordinates":[[-95.008146,35.670162],[-95.008037,35.670133],[-95.007999,35.670105],[-95.007988,35.670086],[-95.007963,35.670083]]},"properties":{"name":null,"kind":"path","surface":null,"difficulty":null,"access":null,"bicycle":null,"horse":null}},{"type":"Feature","geometry":{"type":"LineString","coordinates":[[-95.008299,35.669441],[-95.008218,35.669502],[-95.008094,35.669534],[-95.007949,35.669559],[-95.00783,35.669619],[-95.0078,35.6697],[-95.007734,35.669777]]},"properties":{"name":null,"kind":"path","surface":null,"difficulty":null,"access":null,"bicycle":null,"horse":null}},{"type":"Feature","geometry":{"type":"LineString","coordinates":[[-95.007734,35.669777],[-95.007738,35.669801]]},"properties":{"name":null,"kind":"path","surface":null,"difficulty":null,"access":null,"bicycle":null,"horse":null}},{"type":"Feature","geometry":{"type":"LineString","coordinates":[[-95.007994,35.669703],[-95.008062,35.669659],[-95.008249,35.669623],[-95.008329,35.669556],[-95.008393,35.669523],[-95.008545,35.669526],[-95.008655,35.669546],[-95.008726,35.669606],[-95.008775,35.669677],[-95.00879,35.669725]]},"properties":{"name":null,"kind":"path","surface":null,"difficulty":null,"access":null,"bicycle":null,"horse":null}},{"type":"Feature","geometry":{"type":"LineString","coordinates":[[-95.007979,35.669832],[-95.007994,35.669703]]},"properties":{"name":null,"kind":"path","surface":null,"difficulty":null,"access":null,"bicycle":null,"horse":null}},{"type":"Feature","geometry":{"type":"LineString","coordinates":[[-95.007994,35.669703],[-95.007904,35.669719],[-95.0078,35.6697]]},"properties":{"name":null,"kind":"path","surface":null,"difficulty":null,"access":null,"bicycle":null,"horse":null}},{"type":"Feature","geometry":{"type":"LineString","coordinates":[[-95.008393,35.669523],[-95.008281,35.669513],[-95.008218,35.669502]]},"properties":{"name":null,"kind":"path","surface":null,"difficulty":null,"access":null,"bicycle":null,"horse":null}},{"type":"Feature","geometry":{"type":"LineString","coordinates":[[-95.00783,35.669619],[-95.007778,35.669632]]},"properties":{"name":null,"kind":"path","surface":null,"difficulty":null,"access":null,"bicycle":null,"horse":null}},{"type":"Feature","geometry":{"type":"LineString","coordinates":[[-95.008146,35.670162],[-95.00821,35.670176],[-95.008291,35.670194],[-95.008393,35.670221],[-95.008505,35.670166],[-95.008537,35.670137],[-95.00852,35.670094],[-95.008482,35.670055],[-95.008493,35.670011],[-95.008554,35.669944],[-95.008585,35.669907],[-95.008642,35.6699],[-95.008757,35.669886],[-95.008807,35.669853],[-95.008817,35.669806],[-95.00879,35.669725]]},"properties":{"name":null,"kind":"path","surface":null,"difficulty":null,"access":null,"bicycle":null,"horse":null}},{"type":"Feature","geometry":{"type":"LineString","coordinates":[[-95.008585,35.669907],[-95.008534,35.669833],[-95.0085,35.669806],[-95.008419,35.669762],[-95.008343,35.669731],[-95.008306,35.669727],[-95.008254,35.669724],[-95.008225,35.669699],[-95.008163,35.669665],[-95.008062,35.669659]]},"properties":{"name":null,"kind":"path","surface":null,"difficulty":null,"access":null,"bicycle":null,"horse":null}},{"type":"Feature","geometry":{"type":"LineString","coordinates":[[-95.009076,35.670045],[-95.008978,35.670086],[-95.00888,35.670143],[-95.008807,35.670184],[-95.008749,35.670205],[-95.008677,35.670199],[-95.00857,35.67016],[-95.008537,35.670137]]},"properties":{"name":null,"kind":"path","surface":null,"difficulty":null,"access":null,"bicycle":null,"horse":null}},{"type":"Feature","geometry":{"type":"LineString","coordinates":[[-95.00888,35.670143],[-95.008887,35.670087],[-95.008861,35.670001],[-95.008817,35.669955],[-95.008775,35.669917],[-95.008757,35.669886]]},"properties":{"name":null,"kind":"path","surface":null,"difficulty":null,"access":null,"bicycle":null,"horse":null}},{"type":"Feature","geometry":{"type":"LineString","coordinates":[[-95.170961,35.550368],[-95.170952,35.550438],[-95.170913,35.550498],[-95.170829,35.550559],[-95.170714,35.55061],[-95.170608,35.550633],[-95.170438,35.550635],[-95.170272,35.550625]]},"properties":{"name":null,"kind":"footway","surface":null,"difficulty":null,"access":null,"bicycle":null,"horse":null}},{"type":"Feature","geometry":{"type":"LineString","coordinates":[[-95.001638,35.842795],[-95.001961,35.842859]]},"properties":{"name":null,"kind":"path","surface":null,"difficulty":null,"access":null,"bicycle":null,"horse":null}},{"type":"Feature","geometry":{"type":"LineString","coordinates":[[-95.001484,35.842743],[-95.001638,35.842795]]},"properties":{"name":null,"kind":"path","surface":null,"difficulty":null,"access":null,"bicycle":null,"horse":null}},{"type":"Feature","geometry":{"type":"LineString","coordinates":[[-95.001484,35.842743],[-95.001328,35.842703],[-95.001407,35.842485],[-95.001426,35.84244],[-95.001444,35.842396],[-95.001444,35.842368],[-95.001419,35.842327],[-95.001371,35.842293],[-95.001306,35.842274],[-95.001263,35.842283],[-95.001186,35.84235],[-95.001042,35.842504],[-95.000969,35.842571],[-95.000824,35.842682],[-95.000509,35.842899],[-95.000215,35.843119],[-95.00017,35.843174],[-95.000093,35.843275],[-94.999965,35.843554],[-94.99978,35.843773],[-94.999537,35.844186],[-94.999409,35.844483],[-94.999358,35.844558],[-94.999252,35.844662],[-94.99919,35.844744],[-94.999154,35.844822],[-94.999024,35.845197],[-94.998852,35.845553]]},"properties":{"name":null,"kind":"path","surface":null,"difficulty":null,"access":null,"bicycle":null,"horse":null}},{"type":"Feature","geometry":{"type":"LineString","coordinates":[[-95.001328,35.842703],[-95.001293,35.84278],[-95.001119,35.843165],[-95.000726,35.843992],[-95.000523,35.844387],[-95.00042,35.844622],[-95.000365,35.844852],[-95.000318,35.845117],[-95.000279,35.845317],[-95.000226,35.845494],[-95.000186,35.845545],[-95.000071,35.845632],[-94.999862,35.845766],[-94.999732,35.845822],[-94.999212,35.846066],[-94.99907,35.846155],[-94.999005,35.846223],[-94.99895,35.846307],[-94.998866,35.846382],[-94.998602,35.846513],[-94.998159,35.846679],[-94.998061,35.846692],[-94.99795,35.846681],[-94.997801,35.846686],[-94.997361,35.846768],[-94.996029,35.8471],[-94.995948,35.847109],[-94.995857,35.847098],[-94.995762,35.847062],[-94.995574,35.846955],[-94.995532,35.846892],[-94.995515,35.846829],[-94.995545,35.846778],[-94.995602,35.846723],[-94.995657,35.846702],[-94.995802,35.846665],[-94.99597,35.84662],[-94.996326,35.84646],[-94.996421,35.846425],[-94.996615,35.846397],[-94.996721,35.846366],[-94.99697,35.846289],[-94.997142,35.846262],[-94.997312,35.846228],[-94.998018,35.846087],[-94.998202,35.846051],[-94.998326,35.846001],[-94.998498,35.845917],[-94.998689,35.845811],[-94.998818,35.845724],[-94.998878,35.845665],[-94.998923,35.845621],[-94.998944,35.845597],[-94.998959,35.84556],[-94.998897,35.845556],[-94.998852,35.845553]]},"properties":{"name":null,"kind":"path","surface":null,"difficulty":null,"access":null,"bicycle":null,"horse":null}},{"type":"Feature","geometry":{"type":"LineString","coordinates":[[-94.998852,35.845553],[-94.9988,35.845589],[-94.998724,35.84562],[-94.998632,35.845621],[-94.998583,35.845593],[-94.998539,35.845534],[-94.99851,35.845449],[-94.998487,35.845322],[-94.998482,35.845207],[-94.998489,35.845109],[-94.998515,35.844668],[-94.998543,35.844464],[-94.998557,35.844232],[-94.998546,35.844194],[-94.998508,35.84417],[-94.998169,35.844102],[-94.998095,35.844068],[-94.998051,35.844016],[-94.998037,35.843939],[-94.998049,35.843754],[-94.998028,35.843665],[-94.997978,35.843524],[-94.997889,35.8434],[-94.99778,35.843272],[-94.997639,35.843127],[-94.99755,35.843066],[-94.997453,35.843054],[-94.997366,35.843018],[-94.997348,35.842988],[-94.997352,35.842958],[-94.997391,35.842939],[-94.997919,35.842906],[-94.998011,35.842947],[-94.998068,35.842959],[-94.998161,35.842941],[-94.998338,35.842876],[-94.99847,35.842848],[-94.998581,35.842809],[-94.998651,35.842785],[-94.998706,35.842783],[-94.998906,35.842825],[-94.998959,35.842827],[-94.99928,35.842797],[-94.999386,35.842763],[-94.999649,35.842689],[-94.999922,35.842642],[-95.000041,35.842603],[-95.0001,35.842544],[-95.000081,35.842465],[-94.999892,35.842446],[-94.999487,35.842389],[-94.999056,35.842365],[-94.998287,35.84237],[-94.997504,35.842358],[-94.997166,35.842318],[-94.997006,35.842294],[-94.996742,35.842294],[-94.996546,35.842274],[-94.996443,35.842255],[-94.996388,35.842265],[-94.996362,35.842297],[-94.996319,35.842376],[-94.996303,35.842432],[-94.996231,35.84241]]},"properties":{"name":null,"kind":"path","surface":null,"difficulty":null,"access":null,"bicycle":null,"horse":null}},{"type":"Feature","geometry":{"type":"LineString","coordinates":[[-94.996231,35.84241],[-94.995984,35.842372]]},"properties":{"name":null,"kind":"path","surface":null,"difficulty":null,"access":null,"bicycle":null,"horse":null}},{"type":"Feature","geometry":{"type":"LineString","coordinates":[[-94.995984,35.842372],[-94.995849,35.842345],[-94.99579,35.842307],[-94.995731,35.842207],[-94.995663,35.842152],[-94.995591,35.842122],[-94.995482,35.842118],[-94.995385,35.842138],[-94.995372,35.842142],[-94.995269,35.842175]]},"properties":{"name":null,"kind":"path","surface":null,"difficulty":null,"access":null,"bicycle":null,"horse":null}},{"type":"Feature","geometry":{"type":"LineString","coordinates":[[-94.998539,35.845534],[-94.998482,35.845515],[-94.998404,35.845518],[-94.998322,35.845529],[-94.998197,35.84559],[-94.998081,35.845647],[-94.997957,35.845691],[-94.997721,35.84574],[-94.997565,35.845791],[-94.997323,35.845849],[-94.997179,35.845852],[-94.997048,35.845828],[-94.996956,35.845787],[-94.996913,35.845731],[-94.996909,35.845664],[-94.996838,35.844884],[-94.996843,35.844812],[-94.996907,35.844744],[-94.996987,35.844684],[-94.997027,35.844602],[-94.997107,35.844329],[-94.997139,35.84403],[-94.997121,35.843806],[-94.99706,35.843628],[-94.996911,35.843366],[-94.996727,35.843089],[-94.99661,35.842945],[-94.996466,35.842822],[-94.9964,35.842781],[-94.99634,35.842728],[-94.996307,35.842641],[-94.996299,35.842541],[-94.996303,35.842432]]},"properties":{"name":null,"kind":"path","surface":null,"difficulty":null,"access":null,"bicycle":null,"horse":null}},{"type":"Feature","geometry":{"type":"LineString","coordinates":[[-95.001293,35.84278],[-95.001074,35.842727],[-95.000824,35.842682]]},"properties":{"name":null,"kind":"path","surface":null,"difficulty":null,"access":null,"bicycle":null,"horse":null}},{"type":"Feature","geometry":{"type":"LineString","coordinates":[[-95.001412,35.843243],[-95.00128,35.843212],[-95.001119,35.843165],[-95.000768,35.84302],[-95.000509,35.842899]]},"properties":{"name":null,"kind":"path","surface":null,"difficulty":null,"access":null,"bicycle":null,"horse":null}},{"type":"Feature","geometry":{"type":"LineString","coordinates":[[-94.96987,35.883179],[-94.96996,35.883022],[-94.969976,35.882993],[-94.97002,35.88291],[-94.970076,35.882861],[-94.970167,35.882805],[-94.970219,35.882771],[-94.970247,35.882655],[-94.970302,35.882566],[-94.97041,35.882447],[-94.970652,35.882277],[-94.970807,35.882197],[-94.97092,35.882132],[-94.970986,35.88206],[-94.971036,35.881969],[-94.971102,35.881884],[-94.971265,35.881761],[-94.971334,35.881727],[-94.971455,35.881645],[-94.971552,35.881564],[-94.971933,35.881443],[-94.972018,35.881394],[-94.972142,35.881347],[-94.972362,35.881222],[-94.97245,35.881164],[-94.972497,35.881106]]},"properties":{"name":null,"kind":"path","surface":null,"difficulty":null,"access":null,"bicycle":null,"horse":null}},{"type":"Feature","geometry":{"type":"LineString","coordinates":[[-94.972018,35.881394],[-94.971767,35.881374],[-94.971533,35.881372],[-94.971237,35.881399],[-94.971061,35.881439],[-94.970978,35.881459],[-94.970857,35.881459],[-94.970788,35.881457],[-94.970716,35.881484],[-94.970674,35.881488],[-94.970589,35.881472],[-94.970498,35.881452],[-94.970437,35.881452],[-94.970211,35.881488],[-94.970147,35.881488],[-94.970065,35.881459],[-94.969998,35.881423],[-94.969455,35.881059],[-94.969287,35.880934],[-94.969143,35.8808]]},"properties":{"name":null,"kind":"path","surface":null,"difficulty":null,"access":null,"bicycle":null,"horse":null}},{"type":"Feature","geometry":{"type":"LineString","coordinates":[[-94.970247,35.882655],[-94.97017,35.882608],[-94.97009,35.882481],[-94.970048,35.882378],[-94.969965,35.882259],[-94.969786,35.881969],[-94.969687,35.881714],[-94.969609,35.881557],[-94.969449,35.881287],[-94.96938,35.881213],[-94.96922,35.881054],[-94.969171,35.880967],[-94.969143,35.8808],[-94.969118,35.880708],[-94.969152,35.8806],[-94.969157,35.880583],[-94.969251,35.880265],[-94.96924,35.880167],[-94.969179,35.879939],[-94.969179,35.879885],[-94.969209,35.879852],[-94.969267,35.879856],[-94.969325,35.879881],[-94.9694,35.879959],[-94.96946,35.879986],[-94.969538,35.87999]]},"properties":{"name":null,"kind":"path","surface":null,"difficulty":null,"access":null,"bicycle":null,"horse":null}},{"type":"Feature","geometry":{"type":"LineString","coordinates":[[-94.969538,35.87999],[-94.969692,35.879992]]},"properties":{"name":null,"kind":"path","surface":null,"difficulty":null,"access":null,"bicycle":null,"horse":null}},{"type":"Feature","geometry":{"type":"LineString","coordinates":[[-94.969692,35.879992],[-94.970398,35.88003],[-94.97049,35.880024],[-94.970708,35.879977],[-94.97092,35.879939],[-94.971039,35.879937],[-94.971284,35.879977],[-94.971464,35.879999],[-94.971853,35.880022],[-94.972109,35.880022],[-94.972385,35.880001],[-94.972562,35.880008],[-94.972727,35.879995],[-94.973053,35.879968],[-94.973138,35.879972],[-94.973194,35.879995],[-94.973732,35.880446],[-94.973828,35.880529],[-94.973859,35.880607],[-94.973831,35.880703],[-94.973798,35.880788],[-94.973762,35.88086],[-94.97371,35.880916],[-94.973564,35.881068],[-94.973528,35.881126],[-94.973351,35.881734],[-94.973299,35.881826],[-94.973249,35.881953],[-94.973241,35.882063],[-94.973271,35.882311],[-94.973329,35.882403],[-94.973392,35.882528],[-94.973428,35.882691],[-94.973484,35.882821],[-94.973541,35.883098],[-94.97355,35.883248],[-94.973572,35.883623],[-94.973564,35.88367],[-94.973486,35.883746],[-94.973398,35.883849],[-94.97337,35.8839],[-94.973323,35.883932],[-94.97321,35.883963],[-94.973163,35.88401],[-94.973053,35.884191],[-94.973017,35.884236],[-94.972912,35.884265],[-94.972661,35.884301],[-94.972567,35.884354],[-94.972501,35.884462],[-94.972473,35.884616],[-94.97244,35.884904],[-94.972405,35.885],[-94.972385,35.885041]]},"properties":{"name":null,"kind":"path","surface":null,"difficulty":null,"access":null,"bicycle":null,"horse":null}},{"type":"Feature","geometry":{"type":"LineString","coordinates":[[-94.972584,35.885141],[-94.972385,35.885041],[-94.972151,35.884942],[-94.971795,35.884839],[-94.971712,35.884788],[-94.971591,35.884658],[-94.971461,35.884508],[-94.971386,35.884468],[-94.971262,35.884439],[-94.971138,35.884388],[-94.971047,35.88431],[-94.970986,35.884285],[-94.970846,35.884359],[-94.970763,35.884482],[-94.970719,35.884529],[-94.97057,35.884558],[-94.970247,35.884674],[-94.970036,35.884773],[-94.9699,35.884866],[-94.969725,35.884929],[-94.96963,35.884951],[-94.969579,35.884953],[-94.969557,35.884929],[-94.969554,35.884902],[-94.969609,35.884868],[-94.969764,35.884754],[-94.969946,35.884486],[-94.970034,35.884392],[-94.970415,35.884131],[-94.970605,35.884041],[-94.970741,35.883936],[-94.970909,35.883769],[-94.971022,35.88367],[-94.971781,35.883239],[-94.971836,35.883187],[-94.971858,35.883082],[-94.97193,35.883006],[-94.972101,35.882897],[-94.972225,35.882836],[-94.972416,35.882785],[-94.972465,35.882749],[-94.972523,35.882682],[-94.972667,35.882548],[-94.972661,35.882501],[-94.972647,35.88236],[-94.972692,35.88219],[-94.972744,35.881955],[-94.972747,35.881828],[-94.972708,35.881658],[-94.972645,35.881493],[-94.972636,35.88135],[-94.972741,35.881211],[-94.972863,35.881063],[-94.973047,35.88094],[-94.973254,35.880884],[-94.973373,35.880867],[-94.97345,35.880824],[-94.973464,35.880759],[-94.973453,35.880681],[-94.973431,35.880625],[-94.97326,35.88063],[-94.97302,35.88063],[-94.972871,35.880587],[-94.972805,35.88058],[-94.972738,35.880585],[-94.97241,35.880612],[-94.972173,35.88061],[-94.97206,35.880596],[-94.971924,35.880627],[-94.971704,35.880634],[-94.971428,35.880589],[-94.971237,35.880542],[-94.970873,35.880569],[-94.970534,35.880607],[-94.970263,35.880616],[-94.970001,35.880578],[-94.969825,35.880538],[-94.969656,35.880518],[-94.969491,35.880529],[-94.969289,35.880554],[-94.969152,35.8806]]},"properties":{"name":null,"kind":"path","surface":null,"difficulty":null,"access":null,"bicycle":null,"horse":null}},{"type":"Feature","geometry":{"type":"LineString","coordinates":[[-94.970652,35.882277],[-94.970633,35.88235],[-94.970622,35.882731],[-94.970637,35.882792],[-94.970618,35.882933],[-94.970543,35.883245],[-94.970446,35.883442],[-94.970364,35.883586],[-94.97032,35.883637],[-94.97026,35.883653],[-94.970205,35.8837],[-94.970164,35.883745]]},"properties":{"name":null,"kind":"path","surface":null,"difficulty":null,"access":null,"bicycle":null,"horse":null}},{"type":"Feature","geometry":{"type":"LineString","coordinates":[[-94.96996,35.883022],[-94.969829,35.883008],[-94.969696,35.882931],[-94.969529,35.882803],[-94.968951,35.882194],[-94.96885,35.882079],[-94.968591,35.881939],[-94.968242,35.881679],[-94.96812,35.881545],[-94.968035,35.881402],[-94.96796,35.881262],[-94.967936,35.88118],[-94.967956,35.881111],[-94.968102,35.880795],[-94.96813,35.88068],[-94.968144,35.880551],[-94.968146,35.880449],[-94.968149,35.880385],[-94.968191,35.880285],[-94.968232,35.880174],[-94.968248,35.880105],[-94.968205,35.879916],[-94.968185,35.879824],[-94.968159,35.879795],[-94.968104,35.87978],[-94.968039,35.879788],[-94.967674,35.879854],[-94.967617,35.879857],[-94.967587,35.879846],[-94.967577,35.87981],[-94.967576,35.879233],[-94.967554,35.878883],[-94.967542,35.878748],[-94.967512,35.878727],[-94.967433,35.87872]]},"properties":{"name":null,"kind":"path","surface":null,"difficulty":null,"access":null,"bicycle":null,"horse":null}},{"type":"Feature","geometry":{"type":"LineString","coordinates":[[-94.967433,35.87872],[-94.967352,35.878714],[-94.967319,35.878724],[-94.967309,35.878761],[-94.967317,35.879177],[-94.967293,35.879241],[-94.967214,35.879309],[-94.967116,35.879327],[-94.966991,35.879333],[-94.966212,35.879351],[-94.966075,35.879344],[-94.966052,35.879343],[-94.965843,35.879328],[-94.965746,35.879304],[-94.965679,35.879299],[-94.965634,35.879318],[-94.965129,35.879778],[-94.965034,35.87981],[-94.964705,35.879925],[-94.964505,35.880079],[-94.964209,35.880319],[-94.963687,35.880633],[-94.963434,35.88072],[-94.963215,35.880794],[-94.963132,35.880838],[-94.962901,35.881114],[-94.962779,35.881172],[-94.962595,35.881216],[-94.962246,35.881331]]},"properties":{"name":null,"kind":"path","surface":null,"difficulty":null,"access":null,"bicycle":null,"horse":null}},{"type":"Feature","geometry":{"type":"LineString","coordinates":[[-94.966075,35.879344],[-94.965979,35.879252],[-94.965938,35.879181],[-94.96588,35.879125],[-94.965769,35.879111],[-94.965535,35.879129],[-94.965408,35.879127],[-94.965165,35.879165],[-94.964903,35.879208],[-94.964798,35.879214],[-94.96466,35.879174],[-94.964486,35.879143],[-94.964296,35.879125],[-94.964172,35.879141],[-94.963829,35.879286],[-94.963683,35.879324],[-94.963493,35.879328],[-94.963314,35.879313],[-94.963206,35.879315],[-94.963093,35.879348],[-94.963021,35.879427],[-94.962806,35.879847],[-94.962519,35.880495],[-94.962439,35.880699],[-94.962364,35.880753],[-94.962316,35.880747],[-94.9623,35.880746],[-94.962269,35.880724]]},"properties":{"name":null,"kind":"path","surface":null,"difficulty":null,"access":null,"bicycle":null,"horse":null}},{"type":"Feature","geometry":{"type":"LineString","coordinates":[[-94.962269,35.880724],[-94.962251,35.880708],[-94.962254,35.880603],[-94.962279,35.880363],[-94.962265,35.880223],[-94.962246,35.880153],[-94.96219,35.880109],[-94.962072,35.8801],[-94.962003,35.880068],[-94.961972,35.880008],[-94.962017,35.879905],[-94.962053,35.879845],[-94.962069,35.87978],[-94.962044,35.879704],[-94.961909,35.879422],[-94.961826,35.879317],[-94.961559,35.878953],[-94.961487,35.878895],[-94.961365,35.878854],[-94.961305,35.878763],[-94.961298,35.878538],[-94.961296,35.878488],[-94.961274,35.87833]]},"properties":{"name":null,"kind":"path","surface":null,"difficulty":null,"access":null,"bicycle":null,"horse":null}},{"type":"Feature","geometry":{"type":"LineString","coordinates":[[-94.961813,35.881708],[-94.961768,35.882267],[-94.961739,35.882369],[-94.961694,35.882484],[-94.961639,35.882961],[-94.961646,35.88323],[-94.961633,35.88335],[-94.96153,35.883524],[-94.961507,35.883634],[-94.961552,35.883882],[-94.961594,35.884051],[-94.961585,35.884166],[-94.961533,35.884255],[-94.961446,35.884348],[-94.96133,35.884395],[-94.961195,35.884398],[-94.961018,35.884406],[-94.960789,35.884463],[-94.9606,35.884466],[-94.960355,35.88444],[-94.960268,35.884382],[-94.960194,35.884348],[-94.95975,35.884354],[-94.959525,35.88432],[-94.959331,35.884257],[-94.959177,35.884179],[-94.959042,35.884015],[-94.958984,35.883934],[-94.958974,35.883882],[-94.959006,35.883832],[-94.959119,35.883764],[-94.959196,35.88373],[-94.959322,35.883639],[-94.959557,35.883451],[-94.959582,35.883381],[-94.959592,35.883248],[-94.959718,35.883167],[-94.959859,35.883037],[-94.959908,35.882919],[-94.959908,35.882643],[-94.959956,35.882507],[-94.960033,35.882291],[-94.960307,35.881605],[-94.960316,35.881461],[-94.960297,35.881284],[-94.96013,35.880452],[-94.960113,35.880228],[-94.960159,35.880045],[-94.960181,35.879873],[-94.960133,35.879771],[-94.960081,35.879641],[-94.960062,35.879458],[-94.96011,35.879325],[-94.960091,35.879179],[-94.960072,35.879059],[-94.960085,35.878908],[-94.960049,35.878773],[-94.960033,35.878681],[-94.960036,35.878647],[-94.960056,35.878612],[-94.960096,35.878586],[-94.960178,35.87859],[-94.960262,35.878615],[-94.960351,35.878632],[-94.960424,35.878628],[-94.960458,35.878626],[-94.96054,35.878632],[-94.960678,35.878627]]},"properties":{"name":null,"kind":"path","surface":null,"difficulty":null,"access":null,"bicycle":null,"horse":null}},{"type":"Feature","geometry":{"type":"LineString","coordinates":[[-95.000215,35.843119],[-95.000357,35.842909],[-95.000475,35.842732],[-95.000559,35.842673],[-95.000683,35.842662],[-95.000824,35.842682]]},"properties":{"name":null,"kind":"path","surface":null,"difficulty":null,"access":null,"bicycle":null,"horse":null}},{"type":"Feature","geometry":{"type":"LineString","coordinates":[[-95.000081,35.842465],[-95.00016,35.842417]]},"properties":{"name":null,"kind":"path","surface":null,"difficulty":null,"access":null,"bicycle":null,"horse":null}},{"type":"Feature","geometry":{"type":"LineString","coordinates":[[-95.001638,35.842795],[-95.001754,35.842904],[-95.00191,35.843082]]},"properties":{"name":null,"kind":"path","surface":null,"difficulty":null,"access":null,"bicycle":null,"horse":null}},{"type":"Feature","geometry":{"type":"LineString","coordinates":[[-94.995372,35.842142],[-94.995325,35.842187],[-94.995247,35.842252],[-94.995199,35.842282],[-94.995129,35.842278],[-94.995087,35.842248],[-94.995111,35.842204],[-94.995186,35.842159],[-94.995265,35.842136],[-94.995372,35.842142]]},"properties":{"name":null,"kind":"path","surface":null,"difficulty":null,"access":null,"bicycle":null,"horse":null}},{"type":"Feature","geometry":{"type":"LineString","coordinates":[[-94.973373,35.880867],[-94.973383,35.880927]]},"properties":{"name":null,"kind":"path","surface":null,"difficulty":null,"access":null,"bicycle":null,"horse":null}},{"type":"Feature","geometry":{"type":"LineString","coordinates":[[-94.96742,35.88223],[-94.96737,35.882234],[-94.967292,35.882236],[-94.967233,35.882174],[-94.967183,35.882101],[-94.967171,35.882057],[-94.967176,35.881986],[-94.967173,35.881919],[-94.967145,35.881867],[-94.967071,35.881794],[-94.966967,35.881719],[-94.966839,35.881638],[-94.966721,35.88159],[-94.96664,35.881569],[-94.966507,35.881498],[-94.966379,35.881394],[-94.96636,35.881373],[-94.966365,35.881344],[-94.966405,35.881304],[-94.966441,35.881262],[-94.966436,35.881202],[-94.966419,35.88101],[-94.966422,35.880924],[-94.966438,35.880876],[-94.966607,35.880686],[-94.966832,35.880432],[-94.966915,35.880328],[-94.967164,35.880082],[-94.967251,35.879998],[-94.967285,35.879954],[-94.967301,35.87989],[-94.967306,35.879727],[-94.967304,35.879631],[-94.967282,35.879581],[-94.967202,35.879516],[-94.967097,35.879433],[-94.967045,35.879395],[-94.966991,35.879333]]},"properties":{"name":null,"kind":"path","surface":null,"difficulty":null,"access":null,"bicycle":null,"horse":null}},{"type":"Feature","geometry":{"type":"LineString","coordinates":[[-94.967292,35.882236],[-94.967121,35.88224],[-94.967005,35.882232]]},"properties":{"name":null,"kind":"path","surface":null,"difficulty":null,"access":null,"bicycle":null,"horse":null}},{"type":"Feature","geometry":{"type":"LineString","coordinates":[[-94.967554,35.878883],[-94.967699,35.878883]]},"properties":{"name":null,"kind":"path","surface":null,"difficulty":null,"access":null,"bicycle":null,"horse":null}},{"type":"Feature","geometry":{"type":"LineString","coordinates":[[-94.961298,35.878538],[-94.96119,35.878558],[-94.96107,35.878585],[-94.960974,35.878597],[-94.960855,35.878607],[-94.960678,35.878627]]},"properties":{"name":null,"kind":"path","surface":null,"difficulty":null,"access":null,"bicycle":null,"horse":null}},{"type":"Feature","geometry":{"type":"LineString","coordinates":[[-95.277886,35.87933],[-95.277882,35.879553]]},"properties":{"name":null,"kind":"path","surface":"wood","difficulty":null,"access":null,"bicycle":null,"horse":null}},{"type":"Feature","geometry":{"type":"LineString","coordinates":[[-95.272747,35.889107],[-95.272505,35.888589]]},"properties":{"name":null,"kind":"path","surface":"wood","difficulty":null,"access":null,"bicycle":null,"horse":null}},{"type":"Feature","geometry":{"type":"LineString","coordinates":[[-95.272685,35.889228],[-95.27262,35.889246],[-95.272536,35.889283]]},"properties":{"name":null,"kind":"path","surface":"wood","difficulty":null,"access":null,"bicycle":null,"horse":null}},{"type":"Feature","geometry":{"type":"LineString","coordinates":[[-95.273936,35.888889],[-95.273891,35.88866],[-95.273887,35.888539]]},"properties":{"name":null,"kind":"path","surface":"wood","difficulty":null,"access":null,"bicycle":null,"horse":null}},{"type":"Feature","geometry":{"type":"LineString","coordinates":[[-95.273469,35.888861],[-95.273588,35.888512]]},"properties":{"name":null,"kind":"path","surface":"wood","difficulty":null,"access":null,"bicycle":null,"horse":null}},{"type":"Feature","geometry":{"type":"LineString","coordinates":[[-95.170856,35.613608],[-95.170655,35.613688],[-95.170391,35.613744],[-95.170189,35.613798],[-95.169942,35.613905],[-95.169699,35.613967],[-95.169445,35.614003],[-95.168963,35.61405],[-95.16867,35.614208],[-95.168457,35.614416],[-95.168229,35.614624],[-95.168041,35.614765],[-95.167619,35.614584],[-95.167418,35.614516],[-95.167377,35.614539],[-95.167214,35.614629],[-95.166899,35.614533],[-95.166476,35.614477],[-95.166118,35.614509],[-95.165744,35.614528],[-95.165604,35.614531],[-95.165366,35.61442],[-95.1651,35.614374],[-95.164784,35.61424],[-95.164339,35.613955],[-95.164196,35.613868],[-95.164023,35.61382],[-95.163723,35.613698],[-95.163503,35.613638],[-95.163187,35.613503],[-95.162926,35.613332],[-95.162716,35.613081],[-95.162311,35.61254],[-95.16178,35.61195],[-95.161598,35.611558],[-95.16131,35.611296],[-95.1611,35.611057],[-95.160736,35.610847],[-95.160405,35.610726],[-95.160196,35.610513],[-95.15977,35.610355],[-95.1595,35.610168],[-95.159309,35.610057],[-95.159026,35.609973],[-95.158724,35.609774],[-95.158473,35.609715],[-95.158172,35.609567],[-95.158005,35.609419],[-95.157729,35.609016],[-95.157506,35.608867],[-95.157211,35.608923],[-95.156997,35.609105],[-95.156814,35.609236],[-95.156584,35.609213],[-95.156184,35.609056],[-95.155869,35.608947],[-95.155573,35.608952],[-95.155132,35.609294]]},"properties":{"name":"Greenleaf Trail","kind":"footway","surface":null,"difficulty":null,"access":null,"bicycle":null,"horse":null}},{"type":"Feature","geometry":{"type":"LineString","coordinates":[[-95.163762,35.622711],[-95.163807,35.622678],[-95.163778,35.622306],[-95.163796,35.622254],[-95.163805,35.622236]]},"properties":{"name":null,"kind":"footway","surface":null,"difficulty":null,"access":null,"bicycle":null,"horse":null}},{"type":"Feature","geometry":{"type":"LineString","coordinates":[[-95.163805,35.622236],[-95.163907,35.622049]]},"properties":{"name":null,"kind":"path","surface":"wood","difficulty":null,"access":null,"bicycle":null,"horse":null}},{"type":"Feature","geometry":{"type":"LineString","coordinates":[[-95.163825,35.622013],[-95.163907,35.622049],[-95.163994,35.622086]]},"properties":{"name":null,"kind":"path","surface":"wood","difficulty":null,"access":null,"bicycle":null,"horse":null}},{"type":"Feature","geometry":{"type":"LineString","coordinates":[[-94.977735,35.920415],[-94.977785,35.920427],[-94.977816,35.920438],[-94.977845,35.920451],[-94.977861,35.920462],[-94.977872,35.920475],[-94.977877,35.920491],[-94.977878,35.920519],[-94.977878,35.920583],[-94.978702,35.920583],[-94.978891,35.920583],[-94.978891,35.920885],[-94.978891,35.920916]]},"properties":{"name":null,"kind":"footway","surface":null,"difficulty":null,"access":null,"bicycle":null,"horse":null}},{"type":"Feature","geometry":{"type":"LineString","coordinates":[[-94.978702,35.920583],[-94.978702,35.920474]]},"properties":{"name":null,"kind":"footway","surface":null,"difficulty":null,"access":null,"bicycle":null,"horse":null}},{"type":"Feature","geometry":{"type":"LineString","coordinates":[[-94.978702,35.920474],[-94.978702,35.920427]]},"properties":{"name":null,"kind":"footway","surface":null,"difficulty":null,"access":null,"bicycle":null,"horse":null}},{"type":"Feature","geometry":{"type":"LineString","coordinates":[[-94.978891,35.920885],[-94.979019,35.920841]]},"properties":{"name":null,"kind":"footway","surface":null,"difficulty":null,"access":null,"bicycle":null,"horse":null}},{"type":"Feature","geometry":{"type":"LineString","coordinates":[[-94.916418,35.892363],[-94.916474,35.892279]]},"properties":{"name":null,"kind":"path","surface":null,"difficulty":null,"access":null,"bicycle":null,"horse":null}},{"type":"Feature","geometry":{"type":"LineString","coordinates":[[-94.916474,35.892279],[-94.9164,35.892253],[-94.91637,35.89219],[-94.916372,35.892111],[-94.916413,35.892044],[-94.916513,35.891975],[-94.91662,35.891952],[-94.91675,35.891935],[-94.916861,35.891862],[-94.91695,35.891647],[-94.916973,35.891587],[-94.917047,35.891537],[-94.91722,35.89156],[-94.917353,35.891561],[-94.917418,35.891525],[-94.91745,35.891472],[-94.917409,35.891388],[-94.917284,35.891293],[-94.91722,35.891253],[-94.91721,35.89117],[-94.917299,35.891108],[-94.917394,35.891098],[-94.917528,35.891138],[-94.917625,35.89114],[-94.917864,35.891048],[-94.918072,35.891013],[-94.918152,35.890978],[-94.918147,35.890915],[-94.91805,35.890861],[-94.917902,35.890855],[-94.917796,35.890843],[-94.917745,35.890818],[-94.917752,35.890759],[-94.917864,35.890706],[-94.918027,35.890646],[-94.918098,35.890613],[-94.918207,35.890609],[-94.918297,35.890667],[-94.918365,35.890742],[-94.91844,35.890791],[-94.918496,35.890809],[-94.918571,35.890807],[-94.918613,35.890769],[-94.918597,35.890678],[-94.918935,35.89048],[-94.919099,35.890392],[-94.919157,35.890152],[-94.919139,35.889805],[-94.919467,35.889382],[-94.919478,35.889274],[-94.919437,35.889181],[-94.919299,35.889075],[-94.91921,35.888983],[-94.919206,35.888807],[-94.919312,35.888667],[-94.919409,35.888525],[-94.919397,35.888396],[-94.919345,35.888308],[-94.919358,35.888218],[-94.919406,35.888121],[-94.919389,35.888074],[-94.919365,35.88801],[-94.919346,35.887964],[-94.919295,35.887835],[-94.919317,35.887706],[-94.919335,35.887604],[-94.919294,35.887479],[-94.919195,35.887376],[-94.91916,35.887275],[-94.919172,35.887132],[-94.919136,35.887048],[-94.918964,35.887004],[-94.918852,35.886916],[-94.918847,35.886841],[-94.918918,35.886816],[-94.919126,35.886786],[-94.919626,35.886525],[-94.919783,35.886529],[-94.920048,35.88659],[-94.920188,35.886629],[-94.920285,35.886621],[-94.920348,35.886577],[-94.920392,35.886513],[-94.920597,35.886447],[-94.920709,35.886365],[-94.920842,35.886341],[-94.920939,35.88633],[-94.921012,35.886115],[-94.921045,35.886047],[-94.921076,35.885982],[-94.921112,35.885777],[-94.921134,35.885631],[-94.921236,35.885514],[-94.921325,35.885497],[-94.921381,35.885568],[-94.921384,35.885684],[-94.921427,35.885773],[-94.921508,35.885812],[-94.921633,35.885779],[-94.921709,35.885743],[-94.921929,35.885408],[-94.922068,35.885312],[-94.922224,35.88527],[-94.922346,35.885268],[-94.922742,35.885437],[-94.923041,35.885437],[-94.923089,35.885469],[-94.923155,35.885513],[-94.92328,35.885628],[-94.923512,35.88578],[-94.923611,35.885839],[-94.923667,35.885924],[-94.923699,35.886055],[-94.923725,35.886179],[-94.923796,35.886204],[-94.92389,35.886166],[-94.924033,35.885967],[-94.924145,35.885604],[-94.924219,35.885465],[-94.924318,35.885361],[-94.924382,35.88536],[-94.92445,35.88541],[-94.924484,35.885986],[-94.924422,35.886148],[-94.924114,35.886389],[-94.923965,35.886451],[-94.923858,35.886517],[-94.923855,35.886585],[-94.923992,35.886681],[-94.924206,35.8867],[-94.924389,35.886673],[-94.924542,35.886585],[-94.924944,35.88629],[-94.925133,35.886196],[-94.925288,35.886186],[-94.925456,35.886219],[-94.925585,35.88631],[-94.925747,35.886446],[-94.925773,35.886467],[-94.925812,35.886541],[-94.925837,35.886626],[-94.925773,35.886788],[-94.925247,35.887092],[-94.925148,35.887269],[-94.92512,35.887432],[-94.924886,35.88773],[-94.924367,35.887907],[-94.923835,35.888114],[-94.923526,35.888113],[-94.923303,35.888019],[-94.923147,35.887897],[-94.92298,35.887794],[-94.922933,35.887817],[-94.922947,35.887937],[-94.923061,35.888058],[-94.923226,35.888164],[-94.923633,35.888312],[-94.92386,35.888313],[-94.924048,35.88832],[-94.924252,35.888237],[-94.924333,35.888214],[-94.924362,35.888257],[-94.924269,35.888362],[-94.924063,35.888448],[-94.923916,35.888485],[-94.923789,35.888551],[-94.923717,35.888637],[-94.923885,35.888652],[-94.92413,35.888623],[-94.924272,35.888591],[-94.924427,35.888525],[-94.924675,35.88848],[-94.924865,35.888539],[-94.925025,35.888593],[-94.925125,35.888601],[-94.925441,35.888591],[-94.925596,35.888532],[-94.92574,35.888509],[-94.925782,35.888525],[-94.925797,35.888601],[-94.925827,35.888637],[-94.925903,35.888613],[-94.926013,35.888516],[-94.926072,35.888395],[-94.925964,35.888274],[-94.925773,35.88826],[-94.925738,35.888208],[-94.925822,35.888053],[-94.925919,35.887947],[-94.925988,35.887829],[-94.926231,35.887781],[-94.926449,35.887444],[-94.926633,35.887271],[-94.926795,35.887191],[-94.927061,35.886964],[-94.927318,35.886764],[-94.927694,35.886214],[-94.927707,35.886083],[-94.927671,35.885974],[-94.927664,35.885952],[-94.927668,35.885891],[-94.927924,35.885707],[-94.928076,35.885485],[-94.928162,35.885421],[-94.928261,35.885389],[-94.928343,35.885509],[-94.928514,35.885549],[-94.928676,35.885576],[-94.928791,35.885739],[-94.928577,35.886374],[-94.928317,35.886734],[-94.928231,35.88679],[-94.927898,35.887289],[-94.927783,35.887412],[-94.927747,35.887498],[-94.927786,35.887615],[-94.927789,35.887668],[-94.927737,35.887693],[-94.927654,35.887693],[-94.927509,35.887773],[-94.927421,35.887922],[-94.927338,35.888064],[-94.927262,35.888144],[-94.92717,35.888194],[-94.927078,35.888282],[-94.927058,35.888381],[-94.926995,35.888499],[-94.926887,35.888541],[-94.926788,35.888541],[-94.926769,35.888555],[-94.926709,35.888597],[-94.926643,35.88876],[-94.926468,35.889086],[-94.925958,35.889497],[-94.925674,35.889804],[-94.92548,35.890087],[-94.92548,35.890151],[-94.925592,35.890255],[-94.925668,35.890316],[-94.925671,35.890407],[-94.925595,35.890436],[-94.925437,35.890423],[-94.925295,35.890327],[-94.92521,35.890258],[-94.925104,35.890258],[-94.925015,35.89034],[-94.925013,35.890369],[-94.925009,35.890415],[-94.924996,35.890516],[-94.924877,35.890621],[-94.924838,35.890554],[-94.924818,35.890399],[-94.924742,35.890324],[-94.924594,35.890412],[-94.924574,35.890527],[-94.924515,35.890631],[-94.92438,35.890639],[-94.92432,35.890524],[-94.92432,35.890434],[-94.923853,35.89041],[-94.923668,35.890324],[-94.923546,35.890223],[-94.923371,35.890119],[-94.923256,35.890113],[-94.923289,35.890177],[-94.923408,35.890266],[-94.923543,35.89038],[-94.923688,35.890447],[-94.923853,35.890482],[-94.924027,35.890546],[-94.924086,35.890639],[-94.924034,35.890743],[-94.923849,35.890783],[-94.923691,35.890762],[-94.923698,35.890663],[-94.923731,35.890599],[-94.923536,35.890492],[-94.923329,35.890423],[-94.923184,35.890436],[-94.923022,35.890479],[-94.922867,35.890543],[-94.922597,35.890642],[-94.922248,35.890925],[-94.921846,35.891024],[-94.921573,35.891189],[-94.921414,35.891269],[-94.921299,35.891328],[-94.921136,35.891392],[-94.921029,35.891413],[-94.920992,35.8914],[-94.921028,35.891363],[-94.921138,35.891334],[-94.921183,35.891314],[-94.92119,35.891276],[-94.921135,35.891266],[-94.921057,35.891303],[-94.921015,35.891306],[-94.920996,35.891288],[-94.921072,35.891246],[-94.921155,35.891224],[-94.921172,35.891196],[-94.921155,35.891152],[-94.921064,35.891161],[-94.920993,35.891162],[-94.920978,35.891132],[-94.921049,35.891082],[-94.921284,35.891026],[-94.921564,35.890834],[-94.921563,35.890701],[-94.921498,35.890604],[-94.921393,35.890701],[-94.921302,35.890817],[-94.921248,35.890811],[-94.921285,35.890748],[-94.921304,35.890678],[-94.921195,35.890722],[-94.921142,35.890769],[-94.921165,35.890679],[-94.921253,35.890549],[-94.921256,35.890477],[-94.921126,35.890543],[-94.920991,35.890626],[-94.920794,35.890818],[-94.920452,35.89122],[-94.920334,35.891553],[-94.920257,35.891774],[-94.920024,35.891913],[-94.919859,35.892019],[-94.919824,35.892137],[-94.919733,35.892222],[-94.919622,35.892303],[-94.919535,35.892357],[-94.919363,35.89232],[-94.919261,35.892253],[-94.918929,35.892343],[-94.918779,35.892299],[-94.918718,35.892222],[-94.918644,35.892201],[-94.918457,35.892209],[-94.918377,35.892134],[-94.918333,35.892074],[-94.918216,35.892028],[-94.918105,35.892042],[-94.917972,35.892074],[-94.917764,35.891987],[-94.917705,35.891898],[-94.917644,35.891859],[-94.917577,35.891912],[-94.917557,35.891982],[-94.917511,35.892095],[-94.917388,35.892178],[-94.917257,35.892178],[-94.917094,35.89213],[-94.916929,35.892151],[-94.916783,35.892209],[-94.916679,35.892259],[-94.916574,35.892294],[-94.916474,35.892279]]},"properties":{"name":null,"kind":"path","surface":null,"difficulty":null,"access":null,"bicycle":null,"horse":null}},{"type":"Feature","geometry":{"type":"LineString","coordinates":[[-94.921256,35.890477],[-94.921354,35.890355],[-94.921761,35.890281],[-94.922212,35.889967],[-94.922573,35.889874],[-94.92302,35.889615],[-94.923322,35.889608],[-94.923489,35.889685],[-94.92402,35.889824],[-94.924132,35.889831],[-94.924678,35.889615],[-94.924933,35.889423],[-94.925321,35.889114],[-94.925375,35.888891],[-94.925225,35.888798],[-94.924996,35.888763],[-94.924604,35.888656],[-94.924212,35.888688],[-94.923885,35.888652]]},"properties":{"name":null,"kind":"path","surface":null,"difficulty":null,"access":null,"bicycle":null,"horse":null}},{"type":"Feature","geometry":{"type":"LineString","coordinates":[[-94.925827,35.888637],[-94.925526,35.889083],[-94.925103,35.889687],[-94.924484,35.889969],[-94.924262,35.889975],[-94.923924,35.890166],[-94.92365,35.890096],[-94.923348,35.889993],[-94.923,35.889967],[-94.922871,35.890053],[-94.922725,35.890208],[-94.922574,35.890216],[-94.922417,35.8904],[-94.922271,35.890405],[-94.922198,35.890425],[-94.922122,35.890577],[-94.922097,35.890618],[-94.921955,35.890652],[-94.921924,35.890642],[-94.921681,35.890603],[-94.921563,35.890701]]},"properties":{"name":null,"kind":"path","surface":null,"difficulty":null,"access":null,"bicycle":null,"horse":null}},{"type":"Feature","geometry":{"type":"LineString","coordinates":[[-94.927671,35.885974],[-94.927154,35.886016],[-94.927015,35.886047],[-94.927,35.886015],[-94.927085,35.885934],[-94.92741,35.885748],[-94.927484,35.885626],[-94.927425,35.8854],[-94.927352,35.88545],[-94.927302,35.885584],[-94.92721,35.885724],[-94.92693,35.885857],[-94.926676,35.885946],[-94.926426,35.885948],[-94.926331,35.886023],[-94.926406,35.886092],[-94.926763,35.886106],[-94.926893,35.886183],[-94.92701,35.886262],[-94.926955,35.886397],[-94.92696,35.886674],[-94.926805,35.886773],[-94.926164,35.887188],[-94.925999,35.887261],[-94.925897,35.887257],[-94.925987,35.88715],[-94.926301,35.88698],[-94.926463,35.886806],[-94.926533,35.886595],[-94.926518,35.886379],[-94.926159,35.886134],[-94.926071,35.886027],[-94.926186,35.885867],[-94.926458,35.885679],[-94.926613,35.885426],[-94.926591,35.885345],[-94.926508,35.885321],[-94.926396,35.885428],[-94.926276,35.885564],[-94.926106,35.885631],[-94.925964,35.885717],[-94.925864,35.885811],[-94.925827,35.886371],[-94.925747,35.886446]]},"properties":{"name":null,"kind":"path","surface":null,"difficulty":null,"access":null,"bicycle":null,"horse":null}},{"type":"Feature","geometry":{"type":"LineString","coordinates":[[-94.927078,35.888282],[-94.92743,35.88824],[-94.927628,35.888085],[-94.927905,35.888054],[-94.928126,35.888032],[-94.928297,35.887907],[-94.928449,35.887555],[-94.928791,35.887293],[-94.928953,35.887087],[-94.929068,35.886927],[-94.929193,35.886847],[-94.929325,35.886919],[-94.929345,35.887098],[-94.929269,35.887346],[-94.929269,35.887528],[-94.929434,35.887829],[-94.929579,35.888088],[-94.929536,35.888315],[-94.929404,35.888566],[-94.929253,35.888745],[-94.929032,35.888772],[-94.928847,35.88863],[-94.928768,35.888566],[-94.928482,35.888561],[-94.928251,35.888676],[-94.927411,35.888868],[-94.927124,35.888985],[-94.927068,35.889135],[-94.927128,35.889271],[-94.927101,35.889594],[-94.927012,35.889754],[-94.927065,35.889935],[-94.927213,35.890162],[-94.927243,35.890309],[-94.927134,35.89033],[-94.926946,35.890269],[-94.926689,35.890237],[-94.926403,35.890317],[-94.926235,35.890266],[-94.926133,35.890128],[-94.926146,35.889965],[-94.926363,35.889599],[-94.926627,35.889313],[-94.926791,35.889145],[-94.926798,35.888985],[-94.926769,35.888555]]},"properties":{"name":null,"kind":"path","surface":null,"difficulty":null,"access":null,"bicycle":null,"horse":null}},{"type":"Feature","geometry":{"type":"LineString","coordinates":[[-94.919389,35.888074],[-94.919544,35.888067],[-94.919687,35.888094],[-94.919841,35.888251],[-94.920001,35.888362],[-94.920141,35.888332],[-94.920218,35.888191],[-94.920501,35.888032],[-94.920852,35.887981],[-94.920988,35.888032],[-94.921239,35.887964],[-94.921526,35.887956],[-94.921756,35.888005],[-94.921909,35.888067],[-94.921953,35.888156],[-94.921736,35.888278],[-94.921532,35.888324],[-94.921409,35.88831],[-94.921142,35.888381],[-94.920798,35.88877],[-94.920575,35.888894],[-94.920351,35.888994],[-94.920343,35.889173],[-94.920374,35.889248],[-94.920526,35.889218],[-94.920643,35.889132],[-94.920821,35.889152],[-94.920995,35.889162],[-94.92142,35.889023],[-94.92175,35.888966],[-94.922102,35.888875],[-94.922388,35.888786],[-94.922573,35.888775],[-94.922723,35.888888],[-94.922824,35.888941],[-94.922991,35.888938],[-94.923403,35.889111],[-94.923696,35.889218],[-94.924024,35.889194],[-94.924222,35.889114],[-94.924455,35.889068],[-94.924508,35.889194],[-94.924403,35.889342],[-94.924121,35.889492],[-94.923949,35.88953],[-94.923707,35.889391],[-94.923408,35.889344],[-94.923062,35.889358],[-94.922578,35.889578],[-94.922382,35.889706],[-94.922131,35.889742],[-94.921615,35.89009],[-94.921178,35.890288],[-94.920994,35.890443],[-94.920991,35.890626]]},"properties":{"name":null,"kind":"path","surface":null,"difficulty":null,"access":null,"bicycle":null,"horse":null}},{"type":"Feature","geometry":{"type":"LineString","coordinates":[[-94.920794,35.890818],[-94.920513,35.890987],[-94.920276,35.891174],[-94.9202,35.891357],[-94.920257,35.891774]]},"properties":{"name":null,"kind":"path","surface":null,"difficulty":null,"access":null,"bicycle":null,"horse":null}},{"type":"Feature","geometry":{"type":"LineString","coordinates":[[-94.921414,35.891269],[-94.921428,35.891361],[-94.921183,35.891544],[-94.921066,35.891603],[-94.921013,35.891789],[-94.920914,35.892007],[-94.920958,35.892161],[-94.921064,35.892281],[-94.921257,35.892344],[-94.921385,35.892316],[-94.921467,35.892224],[-94.921488,35.892092],[-94.921656,35.891777],[-94.921872,35.891573],[-94.92194,35.891361],[-94.92208,35.891174],[-94.922252,35.891093],[-94.922534,35.891059],[-94.922733,35.891042],[-94.922869,35.891085],[-94.922859,35.891232],[-94.922771,35.891303],[-94.922398,35.891705],[-94.922218,35.891902],[-94.922031,35.89208],[-94.921951,35.892226],[-94.921936,35.892318],[-94.922067,35.892416],[-94.922178,35.892362],[-94.922307,35.892154],[-94.922466,35.892057],[-94.922786,35.891961],[-94.922914,35.891979],[-94.922905,35.892122],[-94.922941,35.892229],[-94.923132,35.892319],[-94.923391,35.892236],[-94.92359,35.892282],[-94.923639,35.892405],[-94.923684,35.892459],[-94.923775,35.892514],[-94.924135,35.892373],[-94.924154,35.892256],[-94.923989,35.89219],[-94.923978,35.892054],[-94.923632,35.891823],[-94.923635,35.891626],[-94.923798,35.891467],[-94.924125,35.891406],[-94.924467,35.891285],[-94.924695,35.891242],[-94.92484,35.891287],[-94.925092,35.891819],[-94.925204,35.891958],[-94.925471,35.891999],[-94.925731,35.892094],[-94.925958,35.892187],[-94.926173,35.892304],[-94.926258,35.892428],[-94.926378,35.89253],[-94.926537,35.892418],[-94.926712,35.892116],[-94.927042,35.891924],[-94.927229,35.891784],[-94.927324,35.891661],[-94.927344,35.891439],[-94.927242,35.891176],[-94.926927,35.891072],[-94.92661,35.891085],[-94.926331,35.891083],[-94.925858,35.890985],[-94.925401,35.890682],[-94.925249,35.89067],[-94.925219,35.890615],[-94.925354,35.89054],[-94.925219,35.890425],[-94.925099,35.890397],[-94.925013,35.890369]]},"properties":{"name":null,"kind":"path","surface":null,"difficulty":null,"access":null,"bicycle":null,"horse":null}},{"type":"Feature","geometry":{"type":"LineString","coordinates":[[-94.921045,35.886047],[-94.921529,35.886048],[-94.921716,35.886118],[-94.921799,35.88621],[-94.921956,35.88621],[-94.92205,35.886223],[-94.922116,35.886372],[-94.922306,35.886421],[-94.92252,35.886391],[-94.922633,35.886337],[-94.92272,35.886396],[-94.922847,35.886386],[-94.92297,35.88635],[-94.923137,35.88641],[-94.923291,35.88655],[-94.923344,35.886751],[-94.923321,35.88697],[-94.923041,35.887053],[-94.922924,35.886929],[-94.92273,35.886907],[-94.922553,35.886951],[-94.922313,35.886907],[-94.92212,35.886932],[-94.921946,35.886999],[-94.921889,35.887129],[-94.921849,35.887245],[-94.921589,35.887334],[-94.921315,35.887299],[-94.920828,35.887459],[-94.920675,35.887467],[-94.920448,35.887426],[-94.920248,35.887602],[-94.920037,35.887821],[-94.919907,35.88791],[-94.919667,35.887902],[-94.919346,35.887964]]},"properties":{"name":null,"kind":"path","surface":null,"difficulty":null,"access":null,"bicycle":null,"horse":null}},{"type":"Feature","geometry":{"type":"LineString","coordinates":[[-95.229956,35.803382],[-95.229964,35.803811]]},"properties":{"name":null,"kind":"path","surface":null,"difficulty":null,"access":null,"bicycle":"no","horse":null}},{"type":"Feature","geometry":{"type":"LineString","coordinates":[[-95.228234,35.803302],[-95.228236,35.804077]]},"properties":{"name":null,"kind":"path","surface":null,"difficulty":null,"access":null,"bicycle":"no","horse":null}},{"type":"Feature","geometry":{"type":"LineString","coordinates":[[-95.227904,35.80249],[-95.227911,35.802945]]},"properties":{"name":null,"kind":"path","surface":null,"difficulty":null,"access":null,"bicycle":"no","horse":null}},{"type":"Feature","geometry":{"type":"LineString","coordinates":[[-95.235461,35.789732],[-95.23544,35.789767],[-95.23543,35.789793],[-95.235437,35.789822],[-95.235456,35.789845],[-95.235482,35.789861],[-95.235599,35.789907],[-95.235651,35.789934],[-95.235702,35.789975],[-95.235752,35.790033],[-95.23586,35.790176],[-95.235882,35.790215],[-95.235892,35.79027],[-95.235892,35.790328],[-95.235879,35.790391],[-95.23577,35.790925],[-95.235768,35.790977],[-95.235781,35.791018],[-95.235808,35.791066],[-95.235862,35.791139],[-95.23596,35.791233],[-95.236014,35.79128],[-95.23604,35.791314],[-95.236045,35.791352],[-95.236048,35.792369],[-95.23605,35.792433],[-95.236063,35.792467],[-95.236092,35.792503],[-95.236126,35.792545],[-95.236151,35.792595],[-95.23615,35.79265],[-95.236172,35.793443],[-95.236212,35.794689],[-95.236229,35.79474],[-95.236253,35.794764],[-95.236285,35.794777],[-95.236333,35.794788],[-95.236405,35.794787],[-95.238123,35.794797]]},"properties":{"name":null,"kind":"footway","surface":"paved","difficulty":null,"access":null,"bicycle":null,"horse":null}},{"type":"Feature","geometry":{"type":"LineString","coordinates":[[-95.238123,35.794797],[-95.238128,35.794225],[-95.238131,35.793875]]},"properties":{"name":null,"kind":"footway","surface":null,"difficulty":null,"access":null,"bicycle":null,"horse":null}},{"type":"Feature","geometry":{"type":"LineString","coordinates":[[-95.235461,35.789732],[-95.23548,35.789676],[-95.235499,35.789631],[-95.235482,35.789316],[-95.235456,35.789146],[-95.235452,35.789121]]},"properties":{"name":null,"kind":"footway","surface":null,"difficulty":null,"access":null,"bicycle":null,"horse":null}},{"type":"Feature","geometry":{"type":"LineString","coordinates":[[-95.235452,35.789121],[-95.23542,35.789021],[-95.235366,35.788913],[-95.235302,35.788833],[-95.23518,35.788734],[-95.235058,35.788664],[-95.234949,35.788616],[-95.234956,35.788539]]},"properties":{"name":null,"kind":"footway","surface":null,"difficulty":null,"access":null,"bicycle":null,"horse":null}},{"type":"Feature","geometry":{"type":"LineString","coordinates":[[-95.234956,35.788539],[-95.234525,35.788366],[-95.23448,35.788354],[-95.233988,35.788354],[-95.233965,35.788348],[-95.233956,35.788322],[-95.233967,35.787878],[-95.233976,35.787859],[-95.234005,35.787846],[-95.235456,35.787848],[-95.235488,35.787859]]},"properties":{"name":null,"kind":"footway","surface":null,"difficulty":null,"access":null,"bicycle":null,"horse":null}},{"type":"Feature","geometry":{"type":"LineString","coordinates":[[-95.235488,35.787859],[-95.235588,35.787833],[-95.235657,35.787819],[-95.235713,35.787798],[-95.23601,35.787783]]},"properties":{"name":null,"kind":"footway","surface":null,"difficulty":null,"access":null,"bicycle":null,"horse":null}},{"type":"Feature","geometry":{"type":"LineString","coordinates":[[-95.235488,35.787859],[-95.235484,35.788215],[-95.235495,35.788299],[-95.235497,35.788352],[-95.235476,35.788434],[-95.235452,35.788492],[-95.235435,35.788521],[-95.235373,35.788526],[-95.235257,35.788546],[-95.235169,35.78857],[-95.235127,35.788579],[-95.235063,35.788574],[-95.234956,35.788539]]},"properties":{"name":null,"kind":"footway","surface":null,"difficulty":null,"access":null,"bicycle":null,"horse":null}},{"type":"Feature","geometry":{"type":"LineString","coordinates":[[-95.235435,35.788521],[-95.235597,35.78851]]},"properties":{"name":null,"kind":"footway","surface":null,"difficulty":null,"access":null,"bicycle":null,"horse":null}},{"type":"Feature","geometry":{"type":"LineString","coordinates":[[-94.96955,35.911042],[-94.969648,35.91104]]},"properties":{"name":null,"kind":"path","surface":null,"difficulty":null,"access":null,"bicycle":null,"horse":null}},{"type":"Feature","geometry":{"type":"LineString","coordinates":[[-94.9723,35.91968],[-94.972315,35.919454],[-94.972188,35.919221],[-94.971911,35.91877],[-94.97104,35.918702],[-94.971044,35.918581],[-94.970931,35.91845],[-94.970519,35.918433],[-94.970461,35.918433],[-94.970381,35.918431],[-94.970369,35.91828],[-94.97029,35.918108],[-94.970062,35.918025],[-94.969243,35.918149],[-94.969202,35.918208],[-94.969083,35.918353],[-94.969267,35.918425],[-94.969087,35.918538],[-94.969011,35.918723]]},"properties":{"name":"Tahlequah History Trail","kind":"path","surface":null,"difficulty":null,"access":null,"bicycle":null,"horse":null}},{"type":"Feature","geometry":{"type":"LineString","coordinates":[[-94.968943,35.917301],[-94.968978,35.917322]]},"properties":{"name":null,"kind":"path","surface":null,"difficulty":null,"access":null,"bicycle":null,"horse":null}},{"type":"Feature","geometry":{"type":"LineString","coordinates":[[-94.971289,35.910849],[-94.971261,35.910914],[-94.971221,35.911007],[-94.971206,35.911096],[-94.971123,35.911163],[-94.971071,35.911292],[-94.971,35.911426],[-94.970987,35.911454],[-94.970964,35.911503],[-94.970873,35.911744],[-94.970708,35.911857],[-94.970675,35.911913],[-94.970647,35.911978],[-94.970613,35.912056]]},"properties":{"name":null,"kind":"path","surface":null,"difficulty":null,"access":null,"bicycle":null,"horse":null}},{"type":"Feature","geometry":{"type":"LineString","coordinates":[[-94.967184,35.920738],[-94.967113,35.920709],[-94.966828,35.920696],[-94.966772,35.920711],[-94.966671,35.920738]]},"properties":{"name":null,"kind":"path","surface":null,"difficulty":null,"access":null,"bicycle":null,"horse":null}}]}